{
	"format_version": "1.8.0",
	"animations": {
		"animation.qwilprism.water_idle": {
			"loop": true,
			"animation_length": 4,
			"bones": {
				"tail": {
					"rotation": {
						"0.0": [-15, 10, 0],
						"1.0": [-15, 0, 0],
						"2.0": [-15, -10, 0],
						"3.0": [-15, 0, 0],
						"4.0": [-15, 10, 0]
					}
				},
				"torso": {
					"position": [0, 0, 0]
				},
				"head": {
					"position": {
						"0.0": [0, 0, 0],
						"2.0": [0, 0.5, 0],
						"4.0": [0, 0, 0]
					}
				},
				"lowertail": {
					"rotation": {
						"0.0": [0, 20, 0],
						"2.0": [0, -20, 0],
						"4.0": [0, 20, 0]
					}
				},
				"tailfin": {
					"rotation": {
						"0.0": [0, 30, 0],
						"2.0": [0, -30, 0],
						"4.0": [0, 30, 0]
					},
					"position": [0, 0, 0]
				},
				"elderqwil": {
					"position": [0, 0, 0]
				}
			}
		},
		"animation.qwilprism.water_swim": {
			"loop": true,
			"animation_length": 1,
			"bones": {
				"tail": {
					"rotation": {
						"0.0": [0, -20, 0],
						"0.5": [0, 20, 0],
						"1.0": [0, -20, 0]
					}
				},
				"head": {
					"rotation": {
						"0.0": [0, 5, 0],
						"0.5": [0, -5, 0],
						"1.0": [0, 5, 0]
					}
				},
				"lowertail": {
					"rotation": {
						"0.0": [0, -25, 0],
						"0.5": [0, 25, 0],
						"1.0": [0, -25, 0]
					}
				},
				"tailfin": {
					"rotation": {
						"0.0": [0, -25, 0],
						"0.5": [0, 25, 0],
						"1.0": [0, -25, 0]
					}
				}
			}
		},
		"animation.qwilprism.ground_idle": {
			"loop": true,
			"animation_length": 2.5,
			"bones": {
				"tail": {
					"rotation": {
						"0.0": [-20, 0, 0],
						"1.0": [-20, -20, 0],
						"2.0": [-20, 0, 0],
						"2.5": [-20, 0, 0]
					}
				},
				"lowertail": {
					"rotation": {
						"0.0": [20, 0, 0],
						"1.0": [23.55012, 32.27745, 12.84378],
						"2.0": [21.17283, -18.74724, -7.09597],
						"2.5": [20, 0, 0]
					}
				},
				"tailfin": {
					"rotation": {
						"0.0": [0, 0, -45],
						"1.0": [0, 0, -50],
						"2.0": [0, 0, -40],
						"2.5": [0, 0, -45]
					}
				}
			}
		},
		"animation.qwilprism.ground_walk": {
			"loop": true,
			"animation_length": 0.66667,
			"bones": {
				"tail": {
					"rotation": {
						"0.0": [5, 0, 0],
						"0.1667": [-5, 0, 0],
						"0.3333": [10, 0, 0],
						"0.5": [20, 0, 0],
						"0.6667": [5, 0, 0]
					}
				},
				"head": {
					"rotation": {
						"0.0": [5, 0, 0],
						"0.1667": [-5, 0, 0],
						"0.3333": [2.5, 0, 0],
						"0.5": [10, 0, 0],
						"0.6667": [5, 0, 0]
					},
					"position": {
						"0.0": [0, 0, 0],
						"0.1667": [0, 2, 0],
						"0.6667": [0, 0, 0]
					}
				},
				"lowertail": {
					"rotation": {
						"0.0": [5, 0, 0],
						"0.1667": [12.5, 0, 0],
						"0.3333": [-7.5, 0, 0],
						"0.5": [0, 0, 0],
						"0.6667": [5, 0, 0]
					}
				},
				"tailfin": {
					"rotation": {
						"0.0": [5, 0, 0],
						"0.1667": [15, 0, 0],
						"0.3333": [-15, 0, 0],
						"0.6667": [5, 0, 0]
					}
				}
			}
		},
		"animation.qwilprism.faint": {
			"animation_length": 3.5,
			"bones": {
				"tail": {
					"rotation": {
						"0.0": [0, 0, 0],
						"0.0833": [-15, 0, 0],
						"0.25": [-35, 0, 0],
						"0.4167": [40, 0, 0],
						"0.5": [30, 0, 0],
						"3.5": [30, 0, 0]
					}
				},
				"head": {
					"rotation": {
						"0.0": [0, 0, 0],
						"0.0833": [0, 0, -20],
						"0.1667": [0, 0, -100],
						"0.25": [0, 0, -160],
						"0.3333": [0, 0, -180]
					},
					"position": {
						"0.0": [0, 0, 0],
						"0.0833": [0, 3, 0],
						"0.25": [0, 2, 0],
						"0.3333": [0, -0.5, 0],
						"0.4167": [0, 1, 0],
						"0.5": [0, 0, 0],
						"3.5": [0, 0, 0]
					}
				},
				"lowertail": {
					"rotation": {
						"0.0": [0, 0, 0],
						"0.0833": [-15, 0, 0],
						"0.25": [-20, 0, 0],
						"0.4167": [-12.5, 0, 0],
						"0.5": [-17.5, 0, 0],
						"3.5": [-17.5, 0, 0]
					}
				},
				"tailfin": {
					"rotation": {
						"0.0": [0, 0, 0],
						"0.0833": [-25, 0, 0],
						"0.25": [-35, 0, 0],
						"0.4167": [-15.02126, -13.35981, -40.73074],
						"0.5": [-14.60927, -1.27216, -43.9473],
						"3.5": [-14.60927, -1.27216, -43.9473]
					}
				},
				"eyelid": {
					"position": {
						"0.0": [0, 0, 0],
						"0.3333": [0, 0, -1]
					}
				}
			}
		},
		"animation.qwilprism.sleep": {
			"loop": true,
			"animation_length": 1,
			"bones": {
				"tail": {
					"rotation": {
						"0.0": [-20, 30, 0],
						"1.0": [-20, 30, 0]
					}
				},
				"head": {
					"rotation": {
						"0.0": [0, -10, 0],
						"1.0": [0, -10, 0]
					}
				},
				"lowertail": {
					"rotation": {
						"0.0": [25, 35, 12],
						"1.0": [25, 35, 12]
					}
				},
				"tailfin": {
					"rotation": {
						"0.0": [30, 28, 50],
						"1.0": [30, 28, 50]
					}
				},
				"eyelid": {
					"position": {
						"0.0": [0, 0, -1],
						"1.0": [0, 0, -1]
					}
				}
			}
		},
		"animation.elderqwil.water_idle": {
			"loop": true,
			"animation_length": 4,
			"bones": {
				"tail": {
					"rotation": {
						"0.0": [-15, 10, 0],
						"1.0": [-15, 0, 0],
						"2.0": [-15, -10, 0],
						"3.0": [-15, 0, 0],
						"4.0": [-15, 10, 0]
					}
				},
				"torso": {
					"position": [0, 0, 0]
				},
				"head": {
					"position": {
						"0.0": [0, 0, 0],
						"2.0": [0, 0.5, 0],
						"4.0": [0, 0, 0]
					}
				},
				"lowertail": {
					"rotation": {
						"0.0": [0, 20, 0],
						"2.0": [0, -20, 0],
						"4.0": [0, 20, 0]
					}
				},
				"tailfin": {
					"rotation": {
						"0.0": [0, 30, 0],
						"2.0": [0, -30, 0],
						"4.0": [0, 30, 0]
					},
					"position": [0, 0, 0]
				},
				"elderqwil": {
					"position": [0, 0, 0]
				}
			}
		},
		"animation.elderqwil.water_swim": {
			"loop": true,
			"animation_length": 1,
			"bones": {
				"tail": {
					"rotation": {
						"0.0": [0, -20, 0],
						"0.5": [0, 20, 0],
						"1.0": [0, -20, 0]
					}
				},
				"head": {
					"rotation": {
						"0.0": [0, 5, 0],
						"0.5": [0, -5, 0],
						"1.0": [0, 5, 0]
					}
				},
				"lowertail": {
					"rotation": {
						"0.0": [0, -25, 0],
						"0.5": [0, 25, 0],
						"1.0": [0, -25, 0]
					}
				},
				"tailfin": {
					"rotation": {
						"0.0": [0, -25, 0],
						"0.5": [0, 25, 0],
						"1.0": [0, -25, 0]
					}
				}
			}
		},
		"animation.elderqwil.ground_idle": {
			"loop": true,
			"animation_length": 2.5,
			"bones": {
				"tail": {
					"rotation": {
						"0.0": [-20, 0, 0],
						"1.0": [-20, -20, 0],
						"2.0": [-20, 0, 0],
						"2.5": [-20, 0, 0]
					}
				},
				"lowertail": {
					"rotation": {
						"0.0": [20, 0, 0],
						"1.0": [23.55012, 32.27745, 12.84378],
						"2.0": [21.17283, -18.74724, -7.09597],
						"2.5": [20, 0, 0]
					}
				},
				"tailfin": {
					"rotation": {
						"0.0": [0, 0, -45],
						"1.0": [0, 0, -50],
						"2.0": [0, 0, -40],
						"2.5": [0, 0, -45]
					}
				}
			}
		},
		"animation.elderqwil.ground_walk": {
			"loop": true,
			"animation_length": 0.66667,
			"bones": {
				"tail": {
					"rotation": {
						"0.0": [5, 0, 0],
						"0.1667": [-5, 0, 0],
						"0.3333": [10, 0, 0],
						"0.5": [20, 0, 0],
						"0.6667": [5, 0, 0]
					}
				},
				"head": {
					"rotation": {
						"0.0": [5, 0, 0],
						"0.1667": [-5, 0, 0],
						"0.3333": [2.5, 0, 0],
						"0.5": [10, 0, 0],
						"0.6667": [5, 0, 0]
					},
					"position": {
						"0.0": [0, 0, 0],
						"0.1667": [0, 2, 0],
						"0.6667": [0, 0, 0]
					}
				},
				"lowertail": {
					"rotation": {
						"0.0": [5, 0, 0],
						"0.1667": [12.5, 0, 0],
						"0.3333": [-7.5, 0, 0],
						"0.5": [0, 0, 0],
						"0.6667": [5, 0, 0]
					}
				},
				"tailfin": {
					"rotation": {
						"0.0": [5, 0, 0],
						"0.1667": [15, 0, 0],
						"0.3333": [-15, 0, 0],
						"0.6667": [5, 0, 0]
					}
				}
			}
		},
		"animation.elderqwil.faint": {
			"animation_length": 3.5,
			"bones": {
				"tail": {
					"rotation": {
						"0.0": [0, 0, 0],
						"0.0833": [-15, 0, 0],
						"0.25": [-35, 0, 0],
						"0.4167": [40, 0, 0],
						"0.5": [30, 0, 0],
						"3.5": [30, 0, 0]
					}
				},
				"head": {
					"rotation": {
						"0.0": [0, 0, 0],
						"0.0833": [0, 0, -20],
						"0.1667": [0, 0, -100],
						"0.25": [0, 0, -160],
						"0.3333": [0, 0, -180]
					},
					"position": {
						"0.0": [0, 0, 0],
						"0.0833": [0, 3, 0],
						"0.25": [0, 2, 0],
						"0.3333": [0, -0.5, 0],
						"0.4167": [0, 1, 0],
						"0.5": [0, 0, 0],
						"3.5": [0, 0, 0]
					}
				},
				"lowertail": {
					"rotation": {
						"0.0": [0, 0, 0],
						"0.0833": [-15, 0, 0],
						"0.25": [-20, 0, 0],
						"0.4167": [-12.5, 0, 0],
						"0.5": [-17.5, 0, 0],
						"3.5": [-17.5, 0, 0]
					}
				},
				"tailfin": {
					"rotation": {
						"0.0": [0, 0, 0],
						"0.0833": [-25, 0, 0],
						"0.25": [-35, 0, 0],
						"0.4167": [-15.02126, -13.35981, -40.73074],
						"0.5": [-14.60927, -1.27216, -43.9473],
						"3.5": [-14.60927, -1.27216, -43.9473]
					}
				},
				"eyelid": {
					"position": {
						"0.0": [0, 0, 0],
						"0.3333": [0, 0, -1]
					}
				}
			}
		},
		"animation.elderqwil.sleep": {
			"loop": true,
			"animation_length": 1,
			"bones": {
				"tail": {
					"rotation": {
						"0.0": [-20, 30, 0],
						"1.0": [-20, 30, 0]
					}
				},
				"head": {
					"rotation": {
						"0.0": [0, -10, 0],
						"1.0": [0, -10, 0]
					}
				},
				"lowertail": {
					"rotation": {
						"0.0": [25, 35, 12],
						"1.0": [25, 35, 12]
					}
				},
				"tailfin": {
					"rotation": {
						"0.0": [30, 28, 50],
						"1.0": [30, 28, 50]
					}
				},
				"eyelid": {
					"position": {
						"0.0": [0, 0, -1],
						"1.0": [0, 0, -1]
					}
				}
			}
		}
	}
}