{
	"format_version": "1.8.0",
	"animations": {
		"animation.monsavril.ground_idle": {
			"loop": true,
			"animation_length": 4,
			"bones": {
				"head": {
					"rotation": {
						"0.0": [0, 0, 0],
						"2.0": [0, 0, -25],
						"4.0": [0, 0, 0]
					},
					"position": {
						"0.0": [0, 0, 0],
						"2.0": [0, -3, -5],
						"4.0": [0, 0, 0]
					}
				},
				"neck": {
					"rotation": {
						"0.0": [0, 0, 0],
						"2.0": [12.5, 0, 0],
						"4.0": [0, 0, 0]
					}
				},
				"tail": {
					"rotation": {
						"0.0": [0, 0, 0],
						"2.0": [-22.5, 0, 0],
						"4.0": [0, 0, 0]
					}
				}
			}
		},
		"animation.monsavril.ground_walk": {
			"loop": true,
			"animation_length": 0.96,
			"bones": {
				"head": {
					"rotation": {
						"0.0": [0, 0, 5],
						"0.48": [0, 0, -5],
						"0.96": [0, 0, 5]
					},
					"position": {
						"0.0": [0, -4, -4],
						"0.96": [0, -4, -4]
					}
				},
				"neck": {
					"rotation": {
						"0.0": [15, 0, 0],
						"0.96": [15, 0, 0]
					}
				},
				"leg": {
					"rotation": {
						"0.0": [-11.52421, 42.85882, -28.8368],
						"0.48": [0, -22.5, 0],
						"0.96": [-11.52421, 42.85882, -28.8368]
					}
				},
				"leg2": {
					"rotation": {
						"0.0": [0, 22.5, 0],
						"0.48": [-11.52421, -42.85882, 28.8368],
						"0.96": [0, 22.5, 0]
					}
				},
				"leg3": {
					"rotation": {
						"0.0": [0, -45, 0],
						"0.48": [-9.00717, 20.70481, -24.14867],
						"0.96": [0, -45, 0]
					}
				},
				"leg4": {
					"rotation": {
						"0.0": [-9.00717, -20.70481, 24.14867],
						"0.48": [0, 45, 0],
						"0.96": [-9.00717, -20.70481, 24.14867]
					}
				},
				"tail": {
					"rotation": {
						"0.0": [2.46207, 0.43399, -9.99067],
						"0.48": [2.46207, -0.43399, 9.99067],
						"0.96": [2.46207, 0.43399, -9.99067]
					}
				}
			}
		}
	}
}