{
	"format_version": "1.8.0",
	"animations": {
		"animation.solaril.ground_idle": {
			"loop": true,
			"animation_length": 2.88,
			"bones": {
				"head": {
					"rotation": {
						"0.0": [0, 0, 0],
						"1.2": [5, 0, 0],
						"2.88": [0, 0, 0]
					},
					"position": {
						"0.0": [0, 0, 0],
						"1.2": [0, 0, -0.5],
						"2.88": [0, 0, 0]
					}
				},
				"bone": {
					"rotation": {
						"0.0": [0, 0, 0],
						"1.2": [2.5, 0, 0],
						"2.88": [0, 0, 0]
					}
				},
				"tail": {
					"rotation": {
						"0.0": [0, 0, 0],
						"1.2": [47.5, 0, 0],
						"2.88": [0, 0, 0]
					}
				}
			}
		},
		"animation.solaril.ground_walk": {
			"loop": true,
			"animation_length": 0.6,
			"bones": {
				"head": {
					"rotation": {
						"0.0": [0, 0, -7.5],
						"0.32": [0, 0, 7.5],
						"0.6": [0, 0, -7.5]
					},
					"position": {
						"0.0": [0, -2, -5],
						"0.6": [0, -2, -5]
					}
				},
				"bone": {
					"rotation": {
						"0.0": [15, 0, 0],
						"0.6": [15, 0, 0]
					}
				},
				"leg": {
					"rotation": {
						"0.0": [22.5, 0, 0],
						"0.32": [0, 0, 0],
						"0.6": [22.5, 0, 0]
					}
				},
				"leg2": {
					"rotation": {
						"0.0": [0, 0, 0],
						"0.32": [22.5, 0, 0],
						"0.6": [0, 0, 0]
					}
				},
				"leg3": {
					"rotation": {
						"0.0": [0, 0, 0],
						"0.32": [-22.5, 0, 0],
						"0.6": [0, 0, 0]
					}
				},
				"leg4": {
					"rotation": {
						"0.0": [-22.5, 0, 0],
						"0.32": [0, 0, 0],
						"0.6": [-22.5, 0, 0]
					}
				},
				"tail": {
					"rotation": {
						"0.0": [30, 0, 0],
						"0.32": [52.5, 0, 0],
						"0.6": [30, 0, 0]
					}
				}
			}
		}
	}
}