{
	"format_version": "1.12.0",
	"minecraft:geometry": [
		{
			"description": {
				"identifier": "geometry.tyrunt",
				"texture_width": 128,
				"texture_height": 64,
				"visible_bounds_width": 4,
				"visible_bounds_height": 3.5,
				"visible_bounds_offset": [0, 1.25, 0]
			},
			"bones": [
				{
					"name": "zinoblade",
					"pivot": [0, 0, 0]
				},
				{
					"name": "body",
					"parent": "zinoblade",
					"pivot": [0, 0, 0]
				},
				{
					"name": "torso",
					"parent": "body",
					"pivot": [0, 13, 1],
					"cubes": [
						{"origin": [-5, 8, -4], "size": [10, 11, 10], "uv": [0, 0]}
					]
				},
				{
					"name": "arm_right",
					"parent": "torso",
					"pivot": [-3.5, 11, -3.5],
					"rotation": [40, 45, 0],
					"cubes": [
						{"origin": [-4.5, 10, -10], "size": [2, 2, 7], "uv": [72, 32]},
						{"origin": [-2.5, 10, -14], "size": [0, 2, 4], "uv": [76, 37]},
						{"origin": [-3.5, 10, -14], "size": [0, 2, 4], "uv": [76, 37]},
						{"origin": [-4.5, 10, -14], "size": [0, 2, 4], "uv": [76, 37]}
					]
				},
				{
					"name": "arm_left",
					"parent": "torso",
					"pivot": [3.5, 11, -3.5],
					"rotation": [40, -45, 0],
					"cubes": [
						{"origin": [2.5, 10, -10], "size": [2, 2, 7], "uv": [72, 32]},
						{"origin": [3.5, 10, -14], "size": [0, 2, 4], "uv": [76, 37]},
						{"origin": [4.5, 10, -14], "size": [0, 2, 4], "uv": [76, 37]},
						{"origin": [2.5, 10, -14], "size": [0, 2, 4], "uv": [76, 37]}
					]
				},
				{
					"name": "collar",
					"parent": "torso",
					"pivot": [0, 10, 0],
					"rotation": [-35, 0, 0],
					"cubes": [
						{"origin": [-4, 8, -8], "size": [8, 10, 4], "pivot": [0, 10, 0], "rotation": [15, 0, 0], "uv": [83, 24]}
					]
				},
				{
					"name": "neck",
					"parent": "torso",
					"pivot": [0, 9, -4],
					"rotation": [-45, 0, 0],
					"cubes": [
						{"origin": [-2, 9, -19], "size": [4, 5, 15], "uv": [27, 6]}
					]
				},
				{
					"name": "head",
					"parent": "neck",
					"pivot": [0, 9.11612, -22.53033],
					"cubes": [
						{"origin": [-3, 7, -23], "size": [6, 5, 6], "pivot": [0, 10, -22], "rotation": [45, 0, 0], "uv": [0, 28]},
						{"origin": [0, 12, -23], "size": [0, 3, 7], "pivot": [0, 10, -22], "rotation": [45, 0, 0], "uv": [23, 20]},
						{"origin": [-2, 8, -29], "size": [4, 4, 6], "pivot": [0, 10, -22], "rotation": [45, 0, 0], "uv": [69, 44]}
					]
				},
				{
					"name": "eyes",
					"parent": "head",
					"pivot": [-0.5, 25.5, -16],
					"rotation": [47.5, 0, 0]
				},
				{
					"name": "eye_right",
					"parent": "eyes",
					"pivot": [-5.52, 20.70077, -34.61563],
					"cubes": [
						{"origin": [-3, 18.20077, -32.11563], "size": [0, 3, 4], "uv": [26, 31]}
					]
				},
				{
					"name": "eyelid_right",
					"parent": "eye_right",
					"pivot": [-3.4, 20.20077, -30.11563],
					"cubes": [
						{"origin": [-2.9, 18.20077, -32.11563], "size": [1, 3, 4], "inflate": 0.025, "uv": [83, 42]}
					]
				},
				{
					"name": "eye_left",
					"parent": "eyes",
					"pivot": [3.52, 20.70077, -29.61563],
					"cubes": [
						{"origin": [3.01, 18.20077, -32.11563], "size": [0, 3, 4], "uv": [26, 28]}
					]
				},
				{
					"name": "eyelid_left",
					"parent": "eye_left",
					"pivot": [2.47, 20.20077, -30.11563],
					"cubes": [
						{"origin": [1.97, 18.20077, -32.11563], "size": [1, 3, 4], "inflate": 0.025, "uv": [83, 42]}
					]
				},
				{
					"name": "jaw",
					"parent": "head",
					"pivot": [0, 11, -2],
					"cubes": [
						{"origin": [-2, 7, -28], "size": [4, 1, 5], "pivot": [0, 10, -22], "rotation": [45, 0, 0], "uv": [72, 16]}
					]
				},
				{
					"name": "tail",
					"parent": "torso",
					"pivot": [0, 14, 6],
					"rotation": [15, 0, 0],
					"cubes": [
						{"origin": [-4, 10, 4], "size": [8, 8, 6], "inflate": 0.02, "uv": [0, 40]}
					]
				},
				{
					"name": "tail2",
					"parent": "tail",
					"pivot": [0, 15, 10],
					"cubes": [
						{"origin": [-3, 12, 9], "size": [6, 6, 5], "inflate": 0.01, "uv": [36, 28]}
					]
				},
				{
					"name": "tail3",
					"parent": "tail2",
					"pivot": [0, 16.5, 14],
					"cubes": [
						{"origin": [-1.5, 15, 13], "size": [3, 3, 5], "uv": [31, 39]},
						{"origin": [-0.5, 15, 14], "size": [0, 5, 6], "uv": [44, 44]}
					]
				},
				{
					"name": "leg_right",
					"parent": "body",
					"pivot": [-5, 12.7, 0.5],
					"rotation": [-10, 10, 0],
					"cubes": [
						{"origin": [-8, 8.2, -2], "size": [5, 9, 8], "uv": [24, 47]}
					]
				},
				{
					"name": "leg_right2",
					"parent": "leg_right",
					"pivot": [-5, 8.3, 0.5],
					"rotation": [-12.5, 0, 0],
					"cubes": [
						{"origin": [-7, 6.8, -1], "size": [3, 3, 8], "uv": [50, 31]}
					]
				},
				{
					"name": "leg_right3",
					"parent": "leg_right2",
					"pivot": [-5.5, 9.8, 7],
					"rotation": [5, 0, 0],
					"cubes": [
						{"origin": [-7, 2.8, 4], "size": [3, 7, 3], "inflate": 0.01, "uv": [0, 54]}
					]
				},
				{
					"name": "foot_right",
					"parent": "leg_right3",
					"pivot": [-5.5, 3.8, 5.5],
					"rotation": [17, 0, 0],
					"cubes": [
						{"origin": [-7.5, 1.8, 4], "size": [4, 2, 3], "uv": [48, 0]}
					]
				},
				{
					"name": "digit_right",
					"parent": "foot_right",
					"pivot": [-3.5, 2.3, 6],
					"rotation": [0, 20, 0],
					"cubes": [
						{"origin": [-4.5, 1.8, 5.5], "size": [2, 1, 1], "inflate": -0.01, "uv": [30, 0]}
					]
				},
				{
					"name": "toes_right",
					"parent": "foot_right",
					"pivot": [-5.5, 1.8, 4],
					"cubes": [
						{"origin": [-7.5, 1.8, 3], "size": [4, 2, 1], "inflate": 0.01, "uv": [6, 21]}
					]
				},
				{
					"name": "toe_middle_right",
					"parent": "toes_right",
					"pivot": [-5.5, 2.8, 3],
					"cubes": [
						{"origin": [-6.5, 1.8, 0], "size": [2, 2, 3], "inflate": 0.02, "uv": [66, 10]},
						{"origin": [-5.5, 1.8, -3], "size": [0, 2, 3], "uv": [0, 39]}
					]
				},
				{
					"name": "toe_outer_right",
					"parent": "toes_right",
					"pivot": [-5.5, 2.8, 3],
					"rotation": [0, 35, 0]
				},
				{
					"name": "toe_outer_right_rotation",
					"parent": "toe_outer_right",
					"pivot": [-6.5, 2.8, 3],
					"cubes": [
						{"origin": [-7.5, 1.8, 0], "size": [2, 2, 3], "uv": [56, 10]},
						{"origin": [-6.5, 1.8, -3], "size": [0, 2, 3], "uv": [0, 41]}
					]
				},
				{
					"name": "toe_inner_right",
					"parent": "toes_right",
					"pivot": [-5.5, 2.8, 3],
					"rotation": [0, -35, 0]
				},
				{
					"name": "toe_inner_right_rotation",
					"parent": "toe_inner_right",
					"pivot": [-4.5, 2.8, 3],
					"cubes": [
						{"origin": [-5.5, 1.8, 0], "size": [2, 2, 3], "uv": [76, 10]},
						{"origin": [-4.5, 1.8, -3], "size": [0, 2, 3], "uv": [0, 37]}
					]
				},
				{
					"name": "leg_left",
					"parent": "body",
					"pivot": [5, 12.7, 0.5],
					"rotation": [-10, -10, 0],
					"cubes": [
						{"origin": [3, 8.2, -2], "size": [5, 9, 8], "uv": [50, 47]}
					]
				},
				{
					"name": "leg_left2",
					"parent": "leg_left",
					"pivot": [5, 8.3, 0.5],
					"rotation": [-12.5, 0, 0],
					"cubes": [
						{"origin": [4, 6.8, -1], "size": [3, 3, 8], "uv": [58, 20]}
					]
				},
				{
					"name": "leg_left3",
					"parent": "leg_left2",
					"pivot": [5.5, 9.8, 7],
					"rotation": [5, 0, 0],
					"cubes": [
						{"origin": [4, 2.8, 4], "size": [3, 7, 3], "inflate": 0.01, "uv": [12, 54]}
					]
				},
				{
					"name": "foot_left",
					"parent": "leg_left3",
					"pivot": [5.5, 3.8, 5.5],
					"rotation": [17, 0, 0],
					"cubes": [
						{"origin": [3.5, 1.8, 4], "size": [4, 2, 3], "uv": [62, 0]}
					]
				},
				{
					"name": "digit_left",
					"parent": "foot_left",
					"pivot": [3.5, 2.3, 6],
					"rotation": [0, -20, 0],
					"cubes": [
						{"origin": [2.5, 1.8, 5.5], "size": [2, 1, 1], "inflate": -0.01, "uv": [30, 2]}
					]
				},
				{
					"name": "toes_left",
					"parent": "foot_left",
					"pivot": [5.5, 1.8, 4],
					"cubes": [
						{"origin": [3.5, 1.8, 3], "size": [4, 2, 1], "inflate": 0.01, "uv": [6, 24]}
					]
				},
				{
					"name": "toe_middle_left",
					"parent": "toes_left",
					"pivot": [5.5, 2.8, 3],
					"cubes": [
						{"origin": [4.5, 1.8, 0], "size": [2, 2, 3], "inflate": 0.02, "uv": [66, 5]},
						{"origin": [5.5, 1.8, -3], "size": [0, 2, 3], "uv": [22, 39]}
					]
				},
				{
					"name": "toe_outer_left",
					"parent": "toes_left",
					"pivot": [5.5, 2.8, 3],
					"rotation": [0, -35, 0]
				},
				{
					"name": "toe_outer_left_rotation",
					"parent": "toe_outer_left",
					"pivot": [6.5, 2.8, 3],
					"cubes": [
						{"origin": [5.5, 1.8, 0], "size": [2, 2, 3], "uv": [76, 5]},
						{"origin": [6.5, 1.8, -3], "size": [0, 2, 3], "uv": [22, 41]}
					]
				},
				{
					"name": "toe_inner_left",
					"parent": "toes_left",
					"pivot": [5.5, 2.8, 3],
					"rotation": [0, 35, 0]
				},
				{
					"name": "toe_inner_left_rotation",
					"parent": "toe_inner_left",
					"pivot": [4.5, 2.8, 3],
					"cubes": [
						{"origin": [3.5, 1.8, 0], "size": [2, 2, 3], "uv": [56, 5]},
						{"origin": [4.5, 1.8, -3], "size": [0, 2, 3], "uv": [22, 37]}
					]
				}
			]
		}
	]
}