{
	"format_version": "1.12.0",
	"minecraft:geometry": [
		{
			"description": {
				"identifier": "geometry.scrawn",
				"texture_width": 32,
				"texture_height": 32,
				"visible_bounds_width": 4,
				"visible_bounds_height": 2.5,
				"visible_bounds_offset": [0, 0.75, 0]
			},
			"bones": [
				{
					"name": "scrawn",
					"pivot": [0, 0, 0]
				},
				{
					"name": "body",
					"parent": "scrawn",
					"pivot": [-0.5, 13, 0]
				},
				{
					"name": "head",
					"parent": "body",
					"pivot": [0, 15.00985, 1.99168],
					"cubes": [
						{"origin": [-1.5, 13, -2], "size": [3, 3, 4], "uv": [0, 0]},
						{"origin": [-0.5, 14.55, -5.65], "size": [1, 2, 3], "pivot": [-0.5, 13.55, -5.65], "rotation": [-25, 0, 0], "uv": [20, 17]},
						{"origin": [-1, 12.525, -3.675], "size": [2, 3, 2], "pivot": [0, 14.525, -3.675], "rotation": [15, 0, 0], "uv": [20, 12]},
						{"origin": [0, 15.55, -8.65], "size": [0, 5, 5], "pivot": [-1, 15.55, -7.65], "rotation": [-25, 0, 0], "uv": [0, 7]},
						{"origin": [-1.5, 12, -1.5], "size": [1, 1, 1], "uv": [4, 25]},
						{"origin": [-1.25, 12, 0], "size": [1, 1, 1], "uv": [24, 22]},
						{"origin": [0.25, 12, 0], "size": [1, 1, 1], "uv": [24, 24]},
						{"origin": [0.5, 12, -1.5], "size": [1, 1, 1], "uv": [4, 23]}
					]
				},
				{
					"name": "eye1",
					"parent": "head",
					"pivot": [1.55, 14.5, -0.5],
					"cubes": [
						{"origin": [1.55, 14, -1], "size": [0, 1, 1], "uv": [8, 23]}
					]
				},
				{
					"name": "eye2",
					"parent": "head",
					"pivot": [-1.55, 14.5, -0.5],
					"cubes": [
						{"origin": [-1.55, 14, -1], "size": [0, 1, 1], "uv": [8, 25]}
					]
				},
				{
					"name": "whiskerbase1",
					"parent": "head",
					"pivot": [1, 13.025, -2.675],
					"cubes": [
						{"origin": [1, 8.025, -3.175], "size": [0, 5, 1], "uv": [22, 22]}
					]
				},
				{
					"name": "whiskermid1",
					"parent": "whiskerbase1",
					"pivot": [1, 8.025, -2.675],
					"cubes": [
						{"origin": [1, 3.025, -3.175], "size": [0, 5, 1], "uv": [2, 23]}
					]
				},
				{
					"name": "whiskertip1",
					"parent": "whiskermid1",
					"pivot": [1, 3.025, -2.675],
					"cubes": [
						{"origin": [1, -1.975, -3.175], "size": [0, 5, 1], "uv": [16, 22]}
					]
				},
				{
					"name": "whiskerbase2",
					"parent": "head",
					"pivot": [-1, 13.025, -2.675],
					"cubes": [
						{"origin": [-1, 8.025, -3.175], "size": [0, 5, 1], "uv": [18, 22]}
					]
				},
				{
					"name": "whiskermid2",
					"parent": "whiskerbase2",
					"pivot": [-1, 8.025, -2.675],
					"cubes": [
						{"origin": [-1, 3.025, -3.175], "size": [0, 5, 1], "uv": [20, 22]}
					]
				},
				{
					"name": "whiskertip2",
					"parent": "whiskermid2",
					"pivot": [-1, 3.025, -2.675],
					"cubes": [
						{"origin": [-1, -1.975, -3.175], "size": [0, 5, 1], "uv": [0, 23]}
					]
				},
				{
					"name": "lowerbody",
					"parent": "body",
					"pivot": [0, 15, 2],
					"cubes": [
						{"origin": [-1, 14, 2], "size": [2, 2, 4], "uv": [14, 0]},
						{"origin": [0, 11, 2], "size": [0, 4, 5], "uv": [10, 7]}
					]
				},
				{
					"name": "tail",
					"parent": "lowerbody",
					"pivot": [0, 15.5, 6],
					"cubes": [
						{"origin": [-0.5, 15, 6], "size": [1, 1, 2], "uv": [10, 22]}
					]
				},
				{
					"name": "tailribbon1",
					"parent": "tail",
					"pivot": [0, 15.5, 8],
					"cubes": [
						{"origin": [0, 15, 8], "size": [0, 1, 5], "uv": [10, 16]}
					]
				},
				{
					"name": "tailribbon2",
					"parent": "tailribbon1",
					"pivot": [0, 15.5, 13],
					"cubes": [
						{"origin": [0, 15, 13], "size": [0, 1, 5], "uv": [0, 17]}
					]
				},
				{
					"name": "tailribbon3",
					"parent": "tailribbon2",
					"pivot": [0, 15.5, 18],
					"cubes": [
						{"origin": [0, 15, 18], "size": [0, 1, 5], "uv": [20, 6]}
					]
				}
			]
		}
	]
}