{
	"format_version": "1.8.0",
	"animations": {
		"animation.hombone.ground_idle": {
			"loop": true,
			"animation_length": 2,
			"bones": {
				"body": {
					"rotation": {
						"0.0": [0, 0, 0],
						"1.0": [0, 2.5, 0],
						"2.0": [0, 0, 0]
					}
				},
				"claw1": {
					"rotation": {
						"0.0": [-10, 40, -15],
						"1.0": [-10, 40, -30],
						"2.0": [-10, 40, -15]
					}
				},
				"lowerclaw": {
					"rotation": {
						"0.0": [0, 0, 0],
						"1.0": [0, 0, 15],
						"2.0": [0, 0, 0]
					}
				}
			}
		},
		"animation.hombone.ground_walk": {
			"loop": true,
			"animation_length": 1,
			"bones": {
				"body": {
					"rotation": {
						"0.0": [-10, 0, 0],
						"0.125": [-6.66038, -0.29014, -2.48312],
						"0.25": [0, 0, 0],
						"0.5": [5, 0, 0],
						"0.625": [-2.49762, 0.10901, 2.49762],
						"0.75": [-10, 0, 0],
						"1.0": [-10, 0, 0]
					},
					"position": {
						"0.0": [0, 3, 0],
						"0.25": [0, 0, 0],
						"0.75": [0, 7, 0],
						"1.0": [0, 3, 0]
					}
				},
				"claw1": {
					"rotation": {
						"0.0": [0, 0, 10],
						"0.25": [0, 0, -20],
						"0.5": [0, 0, 5],
						"0.75": [0, 0, 45],
						"1.0": [0, 0, 10]
					}
				},
				"claw2": {
					"rotation": {
						"0.0": [0, 0, -20],
						"0.25": [0, 0, 25],
						"0.5": [0, 0, -10],
						"0.75": [0, 0, -35],
						"1.0": [0, 0, -20]
					}
				},
				"lowerclaw": {
					"rotation": {
						"0.0": [0, 0, 0],
						"0.5": [0, 0, 0],
						"0.75": [0, 0, 15],
						"1.0": [0, 0, 0]
					}
				},
				"lowerclaw2": {
					"rotation": {
						"0.0": [0, 0, 0],
						"0.5": [0, 0, 0],
						"0.75": [0, 0, -20],
						"1.0": [0, 0, 0]
					}
				},
				"eye": {
					"rotation": {
						"0.0": [0, 0, 0],
						"0.25": [0, 0, -10],
						"0.75": [0, 0, 10],
						"1.0": [0, 0, 0]
					}
				}
			}
		},
		"animation.hombone.faint": {
			"animation_length": 3,
			"bones": {
				"body": {
					"rotation": {
						"0.0": [-15, 0, 0],
						"0.75": [-20, 0, 0],
						"1.0": [-90, 0, 0]
					},
					"position": {
						"0.0": [0, 0, 0],
						"0.75": [0, 0, 0],
						"1.0": [0, 1, 1],
						"1.0417": [0, 1.5, 1],
						"1.1667": [0, 1, 1]
					}
				},
				"claw1": {
					"rotation": {
						"0.0": [0, 0, -35],
						"0.75": [0, 0, -35],
						"0.9583": [0, 35, -35],
						"1.0833": [0, -10, -35],
						"1.125": [0, -5, -35],
						"1.25": [0, -10, -35]
					}
				},
				"claw2": {
					"rotation": {
						"0.0": [0, 0, 30],
						"0.75": [0, 0, 30],
						"0.9583": [0, -35, 30],
						"1.0833": [0, 10, 30],
						"1.125": [0, 5, 30],
						"1.25": [0, 10, 30],
						"3.0": [0, 10, 30]
					}
				},
				"lowerclaw": {
					"rotation": [0, 0, 20]
				},
				"lowerclaw2": {
					"rotation": [0, 0, -20]
				},
				"eye": {
					"rotation": [0, 0, 20],
					"scale": {
						"0.0": [1, 1, 1],
						"0.625": [1, 0.7, 1],
						"0.75": [1, 0, 1]
					}
				}
			}
		},
		"animation.hombone.sleep": {
			"loop": true,
			"animation_length": 0.04167,
			"bones": {
				"claw1": {
					"rotation": [1.30078, 27.47162, 2.81797]
				},
				"claw2": {
					"rotation": [0, 0, -2.5]
				},
				"eye": {
					"scale": [1, 0, 1]
				}
			}
		}
	}
}