{
	"format_version": "1.8.0",
	"animations": {
		"animation.brachioforest.ground_idle": {
			"loop": true,
			"bones": {
				"leg_back_left1": {
					"rotation": ["5+2*math.cos(q.anim_time*90*1-30)*1", 0, 0],
					"position": [0, "-0.2*math.cos(q.anim_time*90*1-30)*1", "-0.17*math.cos(q.anim_time*90*1-30)*1"]
				},
				"leg_back_left2": {
					"rotation": ["-12.5-3*math.cos(q.anim_time*90*1-30)*1", 0, 0]
				},
				"foot_back_left": {
					"rotation": ["7.5+1*math.cos(q.anim_time*90*1-30)*1", 0, 0]
				},
				"leg_front_left1": {
					"rotation": ["6.25+2*math.cos(q.anim_time*90*1-30)*1", 0, 0],
					"position": [0, "-0.075-0.26*math.cos(q.anim_time*90*1-30)*1", "0.07*math.cos(q.anim_time*90*1-30)*1"]
				},
				"leg_front_left2": {
					"rotation": ["-12.5-4*math.cos(q.anim_time*90*1-30)*1", 0, 0]
				},
				"foot_front_left": {
					"rotation": ["6.25+2*math.cos(q.anim_time*90*1-30)*1", 0, 0]
				},
				"leg_back_right1": {
					"rotation": ["5+2*math.cos(q.anim_time*90*1-30)*1", 0, 0],
					"position": [0, "-0.2*math.cos(q.anim_time*90*1-30)*1", "-0.17*math.cos(q.anim_time*90*1-30)*1"]
				},
				"leg_back_right2": {
					"rotation": ["-12.5-3*math.cos(q.anim_time*90*1-30)*1", 0, 0]
				},
				"foot_back_right": {
					"rotation": ["7.5+1*math.cos(q.anim_time*90*1-30)*1", 0, 0]
				},
				"leg_front_right1": {
					"rotation": ["6.25+2*math.cos(q.anim_time*90*1-30)*1", 0, 0],
					"position": [0, "-0.075-0.26*math.cos(q.anim_time*90*1-30)*1", "0.07*math.cos(q.anim_time*90*1-30)*1"]
				},
				"leg_front_right2": {
					"rotation": ["-12.5-4*math.cos(q.anim_time*90*1-30)*1", 0, 0]
				},
				"foot_front_right": {
					"rotation": ["6.25+2*math.cos(q.anim_time*90*1-30)*1", 0, 0]
				},
				"tail1": {
					"rotation": ["-2.5-2*math.cos(q.anim_time*90*1-30)*1", 0, "-2*math.cos(q.anim_time*90*0.75-30)*1"]
				},
				"tail2": {
					"rotation": ["2.5-2*math.cos(q.anim_time*90*1-60)*1", 0, "-0.5*math.cos(q.anim_time*90*0.75-60)*1"]
				},
				"tail3": {
					"rotation": ["7.5-2*math.cos(q.anim_time*90*1-90)*1", 0, "-0.5*math.cos(q.anim_time*90*0.75-90)*1"]
				},
				"tail4": {
					"rotation": ["7.5-2*math.cos(q.anim_time*90*1-120)*1", 0, "-0.5*math.cos(q.anim_time*90*0.75-120)*1"]
				},
				"tail5": {
					"rotation": ["10-2*math.cos(q.anim_time*90*1-150)*1", 0, "-0.5*math.cos(q.anim_time*90*0.75-30)*1"]
				},
				"tail6": {
					"rotation": ["20-2*math.cos(q.anim_time*90*1-180)*1", 0, "-0.5*math.cos(q.anim_time*90*0.75-180)*1"]
				},
				"thumb_front_left": {
					"rotation": [0, -42.5, 0]
				},
				"thumb_front_right": {
					"rotation": [0, 42.5, 0]
				},
				"neck1": {
					"rotation": ["12.5+0.5*math.cos(q.anim_time*90*1-60)*1", 0, "0-1*math.sin(q.anim_time*90*0.5)*1"]
				},
				"neck2": {
					"rotation": ["-2.5+0.25*math.cos(q.anim_time*90*1-80)*1", 0, 0]
				},
				"neck3": {
					"rotation": ["-2.5+0.75*math.cos(q.anim_time*90*1-100)*1", 0, 0]
				},
				"neck4": {
					"rotation": ["-2.5+1*math.cos(q.anim_time*90*1-120)*1", 0, 0]
				},
				"neck5": {
					"rotation": ["1*math.cos(q.anim_time*90*1-140)*1", 0, 0]
				},
				"head": {
					"rotation": [5, 0, 0]
				},
				"waist": {
					"rotation": ["1.5+0.5*math.cos(q.anim_time*90*1)*1", 0, "1*math.sin(q.anim_time*90*0.5)*1"],
					"position": [0, "-0.2*math.cos(q.anim_time*90*1-30)*1", 0]
				},
				"torso": {
					"rotation": ["0.5*math.cos(q.anim_time*90*1-30)*1", 0, 0]
				},
				"chest": {
					"rotation": ["0.2*math.cos(q.anim_time*90*1-60)*1", 0, 0]
				},
				"brachioforest": {
					"position": [0, 0, 0]
				}
			}
		},
		"animation.brachioforest.battle_idle": {
			"loop": true,
			"bones": {
				"leg_back_left1": {
					"rotation": ["15.538+2*math.cos(q.anim_time*90*2-30)*1", -3.99257, -1.5739],
					"position": ["0.25+0.01*math.cos(q.anim_time*90*2-30)*1", "-1.275-0.27*math.cos(q.anim_time*90*2-30)*1", "-0.14*math.cos(q.anim_time*90*2-30)*1"]
				},
				"leg_back_left2": {
					"rotation": ["-25.75-3*math.cos(q.anim_time*90*2-30)*1", 0, 0]
				},
				"foot_back_left": {
					"rotation": ["8.75+1*math.cos(q.anim_time*90*2-30)*1", 0, 0]
				},
				"leg_front_left1": {
					"rotation": ["11.9886+1.5*math.cos(q.anim_time*90*2-30)*1", -9.77557, -0.72487],
					"position": [1, "-0.825-0.23*math.cos(q.anim_time*90*2-30)*1", "-0.6+0.05*math.cos(q.anim_time*90*2-30)*1"]
				},
				"leg_front_left2": {
					"rotation": ["-23.5-3*math.cos(q.anim_time*90*2-30)*1", 0, 0]
				},
				"foot_front_left": {
					"rotation": ["11.75+1.5*math.cos(q.anim_time*90*2-30)*1", 0, 0]
				},
				"leg_back_right1": {
					"rotation": ["15.538+2*math.cos(q.anim_time*90*2-30)*1", 3.99257, 1.5739],
					"position": ["-0.25+0.01*math.cos(q.anim_time*90*2-30)*1", "-1.275-0.27*math.cos(q.anim_time*90*2-30)*1", "-0.14*math.cos(q.anim_time*90*2-30)*1"]
				},
				"leg_back_right2": {
					"rotation": ["-25.75-3*math.cos(q.anim_time*90*2-30)*1", 0, 0]
				},
				"foot_back_right": {
					"rotation": ["8.75+1*math.cos(q.anim_time*90*2-30)*1", 0, 0]
				},
				"leg_front_right1": {
					"rotation": ["11.9886+1.5*math.cos(q.anim_time*90*2-30)*1", 9.77557, 0.72487],
					"position": [-1, "-0.825-0.23*math.cos(q.anim_time*90*2-30)*1", "-0.6+0.05*math.cos(q.anim_time*90*2-30)*1"]
				},
				"leg_front_right2": {
					"rotation": ["-23.5-3*math.cos(q.anim_time*90*2-30)*1", 0, 0]
				},
				"foot_front_right": {
					"rotation": ["11.75+1.5*math.cos(q.anim_time*90*2-30)*1", 0, 0]
				},
				"tail1": {
					"rotation": ["-2.5-2*math.cos(q.anim_time*90*2-30)*1", 0, "-2*math.cos(q.anim_time*90*1.25-30)*1"]
				},
				"tail2": {
					"rotation": ["2.5-2*math.cos(q.anim_time*90*2-60)*1", 0, "-0.5*math.cos(q.anim_time*90*1.25-60)*1"]
				},
				"tail3": {
					"rotation": ["4.75-2*math.cos(q.anim_time*90*2-90)*1", 0, "-0.5*math.cos(q.anim_time*90*1.25-90)*1"]
				},
				"tail4": {
					"rotation": ["5.25-2*math.cos(q.anim_time*90*2-120)*1", 0, "-0.5*math.cos(q.anim_time*90*1.25-120)*1"]
				},
				"tail5": {
					"rotation": ["9.5-2*math.cos(q.anim_time*90*2-150)*1", 0, "-0.5*math.cos(q.anim_time*90*1.25-150)*1"]
				},
				"tail6": {
					"rotation": ["19.5-2*math.cos(q.anim_time*90*2-180)*1", 0, "-0.5*math.cos(q.anim_time*90*1.25-180)*1"]
				},
				"thumb_front_left": {
					"rotation": [0, -42.5, 0]
				},
				"thumb_front_right": {
					"rotation": [0, 42.5, 0]
				},
				"neck1": {
					"rotation": ["9+1*math.cos(q.anim_time*90*2-60)*1", 0, "-1*math.sin(q.anim_time*90*1)*1"]
				},
				"neck2": {
					"rotation": ["-1.25-1*math.cos(q.anim_time*90*2-80)*1", 0, 0]
				},
				"neck3": {
					"rotation": ["-4.5-1*math.cos(q.anim_time*90*2-100)*1", 0, 0]
				},
				"neck4": {
					"rotation": ["-2.25+1*math.cos(q.anim_time*90*2-120)*1", 0, 0]
				},
				"neck5": {
					"rotation": ["5+1*math.cos(q.anim_time*90*2-140)*1", 0, 0]
				},
				"head": {
					"rotation": ["2.75+2*math.cos(q.anim_time*90*2-160)*1", 0, 0]
				},
				"waist": {
					"rotation": ["9.75+0.5*math.cos(q.anim_time*90*2)*1", 0, "1*math.sin(q.anim_time*90*1)*1"],
					"position": [0, "-0.2*math.cos(q.anim_time*90*2-30)*1", 0]
				},
				"torso": {
					"rotation": ["-2.25+0.5*math.cos(q.anim_time*90*2-30)*1", 0, 0]
				},
				"chest": {
					"rotation": ["-2.25+0.25*math.cos(q.anim_time*90*2-60)*1", 0, 0]
				},
				"eye_right": {
					"rotation": [15, 0, 0]
				},
				"pupil_right": {
					"rotation": [0, 0, 0]
				},
				"eye_left": {
					"rotation": [15, 0, 0]
				}
			}
		},
		"animation.brachioforest.ground_walk": {
			"loop": true,
			"animation_length": 2,
			"bones": {
				"leg_back_left1": {
					"rotation": {
						"0.0": [11.78, 0, 0],
						"0.3333": [20.5, 0, 0],
						"0.5417": {
							"pre": [21.44, 0, 0],
							"post": [21.44, 0, 0],
							"lerp_mode": "catmullrom"
						},
						"0.7083": {
							"post": [13.06, 0, 0],
							"lerp_mode": "catmullrom"
						},
						"1.125": {
							"post": [-10.09, 0, 0],
							"lerp_mode": "catmullrom"
						},
						"1.3333": [-8.5, 0, 0],
						"1.5833": [0.25, 0, 0],
						"2.0": [11.78, 0, 0]
					},
					"position": {
						"0.0": [0, -0.8, -0.22],
						"0.3333": [0, -1.35, 0.425],
						"0.5417": {
							"pre": [0, 0.77, 0.06],
							"post": [0, 0.77, 0.06],
							"lerp_mode": "catmullrom"
						},
						"0.8333": {
							"post": [0, 1.54, -0.24],
							"lerp_mode": "catmullrom"
						},
						"1.125": {
							"post": [0, 0.67, -0.47],
							"lerp_mode": "catmullrom"
						},
						"1.3333": [0, -1.22, -0.72],
						"1.5833": [0, -0.8, -0.88],
						"2.0": [0, -0.8, -0.22]
					}
				},
				"leg_back_left2": {
					"rotation": {
						"0.0": [-22.08, 0, 0],
						"0.3333": [-22, 0, 0],
						"0.5417": {
							"pre": [-14.55, 0, 0],
							"post": [-14.55, 0, 0],
							"lerp_mode": "catmullrom"
						},
						"0.875": {
							"post": [-22.37, 0, 0],
							"lerp_mode": "catmullrom"
						},
						"1.125": {
							"post": [-15.27, 0, 0],
							"lerp_mode": "catmullrom"
						},
						"1.3333": [-22.25, 0, 0],
						"1.5833": [-22.19, 0, 0],
						"2.0": [-22.08, 0, 0]
					}
				},
				"foot_back_left": {
					"rotation": {
						"0.0": [9.56, 0, 0],
						"0.3333": {
							"pre": [2, 0, 0],
							"post": [2, 0, 0],
							"lerp_mode": "catmullrom"
						},
						"0.6667": {
							"post": [18.88, 0, 0],
							"lerp_mode": "catmullrom"
						},
						"1.125": {
							"post": [11.08, 0, 0],
							"lerp_mode": "catmullrom"
						},
						"1.3333": [30.5, 0, 0],
						"1.5833": [21.5, 0, 0],
						"2.0": [9.56, 0, 0]
					}
				},
				"leg_front_left1": {
					"rotation": {
						"0.0": [-12.5, 0, 0],
						"1.0": [16.5, 0, 0],
						"1.3333": {
							"pre": [24.16, 0, 0],
							"post": [24.16, 0, 0],
							"lerp_mode": "catmullrom"
						},
						"1.75": {
							"post": [8.65, 0, 0],
							"lerp_mode": "catmullrom"
						},
						"2.0": [-12.5, 0, 0]
					},
					"position": {
						"0.0": [0, -0.475, -2.725],
						"0.25": {
							"pre": [0, -0.28, -1.83],
							"post": [0, -0.28, -1.83],
							"lerp_mode": "catmullrom"
						},
						"0.75": {
							"post": [0, -0.205, -0.04],
							"lerp_mode": "catmullrom"
						},
						"1.0": [0, -0.47, 0.855],
						"1.2083": {
							"pre": [0, 0.255, 0.43],
							"post": [0, 0.255, 0.43],
							"lerp_mode": "catmullrom"
						},
						"1.5": {
							"post": [0, 1.605, -0.93],
							"lerp_mode": "catmullrom"
						},
						"1.6667": {
							"post": [0, 1.27, -1.6],
							"lerp_mode": "catmullrom"
						},
						"2.0": [0, -0.475, -2.725]
					}
				},
				"leg_front_left2": {
					"rotation": {
						"0.0": [-7.5, 0, 0],
						"1.0": [-18.25, 0, 0],
						"1.2083": {
							"pre": [-16.12, 0, 0],
							"post": [-16.12, 0, 0],
							"lerp_mode": "catmullrom"
						},
						"1.75": {
							"post": [-31.68, 0, 0],
							"lerp_mode": "catmullrom"
						},
						"2.0": [-7.5, 0, 0]
					}
				},
				"foot_front_left": {
					"rotation": {
						"0.0": [19, 0, 0],
						"1.0": [1.25, 0, 0],
						"1.25": {
							"pre": [11.39, 0, 0],
							"post": [11.39, 0, 0],
							"lerp_mode": "catmullrom"
						},
						"1.4167": {
							"post": [16.59, 0, 0],
							"lerp_mode": "catmullrom"
						},
						"1.7083": {
							"post": [5.99, 0, 0],
							"lerp_mode": "catmullrom"
						},
						"1.875": {
							"post": [5.17, 0, 0],
							"lerp_mode": "catmullrom"
						},
						"2.0": [19, 0, 0]
					}
				},
				"leg_back_right1": {
					"rotation": {
						"0.0": {
							"post": [-4.5, 0, 0],
							"lerp_mode": "catmullrom"
						},
						"0.125": {
							"post": [-10.09, 0, 0],
							"lerp_mode": "catmullrom"
						},
						"0.3333": [-8.5, 0, 0],
						"0.5833": [0.25, 0, 0],
						"1.0": [11.78, 0, 0],
						"1.3333": [20.5, 0, 0],
						"1.5417": {
							"pre": [21.44, 0, 0],
							"post": [21.44, 0, 0],
							"lerp_mode": "catmullrom"
						},
						"1.7083": {
							"post": [13.06, 0, 0],
							"lerp_mode": "catmullrom"
						},
						"2.0": [-4.5, 0, 0]
					},
					"position": {
						"0.0": {
							"post": [0, 1.2, -0.37],
							"lerp_mode": "catmullrom"
						},
						"0.125": {
							"post": [0, 0.67, -0.47],
							"lerp_mode": "catmullrom"
						},
						"0.3333": [0, -1.22, -0.72],
						"0.5833": [0, -0.8, -0.88],
						"1.0": [0, -0.8, -0.22],
						"1.3333": [0, -1.35, 0.425],
						"1.5417": {
							"pre": [0, 0.77, 0.06],
							"post": [0, 0.77, 0.06],
							"lerp_mode": "catmullrom"
						},
						"1.8333": {
							"post": [0, 1.54, -0.24],
							"lerp_mode": "catmullrom"
						},
						"2.0": [0, 1.2, -0.37]
					}
				},
				"leg_back_right2": {
					"rotation": {
						"0.0": {
							"post": [-18.87, 0, 0],
							"lerp_mode": "catmullrom"
						},
						"0.125": {
							"post": [-15.27, 0, 0],
							"lerp_mode": "catmullrom"
						},
						"0.3333": [-22.25, 0, 0],
						"0.5833": [-22.19, 0, 0],
						"1.0": [-22.08, 0, 0],
						"1.3333": [-22, 0, 0],
						"1.5417": {
							"pre": [-14.55, 0, 0],
							"post": [-14.55, 0, 0],
							"lerp_mode": "catmullrom"
						},
						"1.875": {
							"post": [-22.37, 0, 0],
							"lerp_mode": "catmullrom"
						},
						"2.0": [-18.87, 0, 0]
					}
				},
				"foot_back_right": {
					"rotation": {
						"0.0": {
							"post": [11.91, 0, 0],
							"lerp_mode": "catmullrom"
						},
						"0.125": {
							"post": [11.08, 0, 0],
							"lerp_mode": "catmullrom"
						},
						"0.3333": [30.5, 0, 0],
						"0.5833": [21.5, 0, 0],
						"1.0": [9.56, 0, 0],
						"1.3333": {
							"pre": [2, 0, 0],
							"post": [2, 0, 0],
							"lerp_mode": "catmullrom"
						},
						"1.6667": {
							"post": [18.88, 0, 0],
							"lerp_mode": "catmullrom"
						},
						"2.0": [11.91, 0, 0]
					}
				},
				"leg_front_right1": {
					"rotation": {
						"0.0": [16.5, 0, 0],
						"0.3333": {
							"pre": [24.16, 0, 0],
							"post": [24.16, 0, 0],
							"lerp_mode": "catmullrom"
						},
						"0.75": {
							"post": [8.65, 0, 0],
							"lerp_mode": "catmullrom"
						},
						"1.0": [-12.5, 0, 0],
						"2.0": [16.5, 0, 0]
					},
					"position": {
						"0.0": [0, -0.47, 0.855],
						"0.2083": {
							"pre": [0, 0.255, 0.43],
							"post": [0, 0.255, 0.43],
							"lerp_mode": "catmullrom"
						},
						"0.5": {
							"post": [0, 1.605, -0.93],
							"lerp_mode": "catmullrom"
						},
						"0.6667": {
							"post": [0, 1.27, -1.6],
							"lerp_mode": "catmullrom"
						},
						"1.0": [0, -0.475, -2.725],
						"1.25": {
							"pre": [0, -0.28, -1.83],
							"post": [0, -0.28, -1.83],
							"lerp_mode": "catmullrom"
						},
						"1.75": {
							"post": [0, -0.205, -0.04],
							"lerp_mode": "catmullrom"
						},
						"2.0": [0, -0.47, 0.855]
					}
				},
				"leg_front_right2": {
					"rotation": {
						"0.0": [-18.25, 0, 0],
						"0.2083": {
							"pre": [-16.12, 0, 0],
							"post": [-16.12, 0, 0],
							"lerp_mode": "catmullrom"
						},
						"0.75": {
							"post": [-31.68, 0, 0],
							"lerp_mode": "catmullrom"
						},
						"1.0": [-7.5, 0, 0],
						"2.0": [-18.25, 0, 0]
					}
				},
				"foot_front_right": {
					"rotation": {
						"0.0": [1.25, 0, 0],
						"0.25": {
							"pre": [11.39, 0, 0],
							"post": [11.39, 0, 0],
							"lerp_mode": "catmullrom"
						},
						"0.4167": {
							"post": [16.59, 0, 0],
							"lerp_mode": "catmullrom"
						},
						"0.7083": {
							"post": [5.99, 0, 0],
							"lerp_mode": "catmullrom"
						},
						"0.875": {
							"post": [5.17, 0, 0],
							"lerp_mode": "catmullrom"
						},
						"1.0": [19, 0, 0],
						"2.0": [1.25, 0, 0]
					}
				},
				"tail1": {
					"rotation": ["0.75-2*math.cos(q.anim_time*90*4-30)*1", "0-0.25*math.cos(q.anim_time*90*2-30)*1", "-0.5*math.cos(q.anim_time*90*2-30)*1"]
				},
				"tail2": {
					"rotation": ["2.5-1*math.cos(q.anim_time*90*4-60)*1", "-0.5*math.cos(q.anim_time*90*2-60)*1", "-0.5*math.cos(q.anim_time*90*2-60)*1"]
				},
				"tail3": {
					"rotation": ["7.5-1*math.cos(q.anim_time*90*4-90)*1", "0.5*math.cos(q.anim_time*90*2-90)*1", "-0.5*math.cos(q.anim_time*90*2-90)*1"]
				},
				"tail4": {
					"rotation": ["7.5-1*math.cos(q.anim_time*90*4-120)*1", "-0.5*math.cos(q.anim_time*90*2-120)*1", "-0.5*math.cos(q.anim_time*90*2-120)*1"]
				},
				"tail5": {
					"rotation": ["10-1*math.cos(q.anim_time*90*4-150)*1", "-0.5*math.cos(q.anim_time*90*2-150)*1", "-0.5*math.cos(q.anim_time*90*2-150)*1"]
				},
				"tail6": {
					"rotation": ["20-1*math.cos(q.anim_time*90*4-180)*1", "-0.5*math.cos(q.anim_time*90*2-180)*1", "-0.5*math.cos(q.anim_time*90*2-180)*1"]
				},
				"thumb_front_left": {
					"rotation": [0, -42.5, 0]
				},
				"thumb_front_right": {
					"rotation": [0, 42.5, 0]
				},
				"neck1": {
					"rotation": ["12.5+0.25*math.cos(q.anim_time*90*4-150)*1", "-0.5*math.cos(q.anim_time*90*2)*1", 0]
				},
				"neck2": {
					"rotation": ["-2.5+1*math.cos(q.anim_time*90*4-180)*1", 0, 0]
				},
				"neck3": {
					"rotation": ["-2.5+1*math.cos(q.anim_time*90*4-210)*1", 0, 0]
				},
				"neck4": {
					"rotation": ["-2.5+1*math.cos(q.anim_time*90*4-240)*1", 0, 0]
				},
				"neck5": {
					"rotation": ["0+1*math.cos(q.anim_time*90*4-270)*1", 0, 0]
				},
				"head": {
					"rotation": [5, 0, 0]
				},
				"waist": {
					"rotation": ["-0.0325+0.521*math.cos(q.anim_time*90*4-30)*1", "0.75*math.cos(q.anim_time*90*2)*1", "-1*math.cos(q.anim_time*90*2)*1"],
					"position": [0, "-0.4*math.cos(q.anim_time*90*4+30)*1", 0]
				},
				"chest": {
					"rotation": ["1*math.cos(q.anim_time*90*4-120)*1", 0, 0]
				},
				"body": {
					"position": {
						"0.0": [0, 0, 0],
						"0.0417": [0, 0.15, 0],
						"0.0833": [0, -0.125, 0],
						"0.125": [0, 0.075, 0],
						"0.1667": [0, 0, 0],
						"0.25": [0, 0, 0],
						"0.2917": [0, 0.175, 0],
						"0.3333": [0, -0.125, 0],
						"0.375": [0, 0.1, 0],
						"0.4167": [0, -0.125, 0],
						"0.4583": [0, 0, 0],
						"1.0": [0, 0, 0],
						"1.0417": [0, 0.15, 0],
						"1.0833": [0, -0.125, 0],
						"1.125": [0, 0.075, 0],
						"1.1667": [0, 0, 0],
						"1.25": [0, 0, 0],
						"1.2917": [0, 0.175, 0],
						"1.3333": [0, -0.125, 0],
						"1.375": [0, 0.1, 0],
						"1.4167": [0, -0.125, 0],
						"1.4583": [0, 0, 0]
					}
				}
			}
		},
		"animation.brachioforest.sleep": {
			"loop": true,
			"bones": {
				"leg_back_left1": {
					"rotation": [-17.83917, -17.67932, -6.09727],
					"position": [0.9, 1.7, 1.625]
				},
				"leg_back_left2": {
					"rotation": [-72.25, 0, 0]
				},
				"foot_back_left": {
					"rotation": [7.5, 0, 0]
				},
				"leg_front_left1": {
					"rotation": ["44.2782-1*math.cos(q.anim_time*90*1)*1", -20.89335, 0.09024],
					"position": [1.675, "4.275+0.1*math.cos(q.anim_time*90*1)*1", "-0.375+0.09*math.cos(q.anim_time*90*1)*1"]
				},
				"leg_front_left2": {
					"rotation": ["-88.25+0.9*math.cos(q.anim_time*90*1)*1", 0, 0]
				},
				"foot_front_left": {
					"rotation": [44.5, 0, 0]
				},
				"leg_back_right1": {
					"rotation": [-17.83917, 17.67932, 6.09727],
					"position": [-0.9, 1.7, 1.625]
				},
				"leg_back_right2": {
					"rotation": [-72.25, 0, 0]
				},
				"foot_back_right": {
					"rotation": [7.5, 0, 0]
				},
				"leg_front_right1": {
					"rotation": ["44.2782-1*math.cos(q.anim_time*90*1)*1", 20.89335, -0.09024],
					"position": [-1.675, "4.275+0.1*math.cos(q.anim_time*90*1)*1", "-0.375+0.09*math.cos(q.anim_time*90*1)*1"]
				},
				"leg_front_right2": {
					"rotation": ["-88.25+0.9*math.cos(q.anim_time*90*1)*1", 0, 0]
				},
				"foot_front_right": {
					"rotation": [44.5, 0, 0]
				},
				"tail1": {
					"rotation": ["-19.7674+1*math.cos(q.anim_time*90*1-30)*1", 2.35285, -0.84527],
					"position": [0, 0, -1.025]
				},
				"tail2": {
					"rotation": ["-1.7385+1*math.cos(q.anim_time*90*1-60)*1", 5.89726, 10.02833]
				},
				"tail3": {
					"rotation": ["4.6596+1*math.cos(q.anim_time*90*1-90)*1", 24.17905, 1.91202]
				},
				"tail4": {
					"rotation": ["13.1936+1*math.cos(q.anim_time*90*1-120)*1", 9.74117, 2.27144]
				},
				"tail5": {
					"rotation": ["1.8566+1*math.cos(q.anim_time*90*1-150)*1", 33.69755, 2.0028]
				},
				"tail6": {
					"rotation": ["0.1586+2*math.cos(q.anim_time*90*1-180)*1", 37.57972, 0]
				},
				"thumb_front_left": {
					"rotation": [0, -42.5, 0]
				},
				"thumb_front_right": {
					"rotation": [0, 42.5, 0]
				},
				"neck1": {
					"rotation": ["6.78380-1*math.cos(q.anim_time*90*1-60)*1", -6.02218, 0.13859]
				},
				"neck2": {
					"rotation": ["3.4761-1*math.cos(q.anim_time*90*1-90)*1", -0.96392, 2.84106]
				},
				"neck3": {
					"rotation": ["3.7488-1*math.cos(q.anim_time*90*1-120)*1", -0.10894, 1.24524]
				},
				"neck4": {
					"rotation": ["13.4809-1*math.cos(q.anim_time*90*1-150)*1", -0.68922, 3.17615]
				},
				"neck5": {
					"rotation": ["17.2741-1*math.cos(q.anim_time*90*1-180)*1", -0.35329, -1.79313]
				},
				"head": {
					"rotation": [24.2014, -5.73534, 1.95662]
				},
				"eyelid_right": {
					"position": [-0.1, 0, 0]
				},
				"eyelid_left": {
					"position": [0.1, 0, 0]
				},
				"body": {
					"position": [0, -12.525, 0]
				},
				"waist": {
					"rotation": ["2.5-0.5*math.cos(q.anim_time*90*1)*1", 0, 0],
					"position": [0, 0.1, 0]
				},
				"torso": {
					"rotation": ["-0.5*math.cos(q.anim_time*90*1-30)*1", 0, 0]
				},
				"chest": {
					"rotation": ["-1.75+1*math.cos(q.anim_time*90*1-30)*1", 0, 0]
				}
			}
		},
		"animation.brachioforest.blink": {
			"animation_length": 0.1667,
			"bones": {
				"eyelid_right": {
					"position": {
						"0.0": [-0.1, 0, 0],
						"0.125": [-0.1, 0, 0],
						"0.1667": [0, 0, 0]
					}
				},
				"eyelid_left": {
					"position": {
						"0.0": [0.1, 0, 0],
						"0.125": [0.1, 0, 0],
						"0.1667": [0, 0, 0]
					}
				}
			}
		},
		"animation.brachioforest.cry": {
			"animation_length": 3.5,
			"bones": {
				"torso": {
					"rotation": {
						"0.0": {
							"post": [0, 0, 0],
							"lerp_mode": "catmullrom"
						},
						"0.1667": {
							"post": [2.75, 0, 0],
							"lerp_mode": "catmullrom"
						},
						"0.375": {
							"post": [1.75, 0, 0],
							"lerp_mode": "catmullrom"
						},
						"0.6667": {
							"post": [3.1494, -0.09298, -0.0719],
							"lerp_mode": "catmullrom"
						},
						"0.875": {
							"post": [2.2788, 0.05745, -0.01683],
							"lerp_mode": "catmullrom"
						},
						"1.1667": {
							"post": [-0.809, 0.05745, -0.01683],
							"lerp_mode": "catmullrom"
						},
						"1.4167": {
							"post": [-3.60828, 0.05745, -0.01683],
							"lerp_mode": "catmullrom"
						},
						"1.9583": {
							"post": [-4.43971, 0.05745, -0.01683],
							"lerp_mode": "catmullrom"
						},
						"2.3333": {
							"post": [0, 0, 0],
							"lerp_mode": "catmullrom"
						},
						"3.5": {
							"post": [0, 0, 0],
							"lerp_mode": "catmullrom"
						}
					}
				},
				"neck1": {
					"rotation": {
						"0.0": {
							"post": [0, 0, 0],
							"lerp_mode": "catmullrom"
						},
						"0.2917": {
							"post": [0.25, 0, 0],
							"lerp_mode": "catmullrom"
						},
						"0.875": {
							"post": [0.7212, 0.05745, -0.01683],
							"lerp_mode": "catmullrom"
						},
						"1.625": {
							"post": [-0.73971, 0.05745, -0.01683],
							"lerp_mode": "catmullrom"
						},
						"2.4583": {
							"post": [0, 0, 0],
							"lerp_mode": "catmullrom"
						},
						"3.5": {
							"post": [0, 0, 0],
							"lerp_mode": "catmullrom"
						}
					}
				},
				"neck2": {
					"rotation": {
						"0.0": {
							"post": [0, 0, 0],
							"lerp_mode": "catmullrom"
						},
						"0.25": {
							"post": [2.75, 0, 0],
							"lerp_mode": "catmullrom"
						},
						"0.4583": {
							"post": [1.75, 0, 0],
							"lerp_mode": "catmullrom"
						},
						"0.8333": {
							"post": [2.2788, 0.05745, -0.01683],
							"lerp_mode": "catmullrom"
						},
						"1.25": {
							"post": [-0.509, 0.05745, -0.01683],
							"lerp_mode": "catmullrom"
						},
						"1.5": {
							"post": [-1.00828, 0.05745, -0.01683],
							"lerp_mode": "catmullrom"
						},
						"2.0417": {
							"post": [-1.13971, 0.05745, -0.01683],
							"lerp_mode": "catmullrom"
						},
						"2.4167": {
							"post": [0, 0, 0],
							"lerp_mode": "catmullrom"
						},
						"3.5": {
							"post": [0, 0, 0],
							"lerp_mode": "catmullrom"
						}
					}
				},
				"neck3": {
					"rotation": {
						"0.0": {
							"post": [0, 0, 0],
							"lerp_mode": "catmullrom"
						},
						"0.2917": {
							"post": [2.75, 0, 0],
							"lerp_mode": "catmullrom"
						},
						"0.5": {
							"post": [1.75, 0, 0],
							"lerp_mode": "catmullrom"
						},
						"0.875": {
							"post": [2.2788, 0.05745, -0.01683],
							"lerp_mode": "catmullrom"
						},
						"1.2917": {
							"post": [-0.509, 0.05745, -0.01683],
							"lerp_mode": "catmullrom"
						},
						"1.5417": {
							"post": [-1.00828, 0.05745, -0.01683],
							"lerp_mode": "catmullrom"
						},
						"2.0833": {
							"post": [-1.13971, 0.05745, -0.01683],
							"lerp_mode": "catmullrom"
						},
						"2.4583": {
							"post": [0, 0, 0],
							"lerp_mode": "catmullrom"
						},
						"3.5": {
							"post": [0, 0, 0],
							"lerp_mode": "catmullrom"
						}
					}
				},
				"neck4": {
					"rotation": {
						"0.0": {
							"post": [0, 0, 0],
							"lerp_mode": "catmullrom"
						},
						"0.375": {
							"post": [2.75, 0, 0],
							"lerp_mode": "catmullrom"
						},
						"0.5833": {
							"post": [1.75, 0, 0],
							"lerp_mode": "catmullrom"
						},
						"0.9583": {
							"post": [2.2788, 0.05745, -0.01683],
							"lerp_mode": "catmullrom"
						},
						"1.375": {
							"post": [-0.509, 0.05745, -0.01683],
							"lerp_mode": "catmullrom"
						},
						"1.625": {
							"post": [-1.00828, 0.05745, -0.01683],
							"lerp_mode": "catmullrom"
						},
						"2.1667": {
							"post": [-1.13971, 0.05745, -0.01683],
							"lerp_mode": "catmullrom"
						},
						"2.5417": {
							"post": [0, 0, 0],
							"lerp_mode": "catmullrom"
						},
						"3.5": {
							"post": [0, 0, 0],
							"lerp_mode": "catmullrom"
						}
					}
				},
				"neck5": {
					"rotation": {
						"0.0": {
							"post": [0, 0, 0],
							"lerp_mode": "catmullrom"
						},
						"0.4167": {
							"post": [2.75, 0, 0],
							"lerp_mode": "catmullrom"
						},
						"0.625": {
							"post": [1.75, 0, 0],
							"lerp_mode": "catmullrom"
						},
						"1.0": {
							"post": [2.2788, 0.05745, -0.01683],
							"lerp_mode": "catmullrom"
						},
						"1.4167": {
							"post": [-0.509, 0.05745, -0.01683],
							"lerp_mode": "catmullrom"
						},
						"1.6667": {
							"post": [-1.00828, 0.05745, -0.01683],
							"lerp_mode": "catmullrom"
						},
						"2.2083": {
							"post": [-1.13971, 0.05745, -0.01683],
							"lerp_mode": "catmullrom"
						},
						"2.5833": {
							"post": [0, 0, 0],
							"lerp_mode": "catmullrom"
						},
						"3.5": {
							"post": [0, 0, 0],
							"lerp_mode": "catmullrom"
						}
					}
				},
				"head": {
					"rotation": {
						"0.0": {
							"post": [0, 0, 0],
							"lerp_mode": "catmullrom"
						},
						"0.1667": {
							"post": [-9, 0, 0],
							"lerp_mode": "catmullrom"
						},
						"0.3333": {
							"post": [-9.9, 0, -3],
							"lerp_mode": "catmullrom"
						},
						"0.5": {
							"post": [-9, 0, -1.8],
							"lerp_mode": "catmullrom"
						},
						"0.6667": {
							"post": [-5.8, 0, 1.2],
							"lerp_mode": "catmullrom"
						},
						"1.0": {
							"post": [-0.60034, 0.54176, 2.42839],
							"lerp_mode": "catmullrom"
						},
						"1.4167": {
							"post": [-2.60034, 0.54176, 2.42839],
							"lerp_mode": "catmullrom"
						},
						"2.2917": {
							"post": [-2.3, 0, 0],
							"lerp_mode": "catmullrom"
						},
						"2.875": {
							"post": [0.5, 0, 0],
							"lerp_mode": "catmullrom"
						},
						"3.5": {
							"post": [0, 0, 0],
							"lerp_mode": "catmullrom"
						}
					}
				},
				"eyelid_right": {
					"position": {
						"0.0": [0, 0, 0],
						"1.0": {"pre": [0, 0, 0], "post": [-0.125, 0, 0]},
						"2.0833": {"pre": [-0.125, 0, 0], "post": [0, 0, 0]}
					}
				},
				"eyelid_left": {
					"position": {
						"0.0": [0, 0, 0],
						"1.0": {"pre": [0, 0, 0], "post": [0.125, 0, 0]},
						"2.0833": {"pre": [0.125, 0, 0], "post": [0, 0, 0]}
					}
				},
				"chest": {
					"rotation": {
						"0.0": {
							"post": [0, 0, 0],
							"lerp_mode": "catmullrom"
						},
						"0.25": {
							"post": [1.5, 0, 0],
							"lerp_mode": "catmullrom"
						},
						"0.5833": {
							"post": [1.5, 0, 0],
							"lerp_mode": "catmullrom"
						},
						"0.875": {
							"post": [2.75, 0, 0],
							"lerp_mode": "catmullrom"
						},
						"1.2083": {
							"post": [-0.8, 0, 0],
							"lerp_mode": "catmullrom"
						},
						"1.9167": {
							"post": [-4.05, 0, 0],
							"lerp_mode": "catmullrom"
						},
						"2.4583": {
							"post": [0, 0, 0],
							"lerp_mode": "catmullrom"
						},
						"3.3333": {
							"post": [0, 0, 0],
							"lerp_mode": "catmullrom"
						}
					}
				},
				"waist": {
					"rotation": {
						"0.0": {
							"post": [0, 0, 0],
							"lerp_mode": "catmullrom"
						},
						"0.1667": {
							"post": [1, 0, 0],
							"lerp_mode": "catmullrom"
						},
						"0.4583": {
							"post": [-0.75, 0, 0],
							"lerp_mode": "catmullrom"
						},
						"0.875": {
							"post": [1, 0, 0],
							"lerp_mode": "catmullrom"
						},
						"1.4167": {
							"post": [-0.25, 0, 0],
							"lerp_mode": "catmullrom"
						},
						"2.25": {
							"post": [-0.475, 0, 0],
							"lerp_mode": "catmullrom"
						},
						"2.7917": {
							"post": [0.05, 0, 0],
							"lerp_mode": "catmullrom"
						},
						"3.5": {
							"post": [0, 0, 0],
							"lerp_mode": "catmullrom"
						}
					}
				},
				"tail1": {
					"rotation": {
						"0.0": {
							"post": [0, 0, 0],
							"lerp_mode": "catmullrom"
						},
						"0.2083": {
							"post": [1.25, 0, 0],
							"lerp_mode": "catmullrom"
						},
						"0.5": {
							"post": [-0.25, 0, 0],
							"lerp_mode": "catmullrom"
						},
						"0.7083": {
							"post": [0.75, 0, 0],
							"lerp_mode": "catmullrom"
						},
						"1.0833": {
							"post": [2.4558, -0.10177, 0.37584],
							"lerp_mode": "catmullrom"
						},
						"1.4583": {
							"post": [-0.95643, 0.10338, -0.37572],
							"lerp_mode": "catmullrom"
						},
						"1.9583": {
							"post": [-1.20026, 0.11651, -0.4298],
							"lerp_mode": "catmullrom"
						},
						"2.7083": {
							"post": [0, 0, 0],
							"lerp_mode": "catmullrom"
						},
						"3.5": {
							"post": [0, 0, 0],
							"lerp_mode": "catmullrom"
						}
					}
				}
			},
			"sound_effects": {
				"0.2083": {
					"effect": "pokemon.aurorus.cry"
				}
			}
		},
		"animation.brachioforest.scale": {
			"loop": true,
			"bones": {
				"brachioforest": {
					"scale": 1.25
				}
			}
		},
		"animation.brachioforest.walk_speed_test": {
			"loop": true,
			"bones": {
				"brachioforest": {
					"position": [0, 0, "-q.anim_time*90*0.12"]
				}
			}
		}
	}
}