{
	"format_version": "1.12.0",
	"minecraft:geometry": [
		{
			"description": {
				"identifier": "geometry.vaalzebub_female",
				"texture_width": 128,
				"texture_height": 128,
				"visible_bounds_width": 5,
				"visible_bounds_height": 3.5,
				"visible_bounds_offset": [0, 1.25, 0]
			},
			"bones": [
				{
					"name": "vaalzebub",
					"pivot": [0, 0, 0]
				},
				{
					"name": "body",
					"parent": "vaalzebub",
					"pivot": [0, 0, 0]
				},
				{
					"name": "thorax",
					"parent": "body",
					"pivot": [5, 17.375, 2.375],
					"cubes": [
						{"origin": [-4.5, 9.475, -6.625], "size": [9, 12, 4], "pivot": [0, 15.475, -5.125], "rotation": [-4.75, 0, 0], "uv": [0, 63]},
						{"origin": [-5, 8.375, -3.625], "size": [10, 13, 6], "uv": [42, 0]},
						{"origin": [-5, 21.375, 2.375], "size": [10, 0, 4], "pivot": [0, 21.375, 2.375], "rotation": [8, 0, 0], "uv": [42, 19]},
						{"origin": [-5, 13.375, 2.375], "size": [0, 8, 2], "pivot": [-5, 17.375, 2.375], "rotation": [0, -20, 0], "uv": [4, 19]},
						{"origin": [5, 13.375, 2.375], "size": [0, 8, 2], "pivot": [5, 17.375, 2.375], "rotation": [0, 20, 0], "uv": [0, 19]},
						{"origin": [-5.375, 19.35, -0.675], "size": [3, 3, 3], "uv": [46, 63]},
						{"origin": [2.375, 19.35, -0.675], "size": [3, 3, 3], "uv": [84, 65]}
					]
				},
				{
					"name": "head",
					"parent": "thorax",
					"pivot": [0, 16.93116, -6.24025],
					"cubes": [
						{"origin": [-4, 12.35, -15.275], "size": [8, 6, 9], "pivot": [0, 17.1, -10.4875], "rotation": [8.5, 0, 0], "uv": [41, 23]},
						{"origin": [-3, 18.35, -14.2], "size": [6, 2, 8], "pivot": [0, 17.1, -10.4875], "rotation": [8.5, 0, 0], "uv": [52, 63]},
						{"origin": [3, 12.875, -14.65], "size": [2, 7, 8], "uv": [72, 65]},
						{"origin": [-5, 12.875, -14.65], "size": [2, 7, 8], "uv": [0, 0]},
						{"origin": [-4, 11.74565, -14.59908], "size": [8, 1, 7], "pivot": [0, 12.75, -7.4875], "rotation": [18.5, 0, 0], "uv": [0, 39]},
						{"origin": [-4.5, 12.74565, -10.59908], "size": [9, 1, 3], "pivot": [0, 12.75, -7.4875], "rotation": [18.5, 0, 0], "uv": [64, 40]},
						{"origin": [0.43256, 17.02645, -16.2], "size": [2, 2, 2], "pivot": [0, 19.65, -15.2], "rotation": [0, 0, -12.5], "uv": [32, 25]},
						{"origin": [-2.43256, 17.02645, -16.2], "size": [2, 2, 2], "pivot": [0, 19.65, -15.2], "rotation": [0, 0, 12.5], "uv": [32, 21]},
						{"origin": [2, 19.4557, -14.69832], "size": [0, 2, 8], "pivot": [2, 20.4557, -10.69832], "rotation": [8.62917, -9.88905, -1.49295], "uv": [0, 9]},
						{"origin": [-2, 19.1807, -14.69832], "size": [0, 2, 8], "pivot": [-2, 20.4557, -10.69832], "rotation": [171.37083, -9.88905, -178.50705], "uv": [0, 7]},
						{"origin": [-3.25, 12.35, -15.3], "size": [6.5, 2, 0], "pivot": [0, 17.1, -10.4875], "rotation": [8.5, 0, 0], "uv": [20, 47]},
						{"origin": [1.075, 14.70343, -11.35], "size": [5, 5, 0], "pivot": [4.225, 17.10343, -10.55], "rotation": [90, 0, -90], "uv": [11, 79]},
						{"origin": [-6.075, 14.70343, -11.35], "size": [5, 5, 0], "pivot": [-4.225, 17.10343, -10.55], "rotation": [90, 0, 90], "uv": [11, 79], "mirror": true}
					]
				},
				{
					"name": "drool",
					"parent": "head",
					"pivot": [0, 16.375, -10.7],
					"cubes": [
						{"origin": [-2, 6.475, -14.225], "size": [4, 4, 0], "uv": [32, 5]},
						{"origin": [-2, 4.475, -14.225], "size": [4, 2, 0], "uv": [32, 9]}
					]
				},
				{
					"name": "leftmandible",
					"parent": "head",
					"pivot": [4, 12, -9],
					"rotation": [0, 0, 0],
					"cubes": [
						{"origin": [3.35, 10.39893, -16.25191], "size": [2, 2, 7], "pivot": [4.35, 11.39893, -12.75191], "rotation": [8.57226, 7.41715, 23.61481], "uv": [0, 79]}
					]
				},
				{
					"name": "lefttooth",
					"parent": "leftmandible",
					"pivot": [3.025, 11.39893, -15.7519],
					"rotation": [0, 0, -22.5],
					"cubes": [
						{"origin": [2.55, 10.54893, -16.30191], "size": [1, 2, 1], "pivot": [4.35, 11.39893, -12.75191], "rotation": [6.96475, 8.94279, 12.35345], "uv": [1, 40]},
						{"origin": [1.15, 10.54893, -16.32691], "size": [2, 2, 0], "pivot": [4.35, 11.39893, -12.75191], "rotation": [6.96475, 8.94279, 12.35345], "uv": [16, 17]},
						{"origin": [3.15, 10.54893, -16.32691], "size": [2, 2, 0], "pivot": [4.35, 11.39893, -12.75191], "rotation": [6.96475, 8.94279, 12.35345], "uv": [20, 17]}
					]
				},
				{
					"name": "rightmandible",
					"parent": "head",
					"pivot": [-4, 12, -9],
					"cubes": [
						{"origin": [-5.35, 10.39893, -16.25191], "size": [2, 2, 7], "pivot": [-4.35, 11.39893, -12.75191], "rotation": [8.57226, -7.41715, -23.61481], "uv": [83, 56]}
					]
				},
				{
					"name": "righttooth",
					"parent": "rightmandible",
					"pivot": [-3.025, 11.39893, -15.75191],
					"rotation": [0, 0, 22.5],
					"cubes": [
						{"origin": [-3.03724, 10.44656, -16.12615], "size": [1, 2, 1], "pivot": [-3.025, 11.39893, -15.75191], "rotation": [6.96475, -8.94279, -12.35345], "uv": [24, 41]},
						{"origin": [-2.63724, 10.44656, -16.15115], "size": [2, 2, 0], "pivot": [-3.025, 11.39893, -15.75191], "rotation": [6.96475, -8.94279, -12.35345], "uv": [16, 15]},
						{"origin": [-4.63724, 10.44656, -16.15115], "size": [2, 2, 0], "pivot": [-3.025, 11.39893, -15.75191], "rotation": [6.96475, -8.94279, -12.35345], "uv": [20, 15]}
					]
				},
				{
					"name": "abdomen",
					"parent": "thorax",
					"pivot": [0.02813, 20.95794, 2.06312],
					"cubes": [
						{"origin": [-3.5, 17.1, -1.15], "size": [7, 3, 6], "pivot": [0, 15.1, 2.85], "rotation": [-26.75, 0, 0], "uv": [44, 38]},
						{"origin": [-3.5, 11.1, -1.15], "size": [7, 6, 6], "inflate": 0.001, "pivot": [0, 15.1, 2.85], "rotation": [-26.75, 0, 0], "uv": [26, 63]},
						{"origin": [-6.5, 16.95, 4.85], "size": [13, 5, 8], "pivot": [0, 15.1, 2.85], "rotation": [-26.75, 0, 0], "uv": [0, 50]},
						{"origin": [-6, 4.72047, 2.85758], "size": [12, 10, 8], "pivot": [0, 9.72047, 6.85758], "rotation": [-26.75, 0, 0], "uv": [0, 21]},
						{"origin": [-5.99, 8.0101, 5.55474], "size": [12, 5, 8], "inflate": 0.1, "pivot": [0, 7.9111, 14.81124], "rotation": [-44.5, 0, 0], "uv": [42, 50]},
						{"origin": [-5.5, 3.17111, 3.69697], "size": [11, 10, 8], "pivot": [-0.01, 8.17111, 7.69697], "rotation": [-44.5, 0, 0], "uv": [3, 89]},
						{"origin": [-3.565, 7.5101, 13.05474], "size": [7, 5, 5], "pivot": [0, 7.9111, 14.81124], "rotation": [-44.5, 0, 0], "uv": [47, 73]},
						{"origin": [-3.56, 0.32228, 10.32693], "size": [7, 8, 4], "pivot": [-0.06, 4.32228, 12.32693], "rotation": [-44.5, 0, 0], "uv": [22, 76]},
						{"origin": [4.5, 18.4628, 7.5161], "size": [0, 1, 8], "pivot": [4.5, 18.9628, 11.5161], "rotation": [-27.55655, -13.36302, 6.87686], "uv": [0, 12]},
						{"origin": [-3.275, 13.93282, 15.26587], "size": [0, 1, 5], "pivot": [-4.5, 14.43282, 16.46587], "rotation": [-53.12061, 28.80728, -32.71121], "uv": [3, 14]},
						{"origin": [3.5, 13.60782, 14.96587], "size": [0, 1, 5], "pivot": [4.5, 14.43282, 16.46587], "rotation": [-47.31572, -17.54367, 18.09943], "uv": [3, 15]},
						{"origin": [-4.5, 18.4628, 7.5161], "size": [0, 1, 8], "pivot": [-4.5, 18.9628, 11.5161], "rotation": [-29.60729, 24.3514, -13.18689], "uv": [0, 11]}
					]
				},
				{
					"name": "leftfrontleg",
					"parent": "thorax",
					"pivot": [4.6941, 11.5691, -4.4224],
					"rotation": [-15.48556, 42.62415, -1.99651],
					"cubes": [
						{"origin": [8.80212, 11.86307, -5.09076], "size": [7, 3, 1], "inflate": 0.001, "pivot": [3.95944, 22.42733, -6.45851], "rotation": [0, 0, 32.5], "uv": [34, 54]}
					]
				},
				{
					"name": "leftfrontleg2",
					"parent": "leftfrontleg",
					"pivot": [7.5409, 7.93926, -4.74076],
					"cubes": [
						{"origin": [13.78115, 3.96043, -5.09076], "size": [2, 7, 1], "pivot": [7.80944, 17.42733, -6.45851], "rotation": [0, 0, 48.25], "uv": [12, 0]}
					]
				},
				{
					"name": "rightfrontleg",
					"parent": "thorax",
					"pivot": [-4.6941, 11.5691, -4.4224],
					"rotation": [-15.48556, -42.62415, 1.99651],
					"cubes": [
						{"origin": [-15.80212, 11.86307, -5.09076], "size": [7, 3, 1], "inflate": 0.001, "pivot": [-3.95944, 22.42733, -6.45851], "rotation": [0, 0, -32.5], "uv": [34, 54], "mirror": true}
					]
				},
				{
					"name": "rightfrontleg2",
					"parent": "rightfrontleg",
					"pivot": [-7.5409, 7.93926, -4.74076],
					"cubes": [
						{"origin": [-15.78115, 3.96043, -5.09076], "size": [2, 7, 1], "pivot": [-7.80944, 17.42733, -6.45851], "rotation": [0, 0, -48.25], "uv": [12, 0], "mirror": true}
					]
				},
				{
					"name": "rightbackleg",
					"parent": "thorax",
					"pivot": [-4, 12.025, -0.625],
					"cubes": [
						{"origin": [-11, 10.25, -1.625], "size": [7, 4, 2], "inflate": 0.001, "pivot": [-4, 12.75, -0.625], "rotation": [0, 0, -32.5], "uv": [71, 80]},
						{"origin": [-11, 13.95, -0.6245], "size": [7, 1, 0], "pivot": [-4, 12.75, -0.625], "rotation": [0, 0, -32.5], "uv": [23, 39]}
					]
				},
				{
					"name": "rightbackleg2",
					"parent": "rightbackleg",
					"pivot": [-7.825, 7.5, -0.625],
					"cubes": [
						{"origin": [-8.97188, -0.26991, -1.625], "size": [2, 8, 2], "pivot": [-7.85, 7.75, -0.625], "rotation": [0, 0, -48.25], "uv": [0, 47]},
						{"origin": [-9.57188, -0.26991, -0.625], "size": [1, 8, 0], "pivot": [-7.85, 7.75, -0.625], "rotation": [0, 0, -48.25], "uv": [18, 0]}
					]
				},
				{
					"name": "leftbackleg",
					"parent": "thorax",
					"pivot": [4, 12.025, -0.625],
					"cubes": [
						{"origin": [4, 10.25, -1.625], "size": [7, 4, 2], "inflate": 0.001, "pivot": [4, 12.75, -0.625], "rotation": [0, 0, 32.5], "uv": [71, 80], "mirror": true},
						{"origin": [4, 13.95, -0.6245], "size": [7, 1, 0], "pivot": [4, 12.75, -0.625], "rotation": [0, 0, 32.5], "uv": [23, 39], "mirror": true}
					]
				},
				{
					"name": "leftbackleg2",
					"parent": "leftbackleg",
					"pivot": [7.825, 7.5, -0.625],
					"cubes": [
						{"origin": [6.97188, -0.26991, -1.625], "size": [2, 8, 2], "pivot": [7.85, 7.75, -0.625], "rotation": [0, 0, 48.25], "uv": [0, 47], "mirror": true},
						{"origin": [8.57188, -0.26991, -0.625], "size": [1, 8, 0], "pivot": [7.85, 7.75, -0.625], "rotation": [0, 0, 48.25], "uv": [18, 0], "mirror": true}
					]
				},
				{
					"name": "leftwing",
					"parent": "thorax",
					"pivot": [5.3843, 22.0182, 0.6978],
					"cubes": [
						{"origin": [5.375, 22, -4.175], "size": [20, 0, 21], "pivot": [5.375, 22, 0.825], "rotation": [-9.90778, -2.6397, -14.77116], "uv": [30, 97]}
					]
				},
				{
					"name": "leftsmallwing",
					"parent": "thorax",
					"pivot": [5.3843, 19.7182, 0.6978],
					"cubes": [
						{"origin": [5.375, 19.975, -4.825], "size": [12, 0, 11], "pivot": [5.375, 19.975, -0.825], "rotation": [-9.78498, 3.06729, 17.23738], "uv": [85, 102]}
					]
				},
				{
					"name": "rightwing",
					"parent": "thorax",
					"pivot": [-5.3843, 22.0182, 0.6978],
					"cubes": [
						{"origin": [-25.375, 22, -4.175], "size": [20, 0, 21], "pivot": [-5.375, 22, 0.825], "rotation": [-9.90778, 2.6397, 14.77116], "uv": [30, 97], "mirror": true}
					]
				},
				{
					"name": "rightsmallwing",
					"parent": "thorax",
					"pivot": [-5.3843, 19.7182, 0.6978],
					"cubes": [
						{"origin": [-17.375, 19.975, -4.825], "size": [12, 0, 11], "pivot": [-5.375, 19.975, -0.825], "rotation": [-9.78498, -3.06729, -17.23738], "uv": [85, 102], "mirror": true}
					]
				}
			]
		}
	]
}