{
	"format_version": "1.12.0",
	"minecraft:geometry": [
		{
			"description": {
				"identifier": "geometry.learva",
				"texture_width": 128,
				"texture_height": 128,
				"visible_bounds_width": 3,
				"visible_bounds_height": 2.5,
				"visible_bounds_offset": [0, 0.75, 0]
			},
			"bones": [
				{
					"name": "learva",
					"pivot": [0, 0, 0]
				},
				{
					"name": "body",
					"parent": "learva",
					"pivot": [0, 7, 1],
					"cubes": [
						{"origin": [-4, 4, -6], "size": [8, 6, 13], "uv": [0, 0]},
						{"origin": [-4, 4, -1], "size": [8, 6, 6], "inflate": 0.01, "uv": [34, 32]}
					]
				},
				{
					"name": "leaf",
					"parent": "body",
					"pivot": [0, 10, 1],
					"cubes": [
						{"origin": [-5.5, 10.02, -6], "size": [11, 0, 13], "uv": [0, 19]}
					]
				},
				{
					"name": "leaf_front",
					"parent": "leaf",
					"pivot": [0, 10, -6],
					"cubes": [
						{"origin": [-5.5, 10.02, -12], "size": [11, 0, 6], "uv": [0, 32]}
					]
				},
				{
					"name": "leaf_back",
					"parent": "leaf",
					"pivot": [0, 10, 7],
					"cubes": [
						{"origin": [-5.5, 10.02, 7], "size": [11, 0, 5], "uv": [0, 38]}
					]
				},
				{
					"name": "eyes",
					"parent": "body",
					"pivot": [0, 7, -3]
				},
				{
					"name": "left_eye",
					"parent": "eyes",
					"pivot": [4, 7, -3.1],
					"cubes": [
						{"origin": [4.02, 6, -5.1], "size": [0, 2, 4], "uv": [26, 48]},
						{"origin": [4.03, 6.5, -4.6], "size": [0, 1, 3], "uv": [42, 50]}
					]
				},
				{
					"name": "left_eyelid",
					"parent": "left_eye",
					"pivot": [3, 7, -3.1],
					"cubes": [
						{"origin": [2.25, 6, -5.1], "size": [1, 2, 4], "inflate": 0.01, "uv": [42, 44]}
					]
				},
				{
					"name": "right_eye",
					"parent": "eyes",
					"pivot": [-4, 7, -3.1],
					"cubes": [
						{"origin": [-4.02, 6, -5.1], "size": [0, 2, 4], "uv": [34, 48]},
						{"origin": [-4.03, 6.5, -4.6], "size": [0, 1, 3], "uv": [48, 50]}
					]
				},
				{
					"name": "right_eyelid",
					"parent": "right_eye",
					"pivot": [-3, 7, -3.1],
					"cubes": [
						{"origin": [-3.25, 6, -5.1], "size": [1, 2, 4], "inflate": 0.01, "uv": [0, 47]}
					]
				},
				{
					"name": "mouth",
					"parent": "body",
					"pivot": [0, 5.5, -4]
				},
				{
					"name": "closed_mouth",
					"parent": "mouth",
					"pivot": [0, 5.5, -4],
					"cubes": [
						{"origin": [-4, 4, -6], "size": [8, 3, 4], "inflate": 0.01, "uv": [42, 0]}
					]
				},
				{
					"name": "open_mouth",
					"parent": "mouth",
					"pivot": [0, 6.5, -1],
					"rotation": [0, -90, 0],
					"cubes": [
						{"origin": [-4, 5, -3], "size": [8, 3, 4], "inflate": 0.01, "uv": [42, 7]}
					]
				},
				{
					"name": "legs",
					"parent": "learva",
					"pivot": [0, 0, 0]
				},
				{
					"name": "front_legs",
					"parent": "legs",
					"pivot": [0, 6, 0.5]
				},
				{
					"name": "front_left_leg",
					"parent": "front_legs",
					"pivot": [4, 6, 0.5]
				},
				{
					"name": "front_left_leg_top",
					"parent": "front_left_leg",
					"pivot": [4, 6, 0.5],
					"cubes": [
						{"origin": [3, 4, 0.5], "size": [6, 4, 0], "uv": [42, 14]}
					]
				},
				{
					"name": "front_left_leg_bottom",
					"parent": "front_left_leg",
					"pivot": [7.5, 5.5, 0.5],
					"cubes": [
						{"origin": [6, 0, 0.5], "size": [4, 7, 0], "uv": [10, 47]}
					]
				},
				{
					"name": "front_right_leg",
					"parent": "front_legs",
					"pivot": [-4, 6, 0.5]
				},
				{
					"name": "front_right_leg_top",
					"parent": "front_right_leg",
					"pivot": [-4, 6, 0.5],
					"cubes": [
						{"origin": [-9, 4, 0.5], "size": [6, 4, 0], "uv": [1, 43]}
					]
				},
				{
					"name": "front_right_leg_bottom",
					"parent": "front_right_leg",
					"pivot": [-7.5, 5.5, 0.5],
					"cubes": [
						{"origin": [-10, 0, 0.5], "size": [4, 7, 0], "uv": [18, 47]}
					]
				},
				{
					"name": "back_legs",
					"parent": "legs",
					"pivot": [0, 6, 5.25]
				},
				{
					"name": "back_left_leg",
					"parent": "back_legs",
					"pivot": [4, 6, 5.25]
				},
				{
					"name": "back_left_leg_top",
					"parent": "back_left_leg",
					"pivot": [4, 6, 5.25],
					"cubes": [
						{"origin": [3, 4, 5.25], "size": [6, 4, 0], "uv": [14, 43]}
					]
				},
				{
					"name": "back_left_leg_bottom",
					"parent": "back_left_leg",
					"pivot": [7.5, 5.5, 5.25],
					"cubes": [
						{"origin": [6, 0, 5.25], "size": [4, 7, 0], "uv": [48, 18]}
					]
				},
				{
					"name": "back_right_leg",
					"parent": "back_legs",
					"pivot": [-4, 6, 5.25]
				},
				{
					"name": "back_right_leg_top",
					"parent": "back_right_leg",
					"pivot": [-4, 6, 5.25],
					"cubes": [
						{"origin": [-9, 4, 5.25], "size": [6, 4, 0], "uv": [29, 44]}
					]
				},
				{
					"name": "back_right_leg_bottom",
					"parent": "back_right_leg",
					"pivot": [-7.5, 5.5, 5.25],
					"cubes": [
						{"origin": [-10, 0, 5.25], "size": [4, 7, 0], "uv": [48, 25]}
					]
				}
			]
		}
	]
}