{
	"format_version": "1.16.0",
	"minecraft:geometry": [
		{
			"description": {
				"identifier": "geometry.duskit",
				"texture_width": 128,
				"texture_height": 128,
				"visible_bounds_width": 4,
				"visible_bounds_height": 4.5,
				"visible_bounds_offset": [0, 1.75, 0]
			},
			"bones": [
				{
					"name": "duskit",
					"pivot": [0, 0, 0]
				},
				{
					"name": "body",
					"parent": "duskit",
					"pivot": [0, 21, 0],
					"cubes": [
						{"origin": [-3, 13, -3], "size": [6, 11, 5], "uv": [29, 26]}
					]
				},
				{
					"name": "torso",
					"parent": "body",
					"pivot": [0, 0, 0]
				},
				{
					"name": "neck",
					"parent": "torso",
					"pivot": [0, 24, 0],
					"cubes": [
						{"origin": [-2, 24, -2], "size": [4, 3, 3], "uv": [52, 0]}
					]
				},
				{
					"name": "head",
					"parent": "neck",
					"pivot": [0, 26, 0],
					"cubes": [
						{"origin": [-4, 26, -4], "size": [8, 9, 7], "uv": [0, 0]}
					]
				},
				{
					"name": "left_ear",
					"parent": "head",
					"pivot": [3, 34, 2],
					"cubes": [
						{"origin": [3, 28, 1.01], "size": [4, 9, 2], "uv": [0, 50]}
					]
				},
				{
					"name": "left_ear2",
					"parent": "left_ear",
					"pivot": [6, 31, 2],
					"cubes": [
						{"origin": [5, 28, 2.01], "size": [6, 19, 0], "uv": [0, 83]}
					]
				},
				{
					"name": "right_ear",
					"parent": "head",
					"pivot": [-3, 34, 2],
					"cubes": [
						{"origin": [-7, 28, 1.01], "size": [4, 9, 2], "uv": [46, 50]}
					]
				},
				{
					"name": "right_ear2",
					"parent": "right_ear",
					"pivot": [-6, 31, 2],
					"cubes": [
						{"origin": [-11, 28, 2.01], "size": [6, 19, 0], "uv": [0, 64]}
					]
				},
				{
					"name": "mask",
					"parent": "head",
					"pivot": [0, 29.5, -5],
					"binding": "'head'",
					"cubes": [
						{"origin": [-2, 28, -5], "size": [4, 5, 2], "uv": [52, 6]},
						{"origin": [-2.5, 26.5, -4.815], "size": [5, 2, 0], "uv": [30, 13]},
						{"origin": [-7, 25, -5], "size": [5, 12, 0], "pivot": [-2, 27, -5], "rotation": [0, 20, 0], "uv": [51, 30]},
						{"origin": [2, 25, -5], "size": [5, 12, 0], "pivot": [2, 27, -5], "rotation": [0, -20, 0], "uv": [12, 50]},
						{"origin": [-0.5, 28, -5.01], "size": [1, 1, 0], "pivot": [0, 28.5, -5], "rotation": [0, 0, -45], "uv": [25, 26]},
						{"origin": [0.5, 28.25, -5.02], "size": [1, 1, 0], "pivot": [0, 27.75, -5], "rotation": [0, 0, -45], "uv": [25, 25]},
						{"origin": [-0.5, 28, -5.01], "size": [1, 1, 0], "pivot": [0, 28.5, -5], "rotation": [0, 0, -45], "uv": [25, 26]},
						{"origin": [0.5, 28.25, -5.02], "size": [1, 1, 0], "pivot": [0, 27.75, -5], "rotation": [0, 0, -45], "uv": [25, 25]},
						{"origin": [0.5, 28.25, -5.02], "size": [1, 1, 0], "pivot": [0, 27.75, -5], "rotation": [0, 0, -45], "uv": [25, 25]},
						{"origin": [-0.5, 28, -5.01], "size": [1, 1, 0], "pivot": [0, 28.5, -5], "rotation": [0, 0, -45], "uv": [25, 26]}
					]
				},
				{
					"name": "eye_pupil_left",
					"parent": "mask",
					"pivot": [0, 0, 0],
					"cubes": [
						{"origin": [2.3, 30.8, -5.01], "size": [1, 1, 0], "uv": [25, 26]},
						{"origin": [2.3, 30.2, -5.01], "size": [1, 1, 0], "uv": [25, 26]}
					]
				},
				{
					"name": "eye_pupil_right",
					"parent": "mask",
					"pivot": [0, 0, 0],
					"cubes": [
						{"origin": [-3.3, 30.8, -5.01], "size": [1, 1, 0], "uv": [25, 26]},
						{"origin": [-3.3, 30.2, -5.01], "size": [1, 1, 0], "uv": [25, 26]}
					]
				},
				{
					"name": "right_eyelid",
					"parent": "mask",
					"pivot": [0, 28.5, -5],
					"rotation": [0, 20, 0],
					"cubes": [
						{"origin": [-3.9, 30, -5.67], "size": [2, 2, 0], "uv": [22, 68]}
					]
				},
				{
					"name": "left_eyelid",
					"parent": "mask",
					"pivot": [5.3, 28.5, -2.8],
					"rotation": [0, -20, 0],
					"cubes": [
						{"origin": [1.45, 30, -3.72], "size": [2, 2, 0], "uv": [22, 68]}
					]
				},
				{
					"name": "whisker_left_both",
					"parent": "mask",
					"pivot": [3, 28.5, -5]
				},
				{
					"name": "whisker_left2",
					"parent": "whisker_left_both",
					"pivot": [2, 29, -5],
					"cubes": [
						{"origin": [4.30154, 25, -5], "size": [5, 3, 0], "pivot": [7, 28, -5], "rotation": [0, 0, 20], "uv": [60, 19]}
					]
				},
				{
					"name": "whisker_left",
					"parent": "whisker_left_both",
					"pivot": [2, 29, -5],
					"cubes": [
						{"origin": [6, 27, -5], "size": [5, 3, 0], "pivot": [2, 27, -5], "rotation": [0, -20, 0], "uv": [60, 19]}
					]
				},
				{
					"name": "whisker_right_both",
					"parent": "mask",
					"pivot": [0, 28.5, -5]
				},
				{
					"name": "whisker_right2",
					"parent": "whisker_right_both",
					"pivot": [-2, 29, -5],
					"cubes": [
						{"origin": [-9.3, 25.25, -5], "size": [5, 3, 0], "pivot": [-6.3, 28.2, -6], "rotation": [0, 0, -20], "uv": [58, 59]}
					]
				},
				{
					"name": "whisker_right",
					"parent": "whisker_right_both",
					"pivot": [-2, 29, -5],
					"cubes": [
						{"origin": [-11, 27, -5], "size": [5, 3, 0], "pivot": [-2, 27, -5], "rotation": [0, 20, 0], "uv": [58, 59]}
					]
				},
				{
					"name": "right_arm",
					"parent": "torso",
					"pivot": [-3, 23, -1],
					"cubes": [
						{"origin": [-7, 21, -2], "size": [5, 2, 2], "uv": [32, 59]}
					]
				},
				{
					"name": "right_arm2",
					"parent": "right_arm",
					"pivot": [-6, 22, -1],
					"cubes": [
						{"origin": [-13, 20.5, -2.5], "size": [7, 3, 3], "uv": [46, 13]}
					]
				},
				{
					"name": "right_arm3",
					"parent": "right_arm2",
					"pivot": [-12, 22, -1],
					"cubes": [
						{"origin": [-15, 20, -3], "size": [4, 4, 4], "uv": [46, 42]}
					]
				},
				{
					"name": "right_claw",
					"parent": "right_arm3",
					"pivot": [-15, 20, -2],
					"cubes": [
						{"origin": [-18, 20, -4], "size": [4, 0, 2], "uv": [21, 0]}
					]
				},
				{
					"name": "right_claw2",
					"parent": "right_arm3",
					"pivot": [-14, 23, -2],
					"cubes": [
						{"origin": [-18, 22, -2], "size": [4, 3, 0], "uv": [47, 0]}
					]
				},
				{
					"name": "right_claw4",
					"parent": "right_arm3",
					"pivot": [-14, 23, 0],
					"cubes": [
						{"origin": [-18, 22, 0], "size": [4, 3, 0], "uv": [17, 31]}
					]
				},
				{
					"name": "right_claw3",
					"parent": "right_arm3",
					"pivot": [-14, 23, -1],
					"cubes": [
						{"origin": [-18, 22, -0.9], "size": [4, 3, 0], "uv": [17, 31]}
					]
				},
				{
					"name": "left_arm",
					"parent": "torso",
					"pivot": [3, 23, -1],
					"cubes": [
						{"origin": [2, 21, -2], "size": [5, 2, 2], "uv": [58, 42]}
					]
				},
				{
					"name": "left_arm2",
					"parent": "left_arm",
					"pivot": [6, 22, -1],
					"cubes": [
						{"origin": [6, 20.5, -2.5], "size": [7, 3, 3], "uv": [0, 44]}
					]
				},
				{
					"name": "left_arm3",
					"parent": "left_arm2",
					"pivot": [11, 22, -1],
					"cubes": [
						{"origin": [11, 20, -3], "size": [4, 4, 4], "uv": [48, 22]}
					]
				},
				{
					"name": "left_claw",
					"parent": "left_arm3",
					"pivot": [15, 20, -2],
					"cubes": [
						{"origin": [14, 20, -4], "size": [4, 0, 2], "uv": [21, 2]}
					]
				},
				{
					"name": "left_claw2",
					"parent": "left_arm3",
					"pivot": [15, 23, -2],
					"cubes": [
						{"origin": [14, 22, -2], "size": [4, 3, 0], "uv": [0, 61]}
					]
				},
				{
					"name": "left_claw3",
					"parent": "left_arm3",
					"pivot": [15, 23, 0],
					"cubes": [
						{"origin": [14, 22, -1], "size": [4, 3, 0], "uv": [52, 19]}
					]
				},
				{
					"name": "left_claw4",
					"parent": "left_arm3",
					"pivot": [15, 23, 0],
					"cubes": [
						{"origin": [14, 22, 0], "size": [4, 3, 0], "uv": [52, 19]}
					]
				},
				{
					"name": "tail",
					"parent": "torso",
					"pivot": [0, 18, 2],
					"cubes": [
						{"origin": [0, 14, 2], "size": [0, 4, 8], "uv": [18, 19]}
					]
				},
				{
					"name": "tail2",
					"parent": "tail",
					"pivot": [0, 15, 9],
					"cubes": [
						{"origin": [-0.01, 14, 9], "size": [0, 15, 9], "uv": [0, 7]}
					]
				},
				{
					"name": "tail3",
					"parent": "tail2",
					"pivot": [0, 27, 15],
					"cubes": [
						{"origin": [-1, 24, 9], "size": [2, 6, 7], "uv": [34, 13]}
					]
				},
				{
					"name": "left_leg",
					"parent": "body",
					"pivot": [3, 16, 0]
				},
				{
					"name": "left_leg2",
					"parent": "left_leg",
					"pivot": [4, 10, 1],
					"cubes": [
						{"origin": [1, 9, -2.99], "size": [6, 8, 5], "uv": [0, 31]}
					]
				},
				{
					"name": "left_leg3",
					"parent": "left_leg2",
					"pivot": [4, 10, 1],
					"cubes": [
						{"origin": [3, 4, 1], "size": [3, 7, 2], "uv": [22, 59]}
					]
				},
				{
					"name": "right_leg",
					"parent": "body",
					"pivot": [-3, 16, 0]
				},
				{
					"name": "right_leg2",
					"parent": "right_leg",
					"pivot": [-4, 10, 1],
					"cubes": [
						{"origin": [-7, 9, -2.99], "size": [6, 8, 5], "uv": [30, 0]}
					]
				},
				{
					"name": "right_leg3",
					"parent": "right_leg2",
					"pivot": [-5, 10, 1],
					"cubes": [
						{"origin": [-6, 4, 1], "size": [3, 7, 2], "uv": [58, 50]}
					]
				}
			]
		}
	]
}