{
	"format_version": "1.8.0",
	"animations": {
		"animation.legallus.idle": {
			"loop": true,
			"animation_length": 6,
			"bones": {
				"leftpetal": {
					"rotation": {
						"0.0": {
							"post": [0, -25, 0],
							"lerp_mode": "catmullrom"
						},
						"3.0": {
							"post": [0, -40, 0],
							"lerp_mode": "catmullrom"
						},
						"6.0": {
							"post": [0, -25, 0],
							"lerp_mode": "catmullrom"
						}
					},
					"position": {
						"0.0": {
							"post": [-0.55, 0, 0],
							"lerp_mode": "catmullrom"
						}
					},
					"scale": {
						"0.0": {
							"post": [1.5, 1.2, 1],
							"lerp_mode": "catmullrom"
						}
					}
				},
				"rightpetal": {
					"rotation": {
						"0.0": {
							"post": [0, 37.5, 0],
							"lerp_mode": "catmullrom"
						},
						"3.0": {
							"post": [0, 47.5, 0],
							"lerp_mode": "catmullrom"
						},
						"6.0": {
							"post": [0, 37.5, 0],
							"lerp_mode": "catmullrom"
						}
					},
					"position": {
						"0.0": {
							"post": [0.625, 0, 0],
							"lerp_mode": "catmullrom"
						}
					},
					"scale": {
						"0.0": {
							"post": [1.5, 1.2, 1],
							"lerp_mode": "catmullrom"
						}
					}
				},
				"posteriorpetal": {
					"position": [0, 0, 0.425]
				},
				"whole": {
					"rotation": [-4.5, 0, 0],
					"position": {
						"0.0": {
							"post": [0, 1.4, 0.45],
							"lerp_mode": "catmullrom"
						}
					}
				},
				"torso": {
					"position": {
						"0.0": {
							"post": [0, 0.5, 0],
							"lerp_mode": "catmullrom"
						}
					}
				},
				"uppertorsoleaf": {
					"rotation": {
						"0.0": {
							"post": [0, 0, -5],
							"lerp_mode": "catmullrom"
						},
						"1.5": {
							"post": [0, 0, 4.75],
							"lerp_mode": "catmullrom"
						},
						"3.0": {
							"post": [0, 0, -13],
							"lerp_mode": "catmullrom"
						},
						"4.5": {
							"post": [0, 0, -1.5],
							"lerp_mode": "catmullrom"
						},
						"6.0": {
							"post": [0, 0, -5],
							"lerp_mode": "catmullrom"
						}
					}
				},
				"arms": {
					"rotation": {
						"0.0": {
							"post": [-15, 0, 0],
							"lerp_mode": "catmullrom"
						},
						"3.0": {
							"post": [-2.5, 0, 0],
							"lerp_mode": "catmullrom"
						},
						"6.0": {
							"post": [-15, 0, 0],
							"lerp_mode": "catmullrom"
						}
					}
				},
				"neck": {
					"rotation": {
						"0.0": {
							"post": [-20, 0, 0],
							"lerp_mode": "catmullrom"
						},
						"3.0": {
							"post": [0, 0, 0],
							"lerp_mode": "catmullrom"
						},
						"6.0": {
							"post": [-20, 0, 0],
							"lerp_mode": "catmullrom"
						}
					}
				},
				"head": {
					"rotation": {
						"0.0": {
							"post": [20, 0, 0],
							"lerp_mode": "catmullrom"
						},
						"3.0": {
							"post": [0, 0, 0],
							"lerp_mode": "catmullrom"
						},
						"6.0": {
							"post": [20, 0, 0],
							"lerp_mode": "catmullrom"
						}
					},
					"position": {
						"0.0": {
							"post": [0, -1.35, 0],
							"lerp_mode": "catmullrom"
						},
						"3.0": {
							"post": [0, -2.225, 0],
							"lerp_mode": "catmullrom"
						},
						"6.0": {
							"post": [0, -1.35, 0],
							"lerp_mode": "catmullrom"
						}
					}
				},
				"lowerjaw": {
					"rotation": {
						"0.0": {
							"post": [7.5, 0, 0],
							"lerp_mode": "catmullrom"
						},
						"3.0": {
							"post": [0, 0, 0],
							"lerp_mode": "catmullrom"
						},
						"6.0": {
							"post": [7.5, 0, 0],
							"lerp_mode": "catmullrom"
						}
					}
				},
				"petals": {
					"rotation": {
						"0.0": {
							"post": [-7.5, 0, 0],
							"lerp_mode": "catmullrom"
						},
						"3.0": {
							"post": [10, 0, 0],
							"lerp_mode": "catmullrom"
						},
						"6.0": {
							"post": [-7.5, 0, 0],
							"lerp_mode": "catmullrom"
						}
					}
				},
				"bumbum": {
					"rotation": {
						"0.0": {
							"post": [12.5, 0, 0],
							"lerp_mode": "catmullrom"
						},
						"3.0": {
							"post": [0, 0, 0],
							"lerp_mode": "catmullrom"
						},
						"6.0": {
							"post": [12.5, 0, 0],
							"lerp_mode": "catmullrom"
						}
					},
					"position": {
						"0.0": {
							"post": [0, -2.45, 0],
							"lerp_mode": "catmullrom"
						}
					},
					"scale": {
						"0.0": {
							"post": [1, 1, 1],
							"lerp_mode": "catmullrom"
						}
					}
				},
				"legs": {
					"rotation": {
						"0.0": {
							"post": [5.25, 0, 0],
							"lerp_mode": "catmullrom"
						},
						"3.0": {
							"post": [5.25, 0, 0],
							"lerp_mode": "catmullrom"
						},
						"6.0": {
							"post": [5.25, 0, 0],
							"lerp_mode": "catmullrom"
						}
					},
					"position": {
						"0.0": {
							"post": [0, -1.525, 1.025],
							"lerp_mode": "catmullrom"
						},
						"6.0": {
							"post": [0, -1.525, 1.025],
							"lerp_mode": "catmullrom"
						}
					}
				},
				"bumleaf": {
					"rotation": {
						"0.0": {
							"post": [0, 0, -12.5],
							"lerp_mode": "catmullrom"
						},
						"1.5": {
							"post": [0, 0, 7.5],
							"lerp_mode": "catmullrom"
						},
						"3.0": {
							"post": [0, 0, -14.17],
							"lerp_mode": "catmullrom"
						},
						"4.5": {
							"post": [0, 0, 6.67],
							"lerp_mode": "catmullrom"
						},
						"6.0": {
							"post": [0, 0, -12.5],
							"lerp_mode": "catmullrom"
						}
					}
				},
				"tailbase": {
					"rotation": {
						"0.0": {
							"post": [45, 0, 0],
							"lerp_mode": "catmullrom"
						},
						"3.0": {
							"post": [30, 0, 0],
							"lerp_mode": "catmullrom"
						},
						"6.0": {
							"post": [45, 0, 0],
							"lerp_mode": "catmullrom"
						}
					}
				},
				"tailbaseleaf": {
					"rotation": {
						"0.0": {
							"post": [0, 0, -10],
							"lerp_mode": "catmullrom"
						},
						"1.5": {
							"post": [0, 0, 10],
							"lerp_mode": "catmullrom"
						},
						"3.0": {
							"post": [0, 0, -15],
							"lerp_mode": "catmullrom"
						},
						"4.5": {
							"post": [0, 0, 10],
							"lerp_mode": "catmullrom"
						},
						"6.0": {
							"post": [0, 0, -10],
							"lerp_mode": "catmullrom"
						}
					}
				},
				"tail1": {
					"rotation": {
						"0.0": {
							"post": [29.19146, 16.27014, 11.79198],
							"lerp_mode": "catmullrom"
						},
						"1.5": {
							"post": [-33.26926, -13.56626, 6.46066],
							"lerp_mode": "catmullrom"
						},
						"3.0": {
							"post": [-17.55262, 8.44214, 0.42239],
							"lerp_mode": "catmullrom"
						},
						"4.5": {
							"post": [10.26936, -15.0378, -7.3197],
							"lerp_mode": "catmullrom"
						},
						"6.0": {
							"post": [29.19146, 16.27014, 11.79198],
							"lerp_mode": "catmullrom"
						}
					}
				},
				"tailmidleaf": {
					"rotation": {
						"0.0": {
							"post": [0, 0, -45],
							"lerp_mode": "catmullrom"
						},
						"1.5": {
							"post": [0, 0, 32.5],
							"lerp_mode": "catmullrom"
						},
						"3.0": {
							"post": [0, 0, -30],
							"lerp_mode": "catmullrom"
						},
						"4.5": {
							"post": [0, 0, 32.5],
							"lerp_mode": "catmullrom"
						},
						"6.0": {
							"post": [0, 0, -45],
							"lerp_mode": "catmullrom"
						}
					}
				},
				"tail2": {
					"rotation": {
						"0.0": {
							"post": [0, 10, 0],
							"lerp_mode": "catmullrom"
						},
						"1.5": {
							"post": [-44.45184, -19.5998, 4.06159],
							"lerp_mode": "catmullrom"
						},
						"3.0": {
							"post": [-69.27887, 14.60559, -13.81465],
							"lerp_mode": "catmullrom"
						},
						"4.5": {
							"post": [-15.49504, -16.73519, 3.42128],
							"lerp_mode": "catmullrom"
						},
						"6.0": {
							"post": [0, 10, 0],
							"lerp_mode": "catmullrom"
						}
					}
				},
				"tendleaftop": {
					"rotation": {
						"0.0": {
							"post": [0, 0, -42.5],
							"lerp_mode": "catmullrom"
						},
						"1.5": {
							"post": [0, 0, 22.5],
							"lerp_mode": "catmullrom"
						},
						"3.0": {
							"post": [0, 0, -32.5],
							"lerp_mode": "catmullrom"
						},
						"4.5": {
							"post": [0, 0, 17.5],
							"lerp_mode": "catmullrom"
						},
						"6.0": {
							"post": [0, 0, -42.5],
							"lerp_mode": "catmullrom"
						}
					}
				},
				"tendleaftop2": {
					"rotation": {
						"0.0": {
							"post": [0, 0, 35],
							"lerp_mode": "catmullrom"
						},
						"1.5": {
							"post": [0, 0, -30],
							"lerp_mode": "catmullrom"
						},
						"3.0": {
							"post": [0, 0, 40],
							"lerp_mode": "catmullrom"
						},
						"4.5": {
							"post": [0, 0, -35],
							"lerp_mode": "catmullrom"
						},
						"6.0": {
							"post": [0, 0, 35],
							"lerp_mode": "catmullrom"
						}
					}
				}
			}
		},
		"animation.legallus.walk": {
			"loop": true,
			"animation_length": 1.8333,
			"bones": {
				"whole": {
					"rotation": [-2, 0, 0],
					"position": {
						"0.0": {
							"post": [0, 1.4, 0],
							"lerp_mode": "catmullrom"
						}
					}
				},
				"torso": {
					"position": {
						"0.0": {
							"post": [0, 0.5, 0],
							"lerp_mode": "catmullrom"
						}
					}
				},
				"uppertorso": {
					"rotation": {
						"0.0": {
							"post": [10, 0, 0],
							"lerp_mode": "catmullrom"
						},
						"0.4583": {
							"post": [9.96271, 0.86717, -4.92442],
							"lerp_mode": "catmullrom"
						},
						"0.9167": {
							"post": [10, 0, 0],
							"lerp_mode": "catmullrom"
						},
						"1.375": {
							"post": [9.91615, -1.29876, 7.38733],
							"lerp_mode": "catmullrom"
						},
						"1.8333": {
							"post": [10, 0, 0],
							"lerp_mode": "catmullrom"
						}
					},
					"position": {
						"0.0": {
							"post": [0, 0, -0.5],
							"lerp_mode": "catmullrom"
						},
						"0.4583": {
							"post": [1, 0, -0.5],
							"lerp_mode": "catmullrom"
						},
						"0.9167": {
							"post": [0, 0, -0.5],
							"lerp_mode": "catmullrom"
						},
						"1.375": {
							"post": [-1, 0, -0.5],
							"lerp_mode": "catmullrom"
						},
						"1.8333": {
							"post": [0, 0, -0.5],
							"lerp_mode": "catmullrom"
						}
					}
				},
				"uppertorsoleaf": {
					"rotation": {
						"0.0": {
							"post": [0, 0, -5],
							"lerp_mode": "catmullrom"
						},
						"0.4583": {
							"post": [0, 0, 15],
							"lerp_mode": "catmullrom"
						},
						"0.9167": {
							"post": [0, 0, -5],
							"lerp_mode": "catmullrom"
						},
						"1.375": {
							"post": [0, 0, -30],
							"lerp_mode": "catmullrom"
						},
						"1.8333": {
							"post": [0, 0, -5],
							"lerp_mode": "catmullrom"
						}
					}
				},
				"arms": {
					"rotation": {
						"0.0": {
							"post": [2.5, 0, 0],
							"lerp_mode": "catmullrom"
						}
					}
				},
				"neck": {
					"rotation": {
						"0.0": {
							"post": [5, 0, 0],
							"lerp_mode": "catmullrom"
						},
						"0.4583": {
							"post": [4.66569, -4.20854, 9.07947],
							"lerp_mode": "catmullrom"
						},
						"0.9167": {
							"post": [5, 0, 0],
							"lerp_mode": "catmullrom"
						},
						"1.375": {
							"post": [4.79109, 3.68951, -7.9406],
							"lerp_mode": "catmullrom"
						},
						"1.8333": {
							"post": [5, 0, 0],
							"lerp_mode": "catmullrom"
						}
					}
				},
				"head": {
					"rotation": {
						"0.0": {
							"post": [-12.5, 0, 0],
							"lerp_mode": "catmullrom"
						}
					},
					"position": {
						"0.0": {
							"post": [0, -3.85, 0],
							"lerp_mode": "catmullrom"
						}
					}
				},
				"lowerjaw": {
					"rotation": {
						"0.0": {
							"post": [0, 0, 0],
							"lerp_mode": "catmullrom"
						}
					}
				},
				"petals": {
					"rotation": {
						"0.0": {
							"post": [30, 0, 0],
							"lerp_mode": "catmullrom"
						}
					}
				},
				"leftpetal": {
					"rotation": {
						"0.0": {
							"post": [0, -25, 0],
							"lerp_mode": "catmullrom"
						},
						"0.4583": {
							"post": [0, -49.37, 0],
							"lerp_mode": "catmullrom"
						},
						"0.9167": {
							"post": [0, -25, 0],
							"lerp_mode": "catmullrom"
						},
						"1.375": {
							"post": [0, -10, 0],
							"lerp_mode": "catmullrom"
						},
						"1.8333": {
							"post": [0, -25, 0],
							"lerp_mode": "catmullrom"
						}
					},
					"position": {
						"0.0": {
							"post": [-0.55, 0, 0],
							"lerp_mode": "catmullrom"
						}
					},
					"scale": {
						"0.0": {
							"post": [1.5, 1.2, 1],
							"lerp_mode": "catmullrom"
						}
					}
				},
				"rightpetal": {
					"rotation": {
						"0.0": {
							"post": [0, 37.5, 0],
							"lerp_mode": "catmullrom"
						},
						"0.4583": {
							"post": [0, 47.5, 0],
							"lerp_mode": "catmullrom"
						},
						"0.9167": {
							"post": [0, 37.5, 0],
							"lerp_mode": "catmullrom"
						},
						"1.375": {
							"post": [0, 22.5, 0],
							"lerp_mode": "catmullrom"
						},
						"1.8333": {
							"post": [0, 37.5, 0],
							"lerp_mode": "catmullrom"
						}
					},
					"position": {
						"0.0": {
							"post": [0.625, 0, 0],
							"lerp_mode": "catmullrom"
						}
					},
					"scale": {
						"0.0": {
							"post": [1.5, 1.2, 1],
							"lerp_mode": "catmullrom"
						}
					}
				},
				"posteriorpetal": {
					"position": [0, 0, 0.425]
				},
				"bumbum": {
					"rotation": {
						"0.0": {
							"post": [12.5, 0, 0],
							"lerp_mode": "catmullrom"
						},
						"0.4583": {
							"post": [12.2127, -2.68507, 12.2127],
							"lerp_mode": "catmullrom"
						},
						"0.9167": {
							"post": [12.5, 0, 0],
							"lerp_mode": "catmullrom"
						},
						"1.375": {
							"post": [12.31594, 2.15393, -9.76758],
							"lerp_mode": "catmullrom"
						},
						"1.8333": {
							"post": [12.5, 0, 0],
							"lerp_mode": "catmullrom"
						}
					},
					"position": {
						"0.0": {
							"post": [0, -2.45, 0],
							"lerp_mode": "catmullrom"
						}
					},
					"scale": {
						"0.0": {
							"post": [1, 1, 1],
							"lerp_mode": "catmullrom"
						}
					}
				},
				"legs": {
					"rotation": {
						"0.0": {
							"post": [6.94, 0, 0],
							"lerp_mode": "catmullrom"
						}
					},
					"position": {
						"0.0": {
							"post": [0, -0.9, 1.5],
							"lerp_mode": "catmullrom"
						}
					}
				},
				"rightthigh": {
					"rotation": {
						"0.0": [25, 0, 0],
						"0.9167": [-27.5, 0, 0],
						"1.8333": [25, 0, 0]
					},
					"position": {
						"0.0": [0, 0, 0],
						"0.4583": [0, 3.08, -0.94],
						"0.9167": [0, 0, 0],
						"1.8333": [0, 0, 0]
					}
				},
				"rightleg": {
					"position": {
						"0.0": [0, -1, 0],
						"0.4583": [0, 0, 0],
						"0.9167": [0, 0, 0],
						"1.8333": [0, -1, 0]
					}
				},
				"rightfoot": {
					"rotation": {
						"0.0": {
							"post": [-17.5, 0, 0],
							"lerp_mode": "catmullrom"
						},
						"0.4583": {
							"post": [22.5, 0, 0],
							"lerp_mode": "catmullrom"
						},
						"0.6667": {
							"post": [21.53, 0, 0],
							"lerp_mode": "catmullrom"
						},
						"0.9167": {
							"post": [24.5, 0, 0],
							"lerp_mode": "catmullrom"
						},
						"1.375": {
							"post": [0, 0, 0],
							"lerp_mode": "catmullrom"
						},
						"1.625": {
							"post": [-13.66, 0, 0],
							"lerp_mode": "catmullrom"
						},
						"1.8333": {
							"post": [-17.5, 0, 0],
							"lerp_mode": "catmullrom"
						}
					},
					"position": {
						"0.0": {
							"post": [0, -1.075, 0.4],
							"lerp_mode": "catmullrom"
						},
						"0.4583": {
							"post": [0, 0.395, 0.4],
							"lerp_mode": "catmullrom"
						},
						"1.125": {
							"post": [0, 0.565, 0.025],
							"lerp_mode": "catmullrom"
						},
						"1.375": {
							"post": [0, 0.05, -0.075],
							"lerp_mode": "catmullrom"
						},
						"1.8333": {
							"post": [0, -1.075, 0.4],
							"lerp_mode": "catmullrom"
						}
					}
				},
				"leftthigh": {
					"rotation": {
						"0.0": [-37.5, 0, 0],
						"0.9167": [35, 0, 0],
						"1.8333": [-37.5, 0, 0]
					},
					"position": {
						"0.0": [0, 0, 0],
						"0.9167": [0, 0, 0],
						"1.375": [0, 3, -0.5],
						"1.8333": [0, 0, 0]
					}
				},
				"leftfoot": {
					"rotation": {
						"0.0": {
							"post": [29.25, 0, 0],
							"lerp_mode": "catmullrom"
						},
						"0.25": {
							"post": [17.58, 0, 0],
							"lerp_mode": "catmullrom"
						},
						"0.4583": {
							"post": [-1, 0, 0],
							"lerp_mode": "catmullrom"
						},
						"0.6667": {
							"post": [-3.5, 0, 0],
							"lerp_mode": "catmullrom"
						},
						"0.9167": {
							"post": [1.5, 0, 0],
							"lerp_mode": "catmullrom"
						},
						"1.375": {
							"post": [16.5, 0, 0],
							"lerp_mode": "catmullrom"
						},
						"1.8333": {
							"post": [29.25, 0, 0],
							"lerp_mode": "catmullrom"
						}
					},
					"position": {
						"0.0": {
							"post": [0, 0.525, 1.35],
							"lerp_mode": "catmullrom"
						},
						"0.25": {
							"post": [0, 0.475, 0.375],
							"lerp_mode": "catmullrom"
						},
						"0.4583": {
							"post": [0, -0.25, 0],
							"lerp_mode": "catmullrom"
						},
						"1.375": {
							"post": [0, 0.4, 0.075],
							"lerp_mode": "catmullrom"
						},
						"1.8333": {
							"post": [0, 0.525, 1.35],
							"lerp_mode": "catmullrom"
						}
					}
				},
				"bumleaf": {
					"rotation": {
						"0.0": {
							"post": [0, 0, -2.5],
							"lerp_mode": "catmullrom"
						},
						"0.4583": {
							"post": [0, 0, -32.5],
							"lerp_mode": "catmullrom"
						},
						"0.9167": {
							"post": [0, 0, -12.5],
							"lerp_mode": "catmullrom"
						},
						"1.375": {
							"post": [0, 0, 22.5],
							"lerp_mode": "catmullrom"
						},
						"1.8333": {
							"post": [0, 0, -12.5],
							"lerp_mode": "catmullrom"
						}
					}
				},
				"tailbase": {
					"rotation": {
						"0.0": {
							"post": [20, 0, 0],
							"lerp_mode": "catmullrom"
						},
						"0.4583": {
							"post": [22.30998, 25.71543, 10.09541],
							"lerp_mode": "catmullrom"
						},
						"0.9167": {
							"post": [20, 0, 0],
							"lerp_mode": "catmullrom"
						},
						"1.375": {
							"post": [23.34288, -30.32448, -12.2921],
							"lerp_mode": "catmullrom"
						},
						"1.8333": {
							"post": [20, 0, 0],
							"lerp_mode": "catmullrom"
						}
					}
				},
				"tailbaseleaf": {
					"rotation": {
						"0.0": {
							"post": [0, 0, -10],
							"lerp_mode": "catmullrom"
						},
						"0.4583": {
							"post": [0, 0, -32.5],
							"lerp_mode": "catmullrom"
						},
						"0.9167": {
							"post": [0, 0, -10],
							"lerp_mode": "catmullrom"
						},
						"1.375": {
							"post": [0, 0, 22.81],
							"lerp_mode": "catmullrom"
						},
						"1.8333": {
							"post": [0, 0, -10],
							"lerp_mode": "catmullrom"
						}
					}
				},
				"tail1": {
					"rotation": {
						"0.0": {
							"post": [-24.99172, -2.54983, 2.15823],
							"lerp_mode": "catmullrom"
						},
						"0.4583": {
							"post": [-32.41569, 44.29157, -0.88358],
							"lerp_mode": "catmullrom"
						},
						"1.375": {
							"post": [-26.97296, -32.22224, 10.72604],
							"lerp_mode": "catmullrom"
						},
						"1.8333": {
							"post": [-24.99172, -2.54983, 2.15823],
							"lerp_mode": "catmullrom"
						}
					}
				},
				"tailmidleaf": {
					"rotation": {
						"0.0": {
							"post": [0, 0, 0],
							"lerp_mode": "catmullrom"
						},
						"0.4583": {
							"post": [0, 0, -40],
							"lerp_mode": "catmullrom"
						},
						"0.9167": {
							"post": [0, 0, 0],
							"lerp_mode": "catmullrom"
						},
						"1.375": {
							"post": [0, 0, 25],
							"lerp_mode": "catmullrom"
						},
						"1.8333": {
							"post": [0, 0, 0],
							"lerp_mode": "catmullrom"
						}
					}
				},
				"tail2": {
					"rotation": {
						"0.0": {
							"post": [-10, 10, 0],
							"lerp_mode": "catmullrom"
						},
						"0.4583": {
							"post": [-8.65019, 29.66203, 3.91908],
							"lerp_mode": "catmullrom"
						},
						"1.375": {
							"post": [-9.05648, -26.91989, -6.7959],
							"lerp_mode": "catmullrom"
						},
						"1.8333": {
							"post": [-10, 10, 0],
							"lerp_mode": "catmullrom"
						}
					}
				},
				"tendleaftop": {
					"rotation": {
						"0.0": {
							"post": [0, 0, -2.5],
							"lerp_mode": "catmullrom"
						},
						"0.4583": {
							"post": [0, 0, -45],
							"lerp_mode": "catmullrom"
						},
						"0.9167": {
							"post": [0, 0, -2.5],
							"lerp_mode": "catmullrom"
						},
						"1.375": {
							"post": [0, 0, 27.81],
							"lerp_mode": "catmullrom"
						},
						"1.8333": {
							"post": [0, 0, -2.5],
							"lerp_mode": "catmullrom"
						}
					}
				},
				"tendleaftop2": {
					"rotation": {
						"0.0": {
							"post": [0, 0, 0],
							"lerp_mode": "catmullrom"
						},
						"0.4583": {
							"post": [0, 0, 50],
							"lerp_mode": "catmullrom"
						},
						"0.9167": {
							"post": [0, 0, 0],
							"lerp_mode": "catmullrom"
						},
						"1.375": {
							"post": [0, 0, -46.25],
							"lerp_mode": "catmullrom"
						},
						"1.8333": {
							"post": [0, 0, 0],
							"lerp_mode": "catmullrom"
						}
					}
				}
			}
		},
		"animation.legallus.call": {
			"animation_length": 1.75,
			"override_previous_animation": true,
			"bones": {
				"whole": {
					"rotation": {
						"0.0": [0, 0, 0],
						"0.9583": [0, 0, 0]
					}
				},
				"head": {
					"rotation": {
						"0.0": [0, 0, 0],
						"0.3333": [-15, 0, 0],
						"1.5": [-15, 0, 0],
						"1.75": [0, 0, 0]
					}
				},
				"lowerjaw": {
					"rotation": {
						"0.0": [-2.5, 0, 0],
						"0.3333": [37.5, 0, 0],
						"0.6667": [37.5, 0, 0],
						"0.875": [17.5, 0, 0],
						"1.0417": [37.5, 0, 0],
						"1.5": [37.5, 0, 0],
						"1.75": [-2.5, 0, 0]
					}
				},
				"rightpupil": {
					"scale": {
						"0.0": [1, 1, 1],
						"0.3333": [1, 0.3, 1.5],
						"1.5": [1, 0.3, 1.5],
						"1.75": [1, 1, 1]
					}
				}
			}
		}
	}
}