{
	"format_version": "1.12.0",
	"minecraft:geometry": [
		{
			"description": {
				"identifier": "geometry.fubber",
				"texture_width": 32,
				"texture_height": 32,
				"visible_bounds_width": 3,
				"visible_bounds_height": 1.5,
				"visible_bounds_offset": [0, 0.25, 0]
			},
			"bones": [
				{
					"name": "fubber",
					"pivot": [0, 0, 0]
				},
				{
					"name": "body",
					"parent": "fubber",
					"pivot": [0, 4.00488, -1.10366],
					"cubes": [
						{"origin": [-3.75, 2, -6.35], "size": [4, 2, 0], "pivot": [-2, 3, -6.1], "rotation": [-3.75917, 6.92366, -17.56347], "uv": [12, 14]},
						{"origin": [-2, 2, -6], "size": [4, 4, 10], "pivot": [0, 4, 0], "rotation": [0, 0, 45], "uv": [0, 0]},
						{"origin": [1.01777, 4.76777, -5.85], "size": [2, 2, 0], "pivot": [1.76777, 5.76777, -6.5], "rotation": [-40.73074, -13.35981, 29.97874], "uv": [6, 2]},
						{"origin": [1.76777, 5.51777, -5.95], "size": [1, 1, 0], "pivot": [1.76777, 5.76777, -6.5], "rotation": [-40.73074, -13.35981, 29.97874], "uv": [26, 0]},
						{"origin": [-2.76777, 5.51777, -5.95], "size": [1, 1, 0], "pivot": [-1.76777, 5.76777, -6.5], "rotation": [-40.73074, 13.35981, -29.97874], "uv": [26, 0], "mirror": true},
						{"origin": [1.16404, 5.99919, -4.04331], "size": [3, 5, 0], "pivot": [2.16404, 6.79919, -4.69331], "rotation": [-80.73074, -13.35981, 29.97874], "uv": [0, 5]},
						{"origin": [-4.16404, 5.99919, -4.04331], "size": [3, 5, 0], "pivot": [-2.16404, 6.79919, -4.69331], "rotation": [-80.73074, 13.35981, -29.97874], "uv": [0, 0]},
						{"origin": [-3.01777, 4.76777, -5.85], "size": [2, 2, 0], "pivot": [-1.76777, 5.76777, -6.5], "rotation": [-40.73074, 13.35981, -29.97874], "uv": [6, 0]},
						{"origin": [-0.5, 2.70711, -6.75], "size": [1, 1, 1], "pivot": [0, 3.20711, -6.75], "rotation": [7.10708, -7.05302, 44.56145], "uv": [6, 4]},
						{"origin": [-0.5, 2.70711, -7.75], "size": [1, 1, 0], "inflate": 0.1, "pivot": [0, 3.20711, -6.75], "rotation": [7.10708, -7.05302, 44.56145], "uv": [6, 6]},
						{"origin": [-1, 2.20711, -7.75], "size": [2, 2, 1], "pivot": [0, 3.20711, -6.75], "rotation": [7.10708, -7.05302, 44.56145], "uv": [0, 22]},
						{"origin": [-0.25, 2, -6.35], "size": [4, 2, 0], "pivot": [2, 3, -6.1], "rotation": [-3.75917, -6.92366, 17.56347], "uv": [12, 16]}
					]
				},
				{
					"name": "tail",
					"parent": "body",
					"pivot": [0, 4.025, 3.68934],
					"cubes": [
						{"origin": [-2, 2.9, 4], "size": [4, 4, 4], "pivot": [0, 4.4, 7], "rotation": [45, 0, 0], "uv": [0, 14]},
						{"origin": [-1, 2.15, 4], "size": [2, 5, 5], "pivot": [0, 3.65, 7], "rotation": [45, 0, 0], "uv": [16, 14]}
					]
				},
				{
					"name": "fin_right",
					"parent": "body",
					"pivot": [-2.75, 4, -2],
					"rotation": [0, 0, -20],
					"cubes": [
						{"origin": [-6.75, 4, -3], "size": [4, 0, 4], "uv": [14, 0]}
					]
				},
				{
					"name": "fin_left",
					"parent": "body",
					"pivot": [2.75, 4, -2],
					"rotation": [0, 0, 20],
					"cubes": [
						{"origin": [2.75, 4, -3], "size": [4, 0, 4], "uv": [14, 4]}
					]
				}
			]
		}
	]
}