{
	"format_version": "1.12.0",
	"minecraft:geometry": [
		{
			"description": {
				"identifier": "geometry.unknown",
				"texture_width": 128,
				"texture_height": 128,
				"visible_bounds_width": 8,
				"visible_bounds_height": 3.5,
				"visible_bounds_offset": [0, 1.25, 0]
			},
			"bones": [
				{
					"name": "hunterror",
					"pivot": [0, 0, 0]
				},
				{
					"name": "body",
					"parent": "hunterror",
					"pivot": [0, 0, 0]
				},
				{
					"name": "head",
					"parent": "body",
					"pivot": [0, 0, 0],
					"cubes": [
						{"origin": [-5, 0, -9], "size": [10, 11, 8], "uv": [0, 0]},
						{"origin": [-2, 7.25, -13.01], "size": [1, 1, 0], "uv": [73, 4]},
						{"origin": [1, 7.25, -13.01], "size": [1, 1, 0], "uv": [73, 2]},
						{"origin": [-5, 7, -13], "size": [10, 4, 4], "uv": [25, 49]},
						{"origin": [-1, 6.25, -12.75], "size": [1, 1, 0], "pivot": [0, 6.25, -11.75], "rotation": [0, 0, 45], "uv": [73, 0]},
						{"origin": [-3, 6.25, -12.75], "size": [1, 1, 0], "pivot": [-2, 6.25, -11.75], "rotation": [0, 0, 45], "uv": [72, 12]},
						{"origin": [1, 6.25, -12.75], "size": [1, 1, 0], "pivot": [2, 6.25, -11.75], "rotation": [0, 0, 45], "uv": [71, 71]},
						{"origin": [3, 6.25, -12.75], "size": [1, 1, 0], "pivot": [4, 6.25, -11.75], "rotation": [0, 0, 45], "uv": [69, 12]},
						{"origin": [-5, 6.25, -12.75], "size": [1, 1, 0], "pivot": [-4, 6.25, -11.75], "rotation": [0, 0, 45], "uv": [30, 47]}
					]
				},
				{
					"name": "eye_left",
					"parent": "head",
					"pivot": [5, 9, -11],
					"cubes": [
						{"origin": [5.01, 8, -12], "size": [0, 2, 2], "uv": [25, 44]}
					]
				},
				{
					"name": "pupil_left",
					"parent": "eye_left",
					"pivot": [5, 9, -11],
					"cubes": [
						{"origin": [5.02, 8.5, -11.5], "size": [0, 1, 1], "uv": [30, 44]}
					]
				},
				{
					"name": "eyelid_left",
					"parent": "eye_left",
					"pivot": [4.9, 9, -11],
					"cubes": [
						{"origin": [3.92, 8, -12], "size": [1, 2, 2], "inflate": 0.01, "uv": [37, 14]}
					]
				},
				{
					"name": "eye_right",
					"parent": "head",
					"pivot": [-5, 9, -11],
					"cubes": [
						{"origin": [-5.01, 8, -12], "size": [0, 2, 2], "uv": [51, 14]}
					]
				},
				{
					"name": "pupil_right",
					"parent": "eye_right",
					"pivot": [-5, 9, -11],
					"cubes": [
						{"origin": [-5.02, 8.5, -11.5], "size": [0, 1, 1], "uv": [22, 60]}
					]
				},
				{
					"name": "eyelid_right",
					"parent": "eye_right",
					"pivot": [-4.9, 9, -11],
					"cubes": [
						{"origin": [-4.92, 8, -12], "size": [1, 2, 2], "inflate": 0.01, "uv": [44, 14]}
					]
				},
				{
					"name": "headfins",
					"parent": "head",
					"pivot": [0, 10, -6],
					"cubes": [
						{"origin": [-0.25, 8, -4], "size": [8, 8, 0], "pivot": [0.75, 8, -3], "rotation": [0, 0, -45], "uv": [0, 60]},
						{"origin": [-0.25, 7.75, -7], "size": [6, 6, 0], "pivot": [0.75, 7.75, -6], "rotation": [0, 0, -45], "uv": [60, 42]}
					]
				},
				{
					"name": "jaw",
					"parent": "head",
					"pivot": [0, 0, -9],
					"cubes": [
						{"origin": [-5, 0, -15], "size": [10, 2, 6], "inflate": 0.01, "uv": [0, 35]},
						{"origin": [-5, 2, -11], "size": [0, 2, 2], "inflate": 0.01, "uv": [64, 9]},
						{"origin": [5, 2, -11], "size": [0, 2, 2], "inflate": 0.01, "uv": [17, 60]},
						{"origin": [3.25, 1, -14.75], "size": [2, 2, 0], "pivot": [4.25, 1, -13.75], "rotation": [0, 0, -45], "uv": [71, 68]},
						{"origin": [-3.75, 1, -14.75], "size": [2, 2, 0], "pivot": [-2.75, 1, -13.75], "rotation": [0, 0, -45], "uv": [69, 9]},
						{"origin": [-7, -0.001, -15], "size": [2, 0, 7], "pivot": [-5, -0.001, -15], "rotation": [8.63054, 15.58643, -64.00229], "uv": [25, 58]},
						{"origin": [5, -0.001, -15], "size": [2, 0, 7], "pivot": [5, -0.001, -15], "rotation": [8.63054, -15.58643, 64.00229], "uv": [58, 25]}
					]
				},
				{
					"name": "tail",
					"parent": "body",
					"pivot": [0, 5.5, -3],
					"cubes": [
						{"origin": [0, 9, -0.5], "size": [0, 4, 4], "uv": [62, 60]},
						{"origin": [-3.5, 2, -1], "size": [7, 7, 6], "inflate": 0.01, "uv": [33, 35]},
						{"origin": [0, 2, 3.5], "size": [0, 3, 3], "pivot": [0, 2, 3.5], "rotation": [180, 0, 0], "uv": [9, 69]}
					]
				},
				{
					"name": "tail2",
					"parent": "tail",
					"pivot": [0, 5.5, 2],
					"cubes": [
						{"origin": [-3.5, 2, 5], "size": [7, 7, 6], "uv": [37, 0]},
						{"origin": [0, 9, 4.5], "size": [0, 4, 4], "uv": [64, 0]},
						{"origin": [-3.5, 5.5, 6], "size": [0, 4, 4], "inflate": 0.01, "pivot": [-3.5, 5.5, 6], "rotation": [0, 0, -90], "uv": [62, 69]},
						{"origin": [3.5, 5.5, 6], "size": [0, 4, 4], "inflate": 0.01, "pivot": [3.5, 5.5, 6], "rotation": [0, 0, 90], "uv": [53, 69]}
					]
				},
				{
					"name": "tail3",
					"parent": "tail2",
					"pivot": [0, 5.5, 10],
					"cubes": [
						{"origin": [0, 8.5, 9.5], "size": [0, 4, 4], "uv": [44, 67]},
						{"origin": [-3, 2.5, 11], "size": [6, 6, 8], "inflate": 0.01, "uv": [0, 20]},
						{"origin": [0, 8.5, 14.5], "size": [0, 4, 4], "uv": [17, 66]},
						{"origin": [0, 2.5, 14.5], "size": [0, 3, 3], "pivot": [0, 2.5, 14.5], "rotation": [180, 0, 0], "uv": [9, 69]},
						{"origin": [0, 2.5, 18.5], "size": [0, 3, 3], "pivot": [0, 2.5, 18.5], "rotation": [180, 0, 0], "uv": [9, 69]},
						{"origin": [-3.25, 5, 13], "size": [0, 1, 1], "uv": [22, 63]},
						{"origin": [-3.25, 5, 16], "size": [0, 1, 1], "uv": [22, 63]},
						{"origin": [3.25, 5, 16], "size": [0, 1, 1], "uv": [22, 63]},
						{"origin": [3.25, 5, 13], "size": [0, 1, 1], "uv": [22, 63]}
					]
				},
				{
					"name": "tail4",
					"parent": "tail3",
					"pivot": [0, 5.5, 19],
					"cubes": [
						{"origin": [-3, 2.5, 19], "size": [6, 6, 8], "uv": [29, 20]},
						{"origin": [0, 8.5, 19.5], "size": [0, 4, 4], "uv": [26, 66]},
						{"origin": [-3.25, 5, 24], "size": [0, 1, 1], "uv": [22, 63]},
						{"origin": [-3.25, 5, 21], "size": [0, 1, 1], "uv": [22, 63]},
						{"origin": [3.25, 5, 24], "size": [0, 1, 1], "uv": [22, 63]},
						{"origin": [3.25, 5, 21], "size": [0, 1, 1], "uv": [22, 63]}
					]
				},
				{
					"name": "tail5",
					"parent": "tail4",
					"pivot": [0, 5.5, 26],
					"cubes": [
						{"origin": [0, 7.5, 24.5], "size": [0, 4, 4], "uv": [35, 66]},
						{"origin": [-2, 3.5, 27], "size": [4, 4, 6], "inflate": 0.01, "uv": [54, 49]},
						{"origin": [0, 7.5, 29.5], "size": [0, 4, 4], "uv": [0, 69]},
						{"origin": [2.25, 5, 31], "size": [0, 1, 1], "uv": [22, 63]},
						{"origin": [2.25, 5, 28], "size": [0, 1, 1], "uv": [22, 63]},
						{"origin": [-2.25, 5, 31], "size": [0, 1, 1], "uv": [22, 63]},
						{"origin": [-2.25, 5, 28], "size": [0, 1, 1], "uv": [22, 63]}
					]
				},
				{
					"name": "tail6",
					"parent": "tail5",
					"pivot": [0, 5.5, 32],
					"cubes": [
						{"origin": [-2, 3.5, 33], "size": [4, 4, 6], "uv": [58, 14]},
						{"origin": [0, 7.5, 34.5], "size": [0, 3, 4], "uv": [71, 60]},
						{"origin": [2.25, 5, 37], "size": [0, 1, 1], "uv": [22, 63]},
						{"origin": [2.25, 5, 34], "size": [0, 1, 1], "uv": [22, 63]},
						{"origin": [-2.25, 5, 34], "size": [0, 1, 1], "uv": [22, 63]},
						{"origin": [-2.25, 5, 37], "size": [0, 1, 1], "uv": [22, 63]}
					]
				},
				{
					"name": "tail7",
					"parent": "tail6",
					"pivot": [0, 5.5, 38],
					"cubes": [
						{"origin": [-1, 4.5, 39], "size": [2, 2, 6], "uv": [60, 33]},
						{"origin": [0, 6.5, 39.5], "size": [0, 3, 3], "uv": [9, 69]},
						{"origin": [1.25, 5, 40.5], "size": [0, 1, 1], "uv": [22, 63]},
						{"origin": [-1.25, 5, 40.5], "size": [0, 1, 1], "uv": [22, 63]}
					]
				},
				{
					"name": "tail8",
					"parent": "tail7",
					"pivot": [0, 5.5, 38],
					"cubes": [
						{"origin": [-2, 2, 43], "size": [4, 7, 8], "uv": [0, 44]},
						{"origin": [0, 9, 45], "size": [0, 4, 4], "uv": [44, 58]},
						{"origin": [0, -2, 45], "size": [0, 4, 4], "uv": [53, 60]}
					]
				}
			]
		}
	]
}