{
	"format_version": "1.12.0",
	"minecraft:geometry": [
		{
			"description": {
				"identifier": "geometry.bulbish",
				"texture_width": 64,
				"texture_height": 64,
				"visible_bounds_width": 3,
				"visible_bounds_height": 1.5,
				"visible_bounds_offset": [0, 0.25, 0]
			},
			"bones": [
				{
					"name": "bulbish",
					"pivot": [0, 0, 0]
				},
				{
					"name": "head",
					"parent": "bulbish",
					"pivot": [0, 2, 0],
					"cubes": [
						{"origin": [-2, 2, -7], "size": [4, 4, 11], "uv": [1, 1]},
						{"origin": [-3, 1, -5], "size": [6, 4, 7], "uv": [1, 19]}
					]
				},
				{
					"name": "bone2",
					"parent": "head",
					"pivot": [0, 6, 2],
					"cubes": [
						{"origin": [0, 6, 1], "size": [0, 2, 2], "uv": [48, 5]}
					]
				},
				{
					"name": "tail",
					"parent": "head",
					"pivot": [0, 4, 4],
					"cubes": [
						{"origin": [0, 2, 4], "size": [0, 4, 5], "uv": [30, 0]}
					]
				}
			]
		}
	]
}