{
	"format_version": "1.12.0",
	"minecraft:geometry": [
		{
			"description": {
				"identifier": "geometry.unknown",
				"texture_width": 64,
				"texture_height": 64,
				"visible_bounds_width": 5,
				"visible_bounds_height": 2.5,
				"visible_bounds_offset": [0, 0.75, 0]
			},
			"bones": [
				{
					"name": "slowpoke",
					"pivot": [0, 0, 0]
				},
				{
					"name": "body",
					"parent": "slowpoke",
					"pivot": [0, 6, 0]
				},
				{
					"name": "torso",
					"parent": "body",
					"pivot": [-2, 3.75, 4.75],
					"cubes": [
						{"origin": [-5.5, 1.5, -6.5], "size": [11, 10, 15], "uv": [0, 0]}
					]
				},
				{
					"name": "tail",
					"parent": "torso",
					"pivot": [0, 5.5, 7.5],
					"cubes": [
						{"origin": [-2.5, 3, 6.5], "size": [5, 5, 7], "uv": [32, 25]}
					]
				},
				{
					"name": "tail2",
					"parent": "tail",
					"pivot": [0, 5.5, 12.5],
					"cubes": [
						{"origin": [-2, 3.5, 11.5], "size": [4, 4, 7], "uv": [37, 0]}
					]
				},
				{
					"name": "tail3",
					"parent": "tail2",
					"pivot": [0, 5.5, 17.5],
					"cubes": [
						{"origin": [-1.5, 4, 16.5], "size": [3, 3, 7], "uv": [25, 37]}
					]
				},
				{
					"name": "tail4",
					"parent": "tail3",
					"pivot": [0, 5.5, 22.5],
					"cubes": [
						{"origin": [0, 4.5, 21.5], "size": [0, 2, 6], "uv": [0, 0]}
					]
				},
				{
					"name": "head",
					"parent": "torso",
					"pivot": [0, 6, -7],
					"cubes": [
						{"origin": [-0.55, 2.7, -14.5], "size": [4, 2, 3], "pivot": [4.5, 2.7, -14], "rotation": [0, 0, 12.5], "uv": [38, 37]},
						{"origin": [-3.45, 2.7, -14.5], "size": [4, 2, 3], "pivot": [-4.5, 2.7, -14], "rotation": [0, 0, -12.5], "uv": [0, 0]},
						{"origin": [0.5, 4.2, -14.651], "size": [1, 1, 1], "inflate": -0.15, "pivot": [1.5, 4.7, -15], "rotation": [0, 0, -25], "uv": [34, 25]},
						{"origin": [-1.5, 4.2, -14.651], "size": [1, 1, 1], "inflate": -0.15, "pivot": [-1.5, 4.7, -15], "rotation": [0, 0, 25], "uv": [11, 0]},
						{"origin": [1.5, 2.95, -14.25], "size": [1, 1, 0], "pivot": [2, 2.95, -14.25], "rotation": [0, 0, 45], "uv": [0, 1]},
						{"origin": [-2.5, 2.95, -14.25], "size": [1, 1, 0], "pivot": [-2, 2.95, -14.25], "rotation": [0, 0, -45], "uv": [0, 0]},
						{"origin": [-4.5, 2, -12], "size": [9, 8, 7], "uv": [0, 25]}
					]
				},
				{
					"name": "ear_left",
					"parent": "head",
					"pivot": [4, 9, -9],
					"rotation": [0, 0, 45],
					"cubes": [
						{"origin": [2.5, 9, -9.5], "size": [3, 3, 1], "uv": [52, 15]}
					]
				},
				{
					"name": "ear_right",
					"parent": "head",
					"pivot": [-4, 9, -9],
					"rotation": [0, 0, -45],
					"cubes": [
						{"origin": [-5.5, 9, -9.5], "size": [3, 3, 1], "uv": [12, 40]}
					]
				},
				{
					"name": "eye_left",
					"parent": "head",
					"pivot": [3.135, 5.75, -11.5125],
					"cubes": [
						{"origin": [1.51, 4.95, -12.01], "size": [3, 3, 1], "uv": [52, 0]},
						{"origin": [2.96, 5.85, -12.115], "size": [1, 1, 1], "inflate": -0.1, "uv": [28, 40]}
					]
				},
				{
					"name": "eye_right",
					"parent": "head",
					"pivot": [-3.135, 5.75, -11.5125],
					"cubes": [
						{"origin": [-4.51, 5.05, -12.01], "size": [3, 3, 1], "uv": [20, 40]},
						{"origin": [-3.96, 5.95, -12.115], "size": [1, 1, 1], "inflate": -0.1, "uv": [0, 40]}
					]
				},
				{
					"name": "jaw",
					"parent": "head",
					"pivot": [0, 3.7, -12],
					"cubes": [
						{"origin": [-3, 2.7, -14.2], "size": [6, 1, 3], "uv": [37, 11]}
					]
				},
				{
					"name": "leftfrontleg",
					"parent": "body",
					"pivot": [4.5, 4.5, -3.5],
					"cubes": [
						{"origin": [3, 2, -5.5], "size": [4, 5, 4], "inflate": 0.001, "uv": [28, 48]},
						{"origin": [3.5, 0, -5], "size": [3, 4, 3], "inflate": 0.001, "uv": [25, 25]},
						{"origin": [4, 0, -5.75], "size": [2, 1, 1], "uv": [38, 42]}
					]
				},
				{
					"name": "leftbackleg",
					"parent": "body",
					"pivot": [4.5, 4.5, 5.5],
					"cubes": [
						{"origin": [3, 2, 3.5], "size": [4, 5, 4], "inflate": 0.001, "uv": [12, 45]},
						{"origin": [3.5, 0, 4], "size": [3, 4, 3], "inflate": 0.001, "uv": [49, 22]},
						{"origin": [4, 0, 3.25], "size": [2, 1, 1], "uv": [37, 4]}
					]
				},
				{
					"name": "rightfrontleg",
					"parent": "body",
					"pivot": [-4.5, 4.5, -3.5],
					"cubes": [
						{"origin": [-7, 2, -5.5], "size": [4, 5, 4], "inflate": 0.001, "uv": [41, 43]},
						{"origin": [-6.5, 0, -5], "size": [3, 4, 3], "inflate": 0.001, "uv": [0, 8]},
						{"origin": [-6, 0, -5.75], "size": [2, 1, 1], "uv": [0, 29]}
					]
				},
				{
					"name": "rightbackleg",
					"parent": "body",
					"pivot": [-4.5, 4.5, 5.5],
					"cubes": [
						{"origin": [-7, 2, 3.5], "size": [4, 5, 4], "inflate": 0.001, "uv": [0, 40]},
						{"origin": [-6.5, 0, 4], "size": [3, 4, 3], "inflate": 0.001, "uv": [0, 49]},
						{"origin": [-6, 0, 3.25], "size": [2, 1, 1], "uv": [9, 8]}
					]
				}
			]
		}
	]
}