{
	"format_version": "1.8.0",
	"animations": {
		"animation.spinot.ground_idle": {
			"loop": true,
			"bones": {
				"torso": {
					"rotation": ["-0.5*math.sin(q.anim_time*90*1-50)", 0, "-0.5*math.cos(q.anim_time*90*1-50)"],
					"position": [0, "-0.4+0.2*math.sin(q.anim_time*90*1)", 0]
				},
				"neck": {
					"rotation": ["-1*math.sin(q.anim_time*90*1-120)", 0, 0]
				},
				"head_rotation": {
					"rotation": ["-2*math.sin(q.anim_time*90*1-120)", 0, "-0.3*math.cos(q.anim_time*90*2-120)"]
				},
				"head_tilt2": {
					"rotation": [0, 0, 0]
				},
				"tail": {
					"rotation": [-7.5, "0-4*math.sin(q.anim_time*90*0.5)", 0]
				},
				"tail2": {
					"rotation": [5, "-8*math.sin(q.anim_time*90*0.5-60)", 0]
				},
				"tail3": {
					"rotation": [2.5, "-12*math.sin(q.anim_time*90*0.5-120)", 0]
				},
				"leg_right": {
					"rotation": [0, 5, 7.5]
				},
				"leg_right2": {
					"rotation": [0.63817, 0.43263, -2.37575]
				},
				"foot_right": {
					"rotation": [1.34363, 6.23648, -2.9767]
				},
				"leg_left": {
					"rotation": [0, -5, -7.5]
				},
				"leg_left2": {
					"rotation": [0.63817, -0.43263, 2.37575]
				},
				"foot_left": {
					"rotation": [1.34363, -6.23648, 2.9767]
				},
				"finger_outer_right": {
					"rotation": [30, 0, 0],
					"position": [0, 0, 1]
				},
				"finger_inner_right": {
					"rotation": [20, 0, 0],
					"position": [0, 0, 1]
				},
				"thumb_right": {
					"rotation": [0, 0, 25]
				},
				"finger_outer_left": {
					"rotation": [-30, 0, 0]
				},
				"finger_inner_left": {
					"rotation": [-20, 0, 0]
				},
				"thumb_left": {
					"rotation": [0, 0, -25]
				}
			}
		},
		"animation.spinot.ground_walk": {
			"loop": true,
			"animation_length": 4,
			"bones": {
				"torso": {
					"rotation": ["-2*math.sin(q.anim_time*90*4)", "-10*math.cos(q.anim_time*90*2)", "-6*math.sin(q.anim_time*90*2)-1*math.sin(q.anim_time*90*4)"],
					"position": [0, "0.7*math.cos(q.anim_time*90*4+50)", 0]
				},
				"neck": {
					"rotation": ["5-2*math.sin(q.anim_time*90*4-70)", "-15*math.sin(q.anim_time*90*2-70)", 0]
				},
				"head_rotation": {
					"rotation": ["-7.5-1*math.sin(q.anim_time*90*4-50)", "7*math.sin(q.anim_time*90*2-50)", "0+10*math.cos(q.anim_time*90*2-90)"],
					"position": [0, "0.5*math.cos(q.anim_time*90*4+50)", 0]
				},
				"head_tilt2": {
					"rotation": [0, 0, 0]
				},
				"tail": {
					"rotation": ["-7.5+2*math.sin(q.anim_time*90*4)", "0-4*math.sin(q.anim_time*90*2)", "-8*math.sin(q.anim_time*90*2)"]
				},
				"tail2": {
					"rotation": ["5+2*math.sin(q.anim_time*90*4)", "-8*math.sin(q.anim_time*90*2-60)", 0]
				},
				"tail3": {
					"rotation": ["2.5+2*math.sin(q.anim_time*90*4)", "-12*math.sin(q.anim_time*90*2-120)", 0]
				},
				"leg_right": {
					"rotation": {
						"0.0": {
							"post": [-1.62, -7.4, 7.25],
							"lerp_mode": "catmullrom"
						},
						"1.0": {
							"post": [12.17945, -7.39742, 7.25057],
							"lerp_mode": "catmullrom"
						},
						"1.2083": {
							"post": [14.84233, 0.04741, 11.83758],
							"lerp_mode": "catmullrom"
						},
						"1.5": {
							"post": [14.25122, -6.64271, 16.57756],
							"lerp_mode": "catmullrom"
						},
						"1.875": {
							"post": [-2.46466, -7.40316, 9.25571],
							"lerp_mode": "catmullrom"
						},
						"2.0": {
							"post": [-1.62, -7.4, 7.25],
							"lerp_mode": "catmullrom"
						},
						"3.0": {
							"post": [12.17945, -7.39742, 7.25057],
							"lerp_mode": "catmullrom"
						},
						"3.2083": {
							"post": [19.84233, 0.04741, 11.83758],
							"lerp_mode": "catmullrom"
						},
						"3.5": {
							"post": [14.25122, -6.64271, 16.57756],
							"lerp_mode": "catmullrom"
						},
						"3.875": {
							"post": [-2.46466, -7.40316, 9.25571],
							"lerp_mode": "catmullrom"
						},
						"4.0": {
							"post": [-1.62, -7.4, 7.25],
							"lerp_mode": "catmullrom"
						}
					},
					"position": {
						"0.0": [0, 1.2, -3.2],
						"0.5": [0, 0.28, -0.43],
						"1.0": [0, 0.3, 2],
						"1.5": [0, 1.3, -0.07],
						"1.875": [0, 2.33, -2.37],
						"2.0": [0, 1.2, -3.2],
						"2.5": [0, 0.28, -0.43],
						"3.0": [0, 0.3, 2],
						"3.5": [0, 1.3, -0.07],
						"3.875": [0, 2.33, -2.37],
						"4.0": [0, 1.2, -3.2]
					}
				},
				"leg_right2": {
					"rotation": {
						"0.0": {
							"post": [-18.36, 0.43, -2.38],
							"lerp_mode": "catmullrom"
						},
						"1.0": {
							"post": [-11.86183, 0.43263, -2.37575],
							"lerp_mode": "catmullrom"
						},
						"1.4167": {
							"post": [25.16943, 0.43132, -2.37786],
							"lerp_mode": "catmullrom"
						},
						"2.0": {
							"post": [-18.36, 0.43, -2.38],
							"lerp_mode": "catmullrom"
						},
						"2.5": {
							"post": [-14.68684, 0.43131, -2.37788],
							"lerp_mode": "catmullrom"
						},
						"3.0": {
							"post": [-11.86183, 0.43263, -2.37575],
							"lerp_mode": "catmullrom"
						},
						"3.4167": {
							"post": [17.82362, 0.43137, -2.37779],
							"lerp_mode": "catmullrom"
						},
						"4.0": {
							"post": [-18.36, 0.43, -2.38],
							"lerp_mode": "catmullrom"
						}
					}
				},
				"foot_right": {
					"rotation": {
						"0.0": {
							"post": [13.84, 6.24, -2.98],
							"lerp_mode": "catmullrom"
						},
						"0.2083": {
							"post": [19.10182, 6.23905, -2.97911],
							"lerp_mode": "catmullrom"
						},
						"0.5": {
							"post": [14.48, 6.24, -2.98],
							"lerp_mode": "catmullrom"
						},
						"1.0": [-1.15637, 6.23648, -2.9767],
						"1.2083": [11.32995, 6.23728, -2.97746],
						"1.5": [-1.86784, 6.23865, -2.97873],
						"1.7917": [-6.34271, 6.23958, -2.97961],
						"1.9167": {
							"pre": [-4.48073, 6.23983, -2.97984],
							"post": [-4.48073, 6.23983, -2.97984],
							"lerp_mode": "catmullrom"
						},
						"2.0": {
							"post": [13.84, 6.24, -2.98],
							"lerp_mode": "catmullrom"
						},
						"2.2083": {
							"post": [19.10182, 6.23905, -2.97911],
							"lerp_mode": "catmullrom"
						},
						"2.5": {
							"post": [14.48, 6.24, -2.98],
							"lerp_mode": "catmullrom"
						},
						"3.0": [-1.15637, 6.23648, -2.9767],
						"3.2083": [11.32995, 6.23728, -2.97746],
						"3.5": [-1.86784, 6.23865, -2.97873],
						"3.7917": [-6.34271, 6.23958, -2.97961],
						"3.9167": {
							"pre": [-4.48073, 6.23983, -2.97984],
							"post": [-4.48073, 6.23983, -2.97984],
							"lerp_mode": "catmullrom"
						},
						"4.0": {
							"post": [13.84, 6.24, -2.98],
							"lerp_mode": "catmullrom"
						}
					}
				},
				"leg_left": {
					"rotation": {
						"0.0": {
							"post": [12.17945, 7.39742, -7.25057],
							"lerp_mode": "catmullrom"
						},
						"0.2083": {
							"post": [14.84233, -0.04741, -11.83758],
							"lerp_mode": "catmullrom"
						},
						"0.5": {
							"post": [14.25122, 6.64271, -16.57756],
							"lerp_mode": "catmullrom"
						},
						"0.875": {
							"post": [-2.46466, 7.40316, -9.25571],
							"lerp_mode": "catmullrom"
						},
						"1.0": {
							"post": [-1.62, 7.4, -7.25],
							"lerp_mode": "catmullrom"
						},
						"2.0": {
							"post": [12.17945, 7.39742, -7.25057],
							"lerp_mode": "catmullrom"
						},
						"2.2083": {
							"post": [19.84233, -0.04741, -11.83758],
							"lerp_mode": "catmullrom"
						},
						"2.5": {
							"post": [14.25122, 6.64271, -16.57756],
							"lerp_mode": "catmullrom"
						},
						"2.875": {
							"post": [-2.46466, 7.40316, -9.25571],
							"lerp_mode": "catmullrom"
						},
						"3.0": {
							"post": [-1.62, 7.4, -7.25],
							"lerp_mode": "catmullrom"
						},
						"4.0": {
							"post": [12.17945, 7.39742, -7.25057],
							"lerp_mode": "catmullrom"
						}
					},
					"position": {
						"0.0": [0, 0.3, 2],
						"0.5": [0, 1.3, -0.07],
						"0.875": [0, 2.33, -2.37],
						"1.0": [0, 1.2, -3.2],
						"1.5": [0, 0.28, -0.43],
						"2.0": [0, 0.3, 2],
						"2.5": [0, 1.3, -0.07],
						"2.875": [0, 2.33, -2.37],
						"3.0": [0, 1.2, -3.2],
						"3.5": [0, 0.28, -0.43],
						"4.0": [0, 0.3, 2]
					}
				},
				"leg_left2": {
					"rotation": {
						"0.0": {
							"post": [-11.86183, -0.43263, 2.37575],
							"lerp_mode": "catmullrom"
						},
						"0.4167": {
							"post": [25.16943, -0.43132, 2.37786],
							"lerp_mode": "catmullrom"
						},
						"1.0": {
							"post": [-18.36, -0.43, 2.38],
							"lerp_mode": "catmullrom"
						},
						"1.5": {
							"post": [-14.68684, -0.43131, 2.37788],
							"lerp_mode": "catmullrom"
						},
						"2.0": {
							"post": [-11.86183, -0.43263, 2.37575],
							"lerp_mode": "catmullrom"
						},
						"2.4167": {
							"post": [17.82362, -0.43137, 2.37779],
							"lerp_mode": "catmullrom"
						},
						"3.0": {
							"post": [-18.36, -0.43, 2.38],
							"lerp_mode": "catmullrom"
						},
						"4.0": {
							"post": [-11.86183, -0.43263, 2.37575],
							"lerp_mode": "catmullrom"
						}
					}
				},
				"foot_left": {
					"rotation": {
						"0.0": [-1.15637, -6.23648, 2.9767],
						"0.2083": [11.32995, -6.23728, 2.97746],
						"0.5": [-1.86784, -6.23865, 2.97873],
						"0.7917": [-6.34271, -6.23958, 2.97961],
						"0.9167": {
							"pre": [-4.48073, -6.23983, 2.97984],
							"post": [-4.48073, -6.23983, 2.97984],
							"lerp_mode": "catmullrom"
						},
						"1.0": {
							"post": [13.84, -6.24, 2.98],
							"lerp_mode": "catmullrom"
						},
						"1.2083": {
							"post": [19.10182, -6.23905, 2.97911],
							"lerp_mode": "catmullrom"
						},
						"1.5": {
							"post": [14.48, -6.24, 2.98],
							"lerp_mode": "catmullrom"
						},
						"2.0": [-1.15637, -6.23648, 2.9767],
						"2.2083": [11.32995, -6.23728, 2.97746],
						"2.5": [-1.86784, -6.23865, 2.97873],
						"2.7917": [-6.34271, -6.23958, 2.97961],
						"2.9167": {
							"pre": [-4.48073, -6.23983, 2.97984],
							"post": [-4.48073, -6.23983, 2.97984],
							"lerp_mode": "catmullrom"
						},
						"3.0": {
							"post": [13.84, -6.24, 2.98],
							"lerp_mode": "catmullrom"
						},
						"3.2083": {
							"post": [19.10182, -6.23905, 2.97911],
							"lerp_mode": "catmullrom"
						},
						"3.5": {
							"post": [14.48, -6.24, 2.98],
							"lerp_mode": "catmullrom"
						},
						"4.0": [-1.15637, -6.23648, 2.9767]
					}
				},
				"leg_right3": {
					"rotation": {
						"0.0": [6, 0, 0],
						"0.5": [-2.02, 0, 0],
						"0.5417": [-2.02, 0, 0],
						"1.0": [5, 0, 0],
						"1.8333": [-5.26, 0, 0],
						"2.0": [6, 0, 0],
						"2.5": [-2.02, 0, 0],
						"3.0": [5, 0, 0],
						"3.4167": [-3.66, 0, 0],
						"3.8333": [-5.26, 0, 0],
						"4.0": [6, 0, 0]
					}
				},
				"toe_middle_right": {
					"rotation": {
						"0.0": [0, 0, 0],
						"1.0": [0, 0, 0],
						"1.2083": [-22.5, 0, 0],
						"1.5417": [22.5, 0, 0],
						"1.7917": [22.5, 0, 0],
						"2.0": [0, 0, 0],
						"3.0": [0, 0, 0],
						"3.2083": [-22.5, 0, 0],
						"3.5417": [22.5, 0, 0],
						"3.7917": [22.5, 0, 0],
						"4.0": [0, 0, 0]
					}
				},
				"toe_outer_right_rotation": {
					"rotation": {
						"0.0": [0, 10, 0],
						"1.0": [0, 0, 0],
						"1.2083": [0, 0, 0],
						"1.5417": [22.5, 0, 0],
						"1.7917": [22.5, 0, 0],
						"2.0": [0, 10, 0],
						"3.0": [0, 0, 0],
						"3.2083": [0, 0, 0],
						"3.5417": [22.5, 0, 0],
						"3.7917": [22.5, 0, 0],
						"4.0": [0, 10, 0]
					}
				},
				"toe_inner_right_rotation": {
					"rotation": {
						"0.0": [0, -10, 0],
						"1.0": [0, 0, 0],
						"1.2083": [-12.5, 0, 0],
						"1.5417": [22.5, 0, 0],
						"1.7917": [22.5, 0, 0],
						"2.0": [0, -10, 0],
						"3.0": [0, 0, 0],
						"3.2083": [-12.5, 0, 0],
						"3.5417": [22.5, 0, 0],
						"3.7917": [22.5, 0, 0],
						"4.0": [0, -10, 0]
					}
				},
				"leg_left3": {
					"rotation": {
						"0.0": [5, 0, 0],
						"0.8333": [-5.26, 0, 0],
						"1.0": [6, 0, 0],
						"1.5": [-2.02, 0, 0],
						"2.0": [5, 0, 0],
						"2.4167": [-3.66, 0, 0],
						"2.8333": [-5.26, 0, 0],
						"3.0": [6, 0, 0],
						"3.5": [-2.02, 0, 0],
						"3.5417": [-2.02, 0, 0],
						"4.0": [5, 0, 0]
					}
				},
				"toe_middle_left": {
					"rotation": {
						"0.0": [0, 0, 0],
						"0.2083": [-22.5, 0, 0],
						"0.5417": [22.5, 0, 0],
						"0.7917": [22.5, 0, 0],
						"1.0": [0, 0, 0],
						"2.0": [0, 0, 0],
						"2.2083": [-22.5, 0, 0],
						"2.5417": [22.5, 0, 0],
						"2.7917": [22.5, 0, 0],
						"3.0": [0, 0, 0],
						"4.0": [0, 0, 0]
					}
				},
				"toe_outer_left_rotation": {
					"rotation": {
						"0.0": [0, 0, 0],
						"0.2083": [0, 0, 0],
						"0.5417": [22.5, 0, 0],
						"0.7917": [22.5, 0, 0],
						"1.0": [0, -10, 0],
						"2.0": [0, 0, 0],
						"2.2083": [0, 0, 0],
						"2.5417": [22.5, 0, 0],
						"2.7917": [22.5, 0, 0],
						"3.0": [0, -10, 0],
						"4.0": [0, 0, 0]
					}
				},
				"toe_inner_left_rotation": {
					"rotation": {
						"0.0": [0, 0, 0],
						"0.2083": [-12.5, 0, 0],
						"0.5417": [22.5, 0, 0],
						"0.7917": [22.5, 0, 0],
						"1.0": [0, 10, 0],
						"2.0": [0, 0, 0],
						"2.2083": [-12.5, 0, 0],
						"2.5417": [22.5, 0, 0],
						"2.7917": [22.5, 0, 0],
						"3.0": [0, 10, 0],
						"4.0": [0, 0, 0]
					}
				},
				"finger_outer_right": {
					"rotation": [30, 0, 0],
					"position": [0, 0, 1]
				},
				"finger_inner_right": {
					"rotation": [20, 0, 0],
					"position": [0, 0, 1]
				},
				"thumb_right": {
					"rotation": [0, 0, 25]
				},
				"finger_outer_left": {
					"rotation": [-30, 0, 0]
				},
				"finger_inner_left": {
					"rotation": [-20, 0, 0]
				},
				"thumb_left": {
					"rotation": [0, 0, -25]
				}
			}
		},
		"animation.spinot.battle_idle": {
			"loop": true,
			"bones": {
				"torso": {
					"rotation": ["10-0.5*math.sin(q.anim_time*90*2-50)", 0, "-2*math.cos(q.anim_time*90*1-50)"],
					"position": [0, "0.2*math.sin(q.anim_time*90*2)", 0]
				},
				"neck": {
					"rotation": ["-1*math.sin(q.anim_time*90*1-120)", 0, 0]
				},
				"head_rotation": {
					"rotation": ["-15-2*math.sin(q.anim_time*90*2-120)", 0, "-4*math.cos(q.anim_time*90*1-120)"]
				},
				"head_tilt2": {
					"rotation": [0, 0, 0]
				},
				"tail": {
					"rotation": [-7.5, "0-4*math.sin(q.anim_time*90*2)", 0]
				},
				"tail2": {
					"rotation": [10, "-8*math.sin(q.anim_time*90*2-60)", 0]
				},
				"tail3": {
					"rotation": [2.5, "-12*math.sin(q.anim_time*90*2-120)", 0]
				},
				"leg_right": {
					"rotation": ["-9.3065+0.9*math.sin(q.anim_time*90*2)", 9.95609, 7.70847],
					"position": [0, "0.6+0.1*math.sin(q.anim_time*90*2)", 0]
				},
				"leg_right2": {
					"rotation": ["0.6382-1.6*math.sin(q.anim_time*90*2)", 0.43263, -2.37575]
				},
				"foot_right": {
					"rotation": ["1.3436+0.6*math.sin(q.anim_time*90*2)", 6.23648, -2.9767]
				},
				"leg_left": {
					"rotation": ["-9.3065+0.9*math.sin(q.anim_time*90*2)", -9.95609, -7.70847],
					"position": [0, "0.6+0.1*math.sin(q.anim_time*90*2)", 0]
				},
				"leg_left2": {
					"rotation": ["0.6382-1.6*math.sin(q.anim_time*90*2)", -0.43263, 2.37575]
				},
				"foot_left": {
					"rotation": ["1.3436+0.6*math.sin(q.anim_time*90*2)", -6.23648, 2.9767]
				},
				"jaw": {
					"rotation": ["23.5+4*math.sin(q.anim_time*90*2-120)", 0, 0]
				},
				"leg_right3": {
					"rotation": ["10+0.4*math.sin(q.anim_time*90*2)", 0, 0]
				},
				"leg_left3": {
					"rotation": ["10+0.4*math.sin(q.anim_time*90*2)", 0, 0]
				},
				"arm_right": {
					"rotation": [0, -45, 0],
					"position": [0, 0, -1]
				},
				"finger_outer_right": {
					"rotation": [30, 0, 0],
					"position": [0, 0, 1]
				},
				"finger_inner_right": {
					"rotation": [20, 0, 0],
					"position": [0, 0, 1]
				},
				"thumb_right": {
					"rotation": [0, 0, 15],
					"position": [-1, 0, 0]
				},
				"arm_left": {
					"rotation": [0, -45, 0],
					"position": [0, 0, -1]
				},
				"finger_outer_left": {
					"rotation": [-30, 0, 0]
				},
				"finger_inner_left": {
					"rotation": [-20, 0, 0]
				},
				"thumb_left": {
					"rotation": [0, 0, -15]
				}
			}
		},
		"animation.spinot.sleep": {
			"loop": true,
			"bones": {
				"torso": {
					"rotation": [27, 0, "-10-0.5*math.cos(q.anim_time*90*1-50)"],
					"position": [0, -3.2, 0]
				},
				"neck": {
					"rotation": [7.5, 5, 0]
				},
				"head_rotation": {
					"rotation": [-23, -5, "0.5-0.3*math.cos(q.anim_time*90*2-120)"]
				},
				"head_tilt2": {
					"rotation": [0, 0, 0]
				},
				"tail": {
					"rotation": [-37.5, "0-4*math.sin(q.anim_time*90*0.5)", 0]
				},
				"tail2": {
					"rotation": [-27, "-8*math.sin(q.anim_time*90*0.5-60)", 0],
					"position": [0, -0.4, -0.5]
				},
				"tail3": {
					"rotation": [-10, "-12*math.sin(q.anim_time*90*0.5-120)", 0],
					"position": [0, -0.6, 0]
				},
				"leg_right": {
					"rotation": [0, 5, 7.5],
					"position": [0, -2.8, -0.4]
				},
				"leg_right2": {
					"rotation": [23.63817, 0.43263, -2.37575]
				},
				"foot_right": {
					"rotation": [1.34363, 6.23648, -2.9767]
				},
				"leg_left": {
					"rotation": [0, -5, -7.5],
					"position": [0, -2.8, -0.4]
				},
				"leg_left2": {
					"rotation": [23.63817, -0.43263, 2.37575]
				},
				"foot_left": {
					"rotation": [1.34363, -6.23648, 2.9767]
				},
				"eyelid_right": {
					"position": [-0.1, 0, 0]
				},
				"eyelid_left": {
					"position": [0.1, 0, 0]
				},
				"leg_right3": {
					"rotation": [-24, 0, 0],
					"position": [0, 0, 1.1]
				},
				"leg_left3": {
					"rotation": [-24, 0, 0],
					"position": [0, 0, 1.1]
				},
				"arm_right": {
					"rotation": [0, -100, 0],
					"position": [0, 2, -2]
				},
				"finger_outer_right": {
					"rotation": [90, 0, 0],
					"position": [0, 3, -1]
				},
				"finger_inner_right": {
					"rotation": [90, 0, 0],
					"position": [0, 3, -1]
				},
				"arm_left": {
					"rotation": [0, -82.5, 0],
					"position": [0, 0, -2]
				},
				"finger_outer_left": {
					"rotation": [-90, 0, 0],
					"position": [0, -1, -3]
				},
				"finger_inner_left": {
					"rotation": [-90, 0, 0],
					"position": [0, -1, -3]
				}
			}
		},
		"animation.spinot.blink": {
			"animation_length": 0.1667,
			"bones": {
				"eyelid_right": {
					"position": {
						"0.0": [-0.1, 0, 0],
						"0.125": {
							"pre": [-0.1, 0, 0],
							"post": [-0.1, 0, 0]
						},
						"0.1667": {
							"pre": [-0.1, 0, 0],
							"post": [0, 0, 0]
						}
					}
				},
				"eyelid_left": {
					"position": {
						"0.0": [0.1, 0, 0],
						"0.125": {
							"pre": [0.1, 0, 0],
							"post": [0.1, 0, 0]
						},
						"0.1667": {
							"pre": [0.1, 0, 0],
							"post": [0, 0, 0]
						}
					}
				}
			}
		},
		"animation.spinot.cry": {
			"animation_length": 2.5,
			"bones": {
				"torso": {
					"rotation": {
						"0.0": [0, 0, 0],
						"0.1667": {
							"pre": [-12.5, 0, 0],
							"post": [-12.5, 0, 0],
							"lerp_mode": "catmullrom"
						},
						"0.3333": {
							"post": [2.5, 0, 0],
							"lerp_mode": "catmullrom"
						},
						"0.9583": {
							"post": [-1, 0, 0],
							"lerp_mode": "catmullrom"
						},
						"2.4167": [0, 0, 0]
					}
				},
				"neck": {
					"rotation": {
						"0.0": [0, 0, 0],
						"0.25": {
							"pre": [-2.63087, 0, 0],
							"post": [-2.63087, 0, 0],
							"lerp_mode": "catmullrom"
						},
						"0.3333": {
							"post": [10, 0, 0],
							"lerp_mode": "catmullrom"
						},
						"0.625": {
							"post": [10, 0, 0],
							"lerp_mode": "catmullrom"
						},
						"1.0": {
							"post": [0, 0, 0],
							"lerp_mode": "catmullrom"
						},
						"1.625": [0, 0, 0]
					}
				},
				"head_rotation": {
					"rotation": {
						"0.0": [0, 0, 0],
						"0.25": {
							"pre": [15, 0, 0],
							"post": [15, 0, 0],
							"lerp_mode": "catmullrom"
						},
						"0.375": {
							"post": [-23.21821, 0.78249, 1.83955],
							"lerp_mode": "catmullrom"
						},
						"0.625": {
							"post": [-22.5, 0, 0],
							"lerp_mode": "catmullrom"
						},
						"1.0": {
							"post": [5, 0, 0],
							"lerp_mode": "catmullrom"
						},
						"1.5833": {
							"post": [0, 0, 0],
							"lerp_mode": "catmullrom"
						},
						"2.25": [0, 0, 0]
					}
				},
				"eyelid_right": {
					"position": {
						"0.0833": [0, 0, 0],
						"0.125": {
							"pre": [0, 0, 0],
							"post": [-0.1, 0, 0]
						},
						"0.2917": {
							"pre": [-0.1, 0, 0],
							"post": [-0.1, 0, 0]
						},
						"0.3333": {
							"pre": [-0.1, 0, 0],
							"post": [0, 0, 0]
						}
					}
				},
				"eyelid_left": {
					"position": {
						"0.0833": [0, 0, 0],
						"0.125": {
							"pre": [0, 0, 0],
							"post": [0.1, 0, 0]
						},
						"0.2917": {
							"pre": [0.1, 0, 0],
							"post": [0.1, 0, 0]
						},
						"0.3333": {
							"pre": [0.1, 0, 0],
							"post": [0, 0, 0]
						}
					}
				},
				"jaw": {
					"rotation": {
						"0.0": [0, 0, 0],
						"0.0833": [4, 0, 0],
						"0.2083": [-1, 0, 0],
						"0.3333": {
							"pre": [45.84418, -0.45008, 0.0228],
							"post": [45.84418, -0.45008, 0.0228],
							"lerp_mode": "catmullrom"
						},
						"0.5417": {
							"post": [46, 0, 0],
							"lerp_mode": "catmullrom"
						},
						"0.6667": {
							"post": [18.16861, 0.0269, 0.00178],
							"lerp_mode": "catmullrom"
						},
						"0.75": {
							"post": [18.8992, 0.15611, 0.01263],
							"lerp_mode": "catmullrom"
						},
						"0.875": {
							"post": [2, 0, 0],
							"lerp_mode": "catmullrom"
						},
						"1.125": {
							"post": [1.92617, -0.00868, -0.00101],
							"lerp_mode": "catmullrom"
						},
						"1.3333": {
							"post": [0, 0, 0],
							"lerp_mode": "catmullrom"
						},
						"2.375": [0, 0, 0]
					}
				}
			},
			"sound_effects": {
				"0.25": {
					"effect": "pokemon.tyrunt.cry"
				}
			}
		},
		"animation.spinot.walkspeedtest": {
			"loop": true,
			"bones": {
				"spinot": {
					"position": [0, 0, "-q.anim_time*90*0.11"]
				}
			}
		},
		"animation.spinot.water_idle": {
			"animation_length": 4,
			"bones": {
				"arm_right": {
					"rotation": {
						"0.0": [0, 20, 0],
						"1.0": [0, 30, 0],
						"2.0": [0, 20, 0],
						"3.0": [0, 30, 0],
						"4.0": [0, 20, 0]
					}
				},
				"arm_left": {
					"rotation": {
						"0.0": [0, 20, 0],
						"1.0": [0, 30, 0],
						"2.0": [0, 20, 0],
						"3.0": [0, 30, 0],
						"4.0": [0, 20, 0]
					}
				},
				"head_rotation": {
					"rotation": {
						"0.0": [-5, 0, 0],
						"1.0": [0, 0, 0],
						"2.0": [-5, 0, 0],
						"3.0": [0, 0, 0],
						"4.0": [-5, 0, 0]
					}
				},
				"tail": {
					"rotation": {
						"0.0": [-15, 0, 0],
						"1.0": [-22.5, 0, 0],
						"2.0": [-15, 0, 0],
						"3.0": [-22.5, 0, 0],
						"4.0": [-15, 0, 0]
					},
					"position": {
						"0.0": [0, 0, 0],
						"2.0": [0, 0, 0],
						"4.0": [0, 0, 0]
					}
				},
				"leg_right": {
					"rotation": {
						"0.0": [60, 0, 0],
						"1.0": [77.75706, -4.62411, 1.91979],
						"2.0": [60, 0, 0],
						"3.0": [77.75706, -4.62411, 1.91979],
						"4.0": [60, 0, 0]
					},
					"position": {
						"0.0": [0, -3, 3],
						"1.0": [0, -3, 5],
						"2.0": [0, -3, 3],
						"3.0": [0, -3, 5],
						"4.0": [0, -3, 3]
					}
				},
				"leg_right2": {
					"rotation": [-22.5, 0, 0],
					"position": [0, 1, 0]
				},
				"foot_right": {
					"rotation": [15, 0, 0],
					"position": [0, -1, 0]
				},
				"leg_left": {
					"rotation": {
						"0.0": [60, 0, 0],
						"1.0": [75.28553, 4.53731, -2.12052],
						"2.0": [60, 0, 0],
						"3.0": [75.28553, 4.53731, -2.12052],
						"4.0": [60, 0, 0]
					},
					"position": {
						"0.0": [0, -3, 3],
						"1.0": [0, -3, 5],
						"2.0": [0, -3, 3],
						"3.0": [0, -3, 5],
						"4.0": [0, -3, 3]
					}
				},
				"leg_left2": {
					"rotation": [-20, 0, 0],
					"position": [0, 1, 0]
				},
				"foot_left": {
					"rotation": [15, 0, 0],
					"position": [0, -1, 0]
				}
			}
		},
		"animation.spinot.water_swim": {
			"animation_length": 4,
			"bones": {
				"arm_right": {
					"rotation": {
						"0.0": [0, 35, 0],
						"1.0": [0, 15, 0],
						"2.0": [0, 35, 0],
						"3.0": [0, 15, 0],
						"4.0": [0, 35, 0]
					}
				},
				"arm_left": {
					"rotation": {
						"0.0": [0, 35, 0],
						"1.0": [0, 15, 0],
						"2.0": [0, 35, 0],
						"3.0": [0, 15, 0],
						"4.0": [0, 35, 0]
					}
				},
				"head_rotation": {
					"rotation": {
						"0.0": [-5, 0, 0],
						"1.0": [-5.019, -4.98093, 0.43688],
						"2.0": [-5, 0, 0],
						"3.0": [-5.019, 4.98093, -0.43688],
						"4.0": [-5, 0, 0]
					},
					"position": {
						"0.0": [0, 0, 0],
						"2.0": [0, 0, 0],
						"4.0": [0, 0, 0]
					}
				},
				"tail": {
					"rotation": {
						"0.0": [-15, 0, 0],
						"1.0": [-15, -20, 0],
						"2.0": [-15, 0, 0],
						"3.0": [-15, 20, 0],
						"4.0": [-15, 0, 0]
					},
					"position": {
						"0.0": [0, 0, 0],
						"2.0": [0, 0, 0],
						"4.0": [0, 0, 0]
					}
				},
				"tail2": {
					"rotation": {
						"0.0": [0, 0, 0],
						"1.0": [0, -12.5, 0],
						"2.0": [0, 0, 0],
						"3.0": [0, 12.5, 0],
						"4.0": [0, 0, 0]
					},
					"position": {
						"0.0": [0, 0, 0],
						"2.0": [0, 0, 0],
						"4.0": [0, 0, 0]
					}
				},
				"tail3": {
					"rotation": {
						"0.0": [0, 0, 0],
						"1.0": [0, -15, 0],
						"2.0": [0, 0, 0],
						"3.0": [0, 15, 0],
						"4.0": [0, 0, 0]
					},
					"position": {
						"0.0": [0, 0, 0],
						"2.0": [0, 0, 0],
						"4.0": [0, 0, 0]
					}
				},
				"leg_right": {
					"rotation": {
						"0.0": [75.40187, -9.08195, 4.20908],
						"2.0": [75.40187, -9.08195, 4.20908],
						"4.0": [75.40187, -9.08195, 4.20908]
					},
					"position": {
						"0.0": [-2, -3, 7],
						"1.0": [-2, -2, 7],
						"2.0": [-2, -3, 7],
						"3.0": [-2, -2, 7],
						"4.0": [-2, -3, 7]
					}
				},
				"leg_left": {
					"rotation": {
						"0.0": [75.40187, 9.08195, -4.20908],
						"2.0": [75.40187, 9.08195, -4.20908],
						"4.0": [75.40187, 9.08195, -4.20908]
					},
					"position": {
						"0.0": [2, -3, 7],
						"1.0": [2, -2, 7],
						"2.0": [2, -3, 7],
						"3.0": [2, -2, 7],
						"4.0": [2, -3, 7]
					}
				}
			}
		},
		"animation.spinospecter.water_idle": {
			"loop": true
		},
		"animation.spinospecter.water_swim": {
			"loop": true
		},
		"animation.spinospecter.surfacewater_idle": {
			"loop": true
		},
		"animation.spinospecter.surfacewater_swim": {
			"loop": true
		}
	}
}