{
	"format_version": "1.8.0",
	"animations": {
		"animation.golisopodronin.ground_idle": {
			"loop": true,
			"animation_length": 4,
			"bones": {
				"torso4": {
					"rotation": [-5, 0, 0]
				},
				"segment2": {
					"rotation": ["12.5+1*math.sin(q.anim_time*90*1)", 0, 0]
				},
				"segment3": {
					"rotation": ["10-2*math.sin(q.anim_time*90*1-40)", 0, 0]
				},
				"head": {
					"rotation": ["2.5-5*math.sin(q.anim_time*90*1-40)", 0, 0]
				},
				"torso3": {
					"rotation": ["2.5+2*math.sin(q.anim_time*90*1+30)", 0, 0]
				},
				"torso": {
					"rotation": ["7.5+1*math.sin(q.anim_time*90*1+50)", 0, 0],
					"position": [0, "0.5*math.sin(q.anim_time*90*1-20)", 0]
				},
				"body": {
					"position": [0, -3, 0]
				},
				"leg_left": {
					"rotation": [-42.5, -32.5, 0]
				},
				"leg_left2": {
					"rotation": [55, 0, 0]
				},
				"foot_left": {
					"rotation": [-2.5, 0, 0]
				},
				"leg_right": {
					"rotation": [-42.5, 32.5, 0]
				},
				"leg_right2": {
					"rotation": [47.5, 0, 0]
				},
				"arm_left": {
					"rotation": [-23.53, "3.74-5*math.sin(q.anim_time*90*1-20)", 47.45]
				},
				"hand_left": {
					"rotation": [-5, 32.5, "35-5*math.sin(q.anim_time*90*1-20)"]
				},
				"arm_left2": {
					"rotation": [21.54243, "18+6*math.sin(q.anim_time*90*1-60)", 46.78052]
				},
				"arm_left3": {
					"rotation": [0, "37.5+3*math.sin(q.anim_time*90*1-70)", 0]
				},
				"claw_left5": {
					"rotation": [0, 0, "17.5+2*math.sin(q.anim_time*90*2-20)"]
				},
				"arm_left4": {
					"rotation": [22.42926, "20.2935+3*math.sin(q.anim_time*90*1-90)", 59.28135]
				},
				"arm_left5": {
					"rotation": [0, "60+3*math.sin(q.anim_time*90*1-120)", 0]
				},
				"claw_left6": {
					"rotation": [0, 0, "25+2*math.sin(q.anim_time*90*2-20)"]
				},
				"arm_right4": {
					"rotation": [22.42926, "-20.2935-3*math.sin(q.anim_time*90*1-90)", -59.28135]
				},
				"arm_right5": {
					"rotation": [0, "-60-3*math.sin(q.anim_time*90*1-120)", 0]
				},
				"claw_right6": {
					"rotation": [0, 0, "-25+2*math.sin(q.anim_time*90*2-20)"]
				},
				"arm_right2": {
					"rotation": [21.54243, "-18-6*math.sin(q.anim_time*90*1-60)", -46.78052]
				},
				"arm_right3": {
					"rotation": [0, "-37.5-3*math.sin(q.anim_time*90*1-70)", 0]
				},
				"claw_right5": {
					"rotation": [0, 0, "-17.5+2*math.sin(q.anim_time*90*2-20)"]
				},
				"arm_right": {
					"rotation": [-23.53, "-3.74+5*math.sin(q.anim_time*90*1-20)", -47.45]
				},
				"hand_right": {
					"rotation": [-5, -32.5, "-35+5*math.sin(q.anim_time*90*1-20)"]
				},
				"torso2": {
					"rotation": [-5, 0, 0]
				},
				"claw_left": {
					"rotation": [0, 0, "-2*math.sin(q.anim_time*90*1-20)"]
				},
				"claw_left3": {
					"rotation": [0, 0, "-2*math.sin(q.anim_time*90*1-40)"]
				},
				"claw_right": {
					"rotation": [0, 0, "2*math.sin(q.anim_time*90*1-20)"]
				},
				"claw_right3": {
					"rotation": [0, 0, "2*math.sin(q.anim_time*90*1-40)"]
				},
				"toe_left": {
					"rotation": [-7.5, 0, 0]
				},
				"foot_right": {
					"rotation": [2.5, 0, 0]
				},
				"toe_right": {
					"rotation": [-12.5, 0, 0]
				},
				"antenna_left": {
					"rotation": ["6-3*math.sin(q.anim_time*90*1+60)", 0, 0]
				},
				"antenna_left2": {
					"rotation": ["-2-2*math.sin(q.anim_time*90*1-50)", 0, 0]
				},
				"antenna_right": {
					"rotation": ["6-3*math.sin(q.anim_time*90*1+60)", 0, 0]
				},
				"antenna_right2": {
					"rotation": ["-2-2*math.sin(q.anim_time*90*1-50)", 0, 0]
				}
			}
		},
		"animation.golisopodronin.ground_walk": {
			"loop": true,
			"animation_length": 4,
			"bones": {
				"torso4": {
					"rotation": [-5, 0, "-2*math.sin(q.anim_time*90*2-20)"]
				},
				"segment2": {
					"rotation": ["12.5-2*math.sin(q.anim_time*90*2-50)", 0, 0]
				},
				"segment3": {
					"rotation": [11.28558, "5*math.sin(q.anim_time*90*2-20)", 0]
				},
				"head": {
					"rotation": ["5.7139+5*math.sin(q.anim_time*90*4-20)", "-10*math.sin(q.anim_time*90*2-20)", 0]
				},
				"torso3": {
					"rotation": ["3.5-5*math.sin(q.anim_time*90*4-20)", 0, 0]
				},
				"torso": {
					"rotation": ["7.5+2*math.sin(q.anim_time*90*4+50)", "4*math.sin(q.anim_time*90*2-20)", "4*math.sin(q.anim_time*90*2-20)"],
					"position": [0, "0.5*math.sin(q.anim_time*90*4-20)", "-0.75+0.5*math.sin(q.anim_time*90*4-20)"]
				},
				"body": {
					"position": {
						"0.0": [0, 0, 0],
						"0.6667": [0, 0, 0],
						"0.75": [0, -0.5, 0],
						"0.8333": [0, 0.01, 0],
						"0.9167": [0, -0.24, 0],
						"1.6667": [0, 0, 0],
						"1.75": [0, -0.5, 0],
						"1.8333": [0, 0.01, 0],
						"1.9167": [0, -0.24, 0],
						"2.625": [0, 0, 0],
						"2.7083": [0, -0.5, 0],
						"2.7917": [0, 0.01, 0],
						"2.875": [0, -0.24, 0],
						"3.625": [0, 0, 0],
						"3.7083": [0, -0.5, 0],
						"3.7917": [0, 0.01, 0],
						"3.875": [0, -0.24, 0],
						"4.0": [0, 0, 0]
					}
				},
				"leg_left": {
					"rotation": ["-20*math.sin(q.anim_time*90*2-20)", "math.clamp(-10*math.cos(q.anim_time*90*2-30),-10,0)", 0],
					"position": [0, "math.clamp(2*math.cos(q.anim_time*90*2-20),0,2)", "-2*math.sin(q.anim_time*90*2-20)"]
				},
				"foot_left": {
					"rotation": ["20-20*math.sin(q.anim_time*90*2-20)", 0, 0],
					"position": [0, "math.clamp(1*math.cos(q.anim_time*90*2-20),0,1)", 0]
				},
				"leg_right": {
					"rotation": ["20*math.sin(q.anim_time*90*2-20)", "math.clamp(-10*math.cos(q.anim_time*90*2-30),0,10)", 0],
					"position": [0, "math.clamp(-2*math.cos(q.anim_time*90*2-20),0,2)", "2*math.sin(q.anim_time*90*2-20)"]
				},
				"arm_left": {
					"rotation": ["-23.1781-10*math.sin(q.anim_time*90*2-20)", "-5.6636-20*math.sin(q.anim_time*90*2-20)", 50.87354]
				},
				"hand_left": {
					"rotation": ["-5+20*math.sin(q.anim_time*90*2-20)", 32.5, 35],
					"position": {
						"0.0": [0, 0, 0],
						"0.7917": [0, 0, 0],
						"0.875": [0.37202, -0.33405, 0.00338],
						"0.9583": [-0.02434, -0.01052, -0.01464],
						"1.0417": [0.37686, -0.31198, 0.02616],
						"1.25": [0, 0, 0],
						"1.7917": [0, 0, 0],
						"1.875": [0.37202, -0.33405, 0.00338],
						"1.9583": [-0.02434, -0.01052, -0.01464],
						"2.0417": [0.37686, -0.31198, 0.02616],
						"2.25": [0, 0, 0],
						"2.7083": [0, 0, 0],
						"2.7917": [0.37202, -0.33405, 0.00338],
						"2.875": [-0.02434, -0.01052, -0.01464],
						"2.9583": [0.37686, -0.31198, 0.02616],
						"3.1667": [0, 0, 0],
						"3.625": [0, 0, 0],
						"3.7083": [0.37202, -0.33405, 0.00338],
						"3.7917": [-0.02434, -0.01052, -0.01464],
						"3.875": [0.37686, -0.31198, 0.02616],
						"4.0": [0, 0, 0]
					}
				},
				"arm_left2": {
					"rotation": {
						"0.0": [21.54243, 23.12718, 46.78052],
						"4.0": [21.54243, 23.12718, 46.78052]
					}
				},
				"arm_left3": {
					"rotation": {
						"0.0": [0, "37.5+3*math.sin(q.anim_time*90*1-40)", 0],
						"0.8333": [0, "37.5+3*math.sin(q.anim_time*90*1-40)", 0],
						"0.9167": [0, "35+3*math.sin(q.anim_time*90*1-40)", 0],
						"1.0": [0, 37.9, 0],
						"1.7083": [0, "37.5+3*math.sin(q.anim_time*90*1-40)", 0],
						"1.7917": [0, "35+3*math.sin(q.anim_time*90*1-40)", 0],
						"1.875": [0, 37.9, 0],
						"2.7083": [0, "37.5+3*math.sin(q.anim_time*90*1-40)", 0],
						"2.7917": [0, "35+3*math.sin(q.anim_time*90*1-40)", 0],
						"2.875": [0, 37.9, 0],
						"3.7083": [0, "37.5+3*math.sin(q.anim_time*90*1-40)", 0],
						"3.7917": [0, "35+3*math.sin(q.anim_time*90*1-40)", 0],
						"3.875": [0, 37.9, 0],
						"4.0": [0, "37.5+3*math.sin(q.anim_time*90*1-40)", 0]
					}
				},
				"claw_left5": {
					"rotation": [0, 0, "17.5+2*math.sin(q.anim_time*90*2-20)"]
				},
				"arm_left4": {
					"rotation": {
						"0.0": [22.42926, 20.29348, 59.28135],
						"4.0": [22.42926, 20.29348, 59.28135]
					}
				},
				"arm_left5": {
					"rotation": {
						"0.0": [0, "77.5+3*math.sin(q.anim_time*90*1-20)", 0],
						"0.7917": [0, "72.5+3*math.sin(q.anim_time*90*1-20)", 0],
						"0.875": [0, "70+3*math.sin(q.anim_time*90*1-20)", 0],
						"0.9583": [0, "72.5+3*math.sin(q.anim_time*90*1-20)", 0],
						"1.125": [0, "67.5+3*math.sin(q.anim_time*90*1-20)", 0],
						"1.6667": [0, "72.5+3*math.sin(q.anim_time*90*1-20)", 0],
						"1.75": [0, "70+3*math.sin(q.anim_time*90*1-20)", 0],
						"1.8333": [0, "72.5+3*math.sin(q.anim_time*90*1-20)", 0],
						"2.0417": [0, "67.5+3*math.sin(q.anim_time*90*1-20)", 0],
						"2.6667": [0, "72.5+3*math.sin(q.anim_time*90*1-20)", 0],
						"2.75": [0, "70+3*math.sin(q.anim_time*90*1-20)", 0],
						"2.8333": [0, "72.5+3*math.sin(q.anim_time*90*1-20)", 0],
						"3.0417": [0, "67.5+3*math.sin(q.anim_time*90*1-20)", 0],
						"3.6667": [0, "72.5+3*math.sin(q.anim_time*90*1-20)", 0],
						"3.75": [0, "70+3*math.sin(q.anim_time*90*1-20)", 0],
						"3.8333": [0, "72.5+3*math.sin(q.anim_time*90*1-20)", 0],
						"4.0": [0, "77.5+3*math.sin(q.anim_time*90*1-20)", 0]
					}
				},
				"claw_left6": {
					"rotation": [0, 0, "25+2*math.sin(q.anim_time*90*2-20)"]
				},
				"arm_right4": {
					"rotation": [22.42926, -20.29348, -59.28135]
				},
				"arm_right5": {
					"rotation": {
						"0.0": [0, "-72.5+3*math.sin(q.anim_time*90*1-20)", 0],
						"0.7917": [0, "-72.5+3*math.sin(q.anim_time*90*1-20)", 0],
						"0.875": [0, "-70+3*math.sin(q.anim_time*90*1-20)", 0],
						"0.9583": [0, "-72.5+3*math.sin(q.anim_time*90*1-20)", 0],
						"1.125": [0, "-67.5+3*math.sin(q.anim_time*90*1-20)", 0],
						"1.6667": [0, "-72.5+3*math.sin(q.anim_time*90*1-20)", 0],
						"1.75": [0, "-70+3*math.sin(q.anim_time*90*1-20)", 0],
						"1.8333": [0, "-72.5+3*math.sin(q.anim_time*90*1-20)", 0],
						"2.0417": [0, "-67.5+3*math.sin(q.anim_time*90*1-20)", 0],
						"2.6667": [0, "-72.5+3*math.sin(q.anim_time*90*1-20)", 0],
						"2.75": [0, "-70+3*math.sin(q.anim_time*90*1-20)", 0],
						"2.8333": [0, "-72.5+3*math.sin(q.anim_time*90*1-20)", 0],
						"3.0417": [0, "-67.5+3*math.sin(q.anim_time*90*1-20)", 0],
						"3.6667": [0, "-72.5+3*math.sin(q.anim_time*90*1-20)", 0],
						"3.75": [0, "-70+3*math.sin(q.anim_time*90*1-20)", 0],
						"3.8333": [0, "-72.5+3*math.sin(q.anim_time*90*1-20)", 0],
						"4.0": [0, "-72.5+3*math.sin(q.anim_time*90*1-20)", 0]
					}
				},
				"claw_right6": {
					"rotation": [0, 0, "-25+2*math.sin(q.anim_time*90*2-20)"]
				},
				"arm_right2": {
					"rotation": [21.54243, -23.12718, -46.78052]
				},
				"arm_right3": {
					"rotation": {
						"0.0": [0, "-37.5+3*math.sin(q.anim_time*90*1-40)", 0],
						"0.8333": [0, "-37.5+3*math.sin(q.anim_time*90*1-40)", 0],
						"0.9167": [0, "-35+3*math.sin(q.anim_time*90*1-40)", 0],
						"1.0": [0, -37.9, 0],
						"1.7083": [0, "-37.5+3*math.sin(q.anim_time*90*1-40)", 0],
						"1.7917": [0, "-35+3*math.sin(q.anim_time*90*1-40)", 0],
						"1.875": [0, -37.9, 0],
						"2.7083": [0, "-37.5+3*math.sin(q.anim_time*90*1-40)", 0],
						"2.7917": [0, "-35+3*math.sin(q.anim_time*90*1-40)", 0],
						"2.875": [0, -37.9, 0],
						"3.7083": [0, "-37.5+3*math.sin(q.anim_time*90*1-40)", 0],
						"3.7917": [0, "-35+3*math.sin(q.anim_time*90*1-40)", 0],
						"3.875": [0, -37.9, 0],
						"4.0": [0, "-37.5+3*math.sin(q.anim_time*90*1-40)", 0]
					}
				},
				"claw_right5": {
					"rotation": [0, 0, "-17.5+2*math.sin(q.anim_time*90*2-20)"]
				},
				"arm_right": {
					"rotation": [-23.1781, "5.6636-20*math.sin(q.anim_time*90*2-20)", "-50.87-10*math.sin(q.anim_time*90*2-20)"]
				},
				"hand_right": {
					"rotation": ["-5-20*math.sin(q.anim_time*90*2-20)", -32.5, -35],
					"position": {
						"0.0": [0, 0, 0],
						"0.7917": [0, 0, 0],
						"0.875": [-0.608, -0.3888, 0.20412],
						"0.9583": [-0.19653, -0.09328, 0.0861],
						"1.0417": [-0.5672, -0.40378, 0.17622],
						"1.25": [0, 0, 0],
						"1.7917": [0, 0, 0],
						"1.875": [-0.608, -0.3888, 0.20412],
						"1.9583": [-0.19653, -0.09328, 0.0861],
						"2.0417": [-0.5672, -0.40378, 0.17622],
						"2.25": [0, 0, 0],
						"2.7083": [0, 0, 0],
						"2.7917": [-0.608, -0.3888, 0.20412],
						"2.875": [-0.19653, -0.09328, 0.0861],
						"2.9583": [-0.5672, -0.40378, 0.17622],
						"3.1667": [0, 0, 0],
						"3.625": [0, 0, 0],
						"3.7083": [-0.608, -0.3888, 0.20412],
						"3.7917": [-0.19653, -0.09328, 0.0861],
						"3.875": [-0.5672, -0.40378, 0.17622],
						"4.0": [0, 0, 0]
					}
				},
				"torso2": {
					"rotation": ["-5+2*math.sin(q.anim_time*90*4-20)", 0, 0],
					"position": [0, "0.1*math.sin(q.anim_time*90*4-20)", 0]
				},
				"claw_left": {
					"rotation": [0, 0, "-2*math.sin(q.anim_time*90*1-20)"]
				},
				"claw_left3": {
					"rotation": [0, 0, "-2*math.sin(q.anim_time*90*1-40)"]
				},
				"claw_right": {
					"rotation": [0, 0, "2*math.sin(q.anim_time*90*1-20)"]
				},
				"claw_right3": {
					"rotation": [0, 0, "2*math.sin(q.anim_time*90*1-40)"]
				},
				"foot_right": {
					"rotation": ["20+20*math.sin(q.anim_time*90*2-20)", 0, 0],
					"position": [0, "math.clamp(-1*math.cos(q.anim_time*90*2-20),0,2)", 0]
				},
				"shell_left9": {
					"rotation": [0, "2*math.sin(q.anim_time*90*4-20)", 0]
				},
				"shell_right9": {
					"rotation": [0, "-(2*math.sin(q.anim_time*90*4-20))", 0]
				},
				"segment": {
					"rotation": ["-2*math.sin(q.anim_time*90*4)", "-2*math.sin(q.anim_time*90*2-20)", 0]
				},
				"shell_left5": {
					"rotation": [0, "-(2*math.sin(q.anim_time*90*4+20))", 0]
				},
				"shell_right5": {
					"rotation": [0, "2*math.sin(q.anim_time*90*4+20)", 0]
				},
				"shell_left3": {
					"rotation": [0, "-(2*math.sin(q.anim_time*90*4+10))", 0]
				},
				"shell_right3": {
					"rotation": [0, "2*math.sin(q.anim_time*90*4+10)", 0]
				},
				"shell_left": {
					"rotation": [0, "-(2*math.sin(q.anim_time*90*4))", 0]
				},
				"shell_right": {
					"rotation": [0, "2*math.sin(q.anim_time*90*4)", 0]
				},
				"shell_left7": {
					"rotation": [0, "2*math.sin(q.anim_time*90*4-10)", 0]
				},
				"shell_right7": {
					"rotation": [0, "-(2*math.sin(q.anim_time*90*4-10))", 0]
				},
				"skirt_front": {
					"rotation": ["2*math.sin(q.anim_time*90*8-20)", 0, 0]
				},
				"skirt_back": {
					"rotation": ["2*math.sin(q.anim_time*90*8-20)", 0, 0]
				},
				"antenna_left": {
					"rotation": ["6+3*math.sin(q.anim_time*90*4+60)", 0, 0]
				},
				"antenna_right": {
					"rotation": ["6+3*math.sin(q.anim_time*90*4+60)", 0, 0]
				},
				"skirt_back2": {
					"rotation": ["2*math.sin(q.anim_time*90*8-20)", 0, 0]
				},
				"skirt_back3": {
					"rotation": ["2*math.sin(q.anim_time*90*8-20)", 0, 0]
				},
				"skirt_back6": {
					"rotation": ["2*math.sin(q.anim_time*90*8-20)", 0, 0]
				},
				"skirt_back4": {
					"rotation": ["2*math.sin(q.anim_time*90*8-20)", 0, 0]
				},
				"skirt_back5": {
					"rotation": ["2*math.sin(q.anim_time*90*8-20)", 0, 0]
				}
			}
		},
		"animation.golisopodronin.water_idle": {
			"loop": true,
			"animation_length": 4,
			"bones": {
				"torso4": {
					"rotation": [-10, 0, 0]
				},
				"segment2": {
					"rotation": ["15-1*math.sin(q.anim_time*90*1)", 0, 0]
				},
				"segment3": {
					"rotation": ["5-2*math.sin(q.anim_time*90*1-40)", 0, 0]
				},
				"head": {
					"rotation": ["-5+5*math.sin(q.anim_time*90*1-40)", 0, 0]
				},
				"torso3": {
					"rotation": ["12.5+2*math.sin(q.anim_time*90*1+30)", 0, "-2*math.sin(q.anim_time*90*1+10)"]
				},
				"torso": {
					"rotation": ["7.5-4*math.sin(q.anim_time*90*1+50)", 0, 0]
				},
				"body": {
					"rotation": [15, 0, "1*math.sin(q.anim_time*90*1-20)"],
					"position": [0, "-12.25+0.5*math.sin(q.anim_time*90*1-20)", 6]
				},
				"leg_left": {
					"rotation": [-42.5, -32.5, 0],
					"position": [0, 2.75, 0]
				},
				"leg_left2": {
					"rotation": [55, 0, 0]
				},
				"foot_left": {
					"rotation": [45, 0, 0]
				},
				"leg_right": {
					"rotation": [-20, 32.5, 0],
					"position": [0, 2.5, 0]
				},
				"leg_right2": {
					"rotation": [47.5, 0, 0]
				},
				"arm_left": {
					"rotation": [-26.91963, "-27.2606-5*math.sin(q.anim_time*90*1-20)", 45.78955]
				},
				"hand_left": {
					"rotation": [-6.91894, 52.39681, "32.1998-5*math.sin(q.anim_time*90*1-20)"]
				},
				"arm_left2": {
					"rotation": [12.05762, 9.05086, 37.00183]
				},
				"arm_left3": {
					"rotation": [5.3331, "37.1502+3*math.sin(q.anim_time*90*1-40)", 9.19398]
				},
				"claw_left5": {
					"rotation": [0, 0, "17.5+2*math.sin(q.anim_time*90*2-20)"]
				},
				"arm_left4": {
					"rotation": [25.45277, 16.22549, 68.90469]
				},
				"arm_left5": {
					"rotation": [0, "42.5+3*math.sin(q.anim_time*90*1-20)", 0]
				},
				"claw_left6": {
					"rotation": [0, 0, "25+2*math.sin(q.anim_time*90*2-20)"]
				},
				"arm_right4": {
					"rotation": [25.45277, -16.22549, -68.90469]
				},
				"arm_right5": {
					"rotation": [0, "-42.5+3*math.sin(q.anim_time*90*1-20)", 0]
				},
				"claw_right6": {
					"rotation": [0, 0, "-25+2*math.sin(q.anim_time*90*2-20)"]
				},
				"arm_right2": {
					"rotation": [12.05762, -9.05086, -37.00183]
				},
				"arm_right3": {
					"rotation": [5.3331, "-37.1502+3*math.sin(q.anim_time*90*1-40)", -9.19398]
				},
				"claw_right5": {
					"rotation": [0, 0, "-17.5+2*math.sin(q.anim_time*90*2-20)"]
				},
				"arm_right": {
					"rotation": [-27.84684, "30.7057+5*math.sin(q.anim_time*90*1-20)", -50.53953]
				},
				"hand_right": {
					"rotation": [-9.92914, -64.76723, "-28.693+5*math.sin(q.anim_time*90*1-20)"]
				},
				"torso2": {
					"rotation": ["-10+3*math.sin(q.anim_time*90*1+30)", 0, 0]
				},
				"claw_left": {
					"rotation": [0, 0, "-2*math.sin(q.anim_time*90*1-20)"]
				},
				"claw_left3": {
					"rotation": [0, 0, "-2*math.sin(q.anim_time*90*1-40)"]
				},
				"claw_right": {
					"rotation": [0, 0, "2*math.sin(q.anim_time*90*1-20)"]
				},
				"claw_right3": {
					"rotation": [0, 0, "2*math.sin(q.anim_time*90*1-40)"]
				},
				"toe_left": {
					"rotation": [-7.5, 0, 0]
				},
				"foot_right": {
					"rotation": [25, 0, 0]
				},
				"toe_right": {
					"rotation": [-12.5, 0, 0]
				},
				"segment": {
					"rotation": [-30, 0, 0]
				}
			}
		},
		"animation.golisopodronin.water_swim": {
			"loop": true,
			"animation_length": 4,
			"bones": {
				"torso4": {
					"rotation": [-35, 0, "-1*math.sin(q.anim_time*90*4-80)"]
				},
				"segment2": {
					"rotation": ["-2.5+5*math.sin(q.anim_time*90*2-60)", "-5*math.sin(q.anim_time*90*4)", 0]
				},
				"segment3": {
					"rotation": ["-2*math.sin(q.anim_time*90*2-40)", "-1*math.sin(q.anim_time*90*4+40)", "5*math.sin(q.anim_time*90*4+40)"]
				},
				"head": {
					"rotation": ["2.5-5*math.sin(q.anim_time*90*1-40)", "10*math.sin(q.anim_time*90*4-60)", "-5*math.sin(q.anim_time*90*4+80)"]
				},
				"torso3": {
					"rotation": ["-15+2*math.sin(q.anim_time*90*1+30)", 0, "-5*math.sin(q.anim_time*90*4-20)"]
				},
				"torso": {
					"rotation": ["45+1*math.sin(q.anim_time*90*1+50)", 0, "-4*math.sin(q.anim_time*90*4+60)"]
				},
				"body": {
					"rotation": ["45-5*math.cos(q.anim_time*90*4-20)", "12*math.cos(q.anim_time*90*4-20)", "5*math.sin(q.anim_time*90*4-20)"],
					"position": [
						"-4*math.sin(q.anim_time*90*4-20)",
						"-9.5-4*math.sin(q.anim_time*90*1-50)+0.5*math.sin(q.anim_time*90*4-20)",
						"5.75-2*math.sin(q.anim_time*90*2-80)"
					]
				},
				"leg_left": {
					"rotation": [42.03986, "-21.5286+5*math.sin(q.anim_time*90*4+10)", "-15.3549-10*math.sin(q.anim_time*90*4+10)"],
					"position": [0, 2.75, 0]
				},
				"leg_left2": {
					"rotation": [2.5, 0, 0]
				},
				"foot_left": {
					"rotation": ["32.5+10*math.sin(q.anim_time*90*4-20)", 0, 0]
				},
				"leg_right": {
					"rotation": [40.68552, "24.3901+5*math.sin(q.anim_time*90*4+10)", "6.6653-10*math.sin(q.anim_time*90*4+10)"],
					"position": [0, 2.5, 0]
				},
				"leg_right2": {
					"rotation": [-10, 0, 0]
				},
				"arm_left": {
					"rotation": [-26.91963, "-27.2606-5*math.sin(q.anim_time*90*1-20)", 45.78955]
				},
				"hand_left": {
					"rotation": [-224.52841, "51.5331-10*math.sin(q.anim_time*90*4-20)", "-182.582-2*math.sin(q.anim_time*90*4-20)"],
					"position": [4.25, 0, 1.5]
				},
				"arm_left2": {
					"rotation": [13.43115, "-2.4029+20*math.sin(q.anim_time*90*4+40)", "21.8151-10*math.cos(q.anim_time*90*4+40)"]
				},
				"arm_left3": {
					"rotation": [0, "37.5+3*math.sin(q.anim_time*90*1-40)", 0]
				},
				"claw_left5": {
					"rotation": [0, 0, "17.5+2*math.sin(q.anim_time*90*2-20)"]
				},
				"arm_left4": {
					"rotation": [50.2822, "28.2215+20*math.sin(q.anim_time*90*4+40)", "30.3081-10*math.cos(q.anim_time*90*4+40)"]
				},
				"arm_left5": {
					"rotation": [0, "60+3*math.sin(q.anim_time*90*1-20)", 0]
				},
				"claw_left6": {
					"rotation": [0, 0, "25+2*math.sin(q.anim_time*90*2-20)"]
				},
				"arm_right4": {
					"rotation": [50.28, "-28.2215+20*math.sin(q.anim_time*90*4+40)", "-30.3081-10*math.cos(q.anim_time*90*4+40)"]
				},
				"arm_right5": {
					"rotation": [0, "-60+3*math.sin(q.anim_time*90*1-20)", 0]
				},
				"claw_right6": {
					"rotation": [0, 0, "-25+2*math.sin(q.anim_time*90*2-20)"]
				},
				"arm_right2": {
					"rotation": [13.43, "2.4029+20*math.sin(q.anim_time*90*4+40)", "-21.8151-10*math.cos(q.anim_time*90*4+40)"]
				},
				"arm_right3": {
					"rotation": [0, "-37.5+3*math.sin(q.anim_time*90*1-40)", 0]
				},
				"claw_right5": {
					"rotation": [0, 0, "-17.5+2*math.sin(q.anim_time*90*2-20)"]
				},
				"arm_right": {
					"rotation": [-26.91963, "27.2606-5*math.sin(q.anim_time*90*1-20)", -45.78955]
				},
				"hand_right": {
					"rotation": [-232.95682, "-51.9018-10*math.sin(q.anim_time*90*4-20)", "181.9046+2*math.sin(q.anim_time*90*4-20)"],
					"position": [-4.25, 0, 1.5]
				},
				"torso2": {
					"rotation": [5, 0, "4*math.sin(q.anim_time*90*4+20)"]
				},
				"claw_left": {
					"rotation": [0, 0, "-2*math.sin(q.anim_time*90*1-20)"]
				},
				"claw_left3": {
					"rotation": [0, 0, "-2*math.sin(q.anim_time*90*1-40)"]
				},
				"claw_right": {
					"rotation": [0, 0, "2*math.sin(q.anim_time*90*1-20)"]
				},
				"claw_right3": {
					"rotation": [0, 0, "2*math.sin(q.anim_time*90*1-40)"]
				},
				"toe_left": {
					"rotation": [-7.5, 0, 0]
				},
				"foot_right": {
					"rotation": ["57.5+10*math.sin(q.anim_time*90*4-20)", 0, 0]
				},
				"toe_right": {
					"rotation": [-12.5, 0, 0]
				},
				"segment": {
					"rotation": ["-42.5+5*math.sin(q.anim_time*90*2-60)", 0, "5*math.sin(q.anim_time*90*4-40)"]
				},
				"antenna_left": {
					"rotation": ["3*math.sin(q.anim_time*90*15+40)", 0, 0]
				},
				"antenna_left2": {
					"rotation": [-22.5, 0, 0]
				},
				"antenna_left3": {
					"rotation": [-20, 0, 0]
				},
				"skirt_front": {
					"rotation": ["2*math.sin(q.anim_time*90*4-80)", 0, 0]
				},
				"skirt_back": {
					"rotation": ["-15+5*math.sin(q.anim_time*90*4-80)", 0, 0]
				},
				"antenna_right": {
					"rotation": ["3*math.sin(q.anim_time*90*15+40)", 0, 0]
				},
				"antenna_right2": {
					"rotation": [-22.5, 0, 0]
				},
				"antenna_right3": {
					"rotation": [-20, 0, 0]
				},
				"skirt_back2": {
					"rotation": ["-15+5*math.sin(q.anim_time*90*4-80)", 0, 0]
				},
				"skirt_back3": {
					"rotation": ["-15+5*math.sin(q.anim_time*90*4-80)", 0, 0]
				},
				"skirt_back4": {
					"rotation": ["-15+5*math.sin(q.anim_time*90*4-80)", 0, 0]
				},
				"skirt_back5": {
					"rotation": ["-15+5*math.sin(q.anim_time*90*4-80)", 0, 0]
				},
				"skirt_back6": {
					"rotation": ["-15+5*math.sin(q.anim_time*90*4-80)", 0, 0]
				}
			}
		},
		"animation.golisopodronin.battle_idle": {
			"loop": true,
			"animation_length": 4,
			"bones": {
				"torso4": {
					"rotation": [-2.4791, 2.26564, 1.0571]
				},
				"segment2": {
					"rotation": ["7.5+1*math.sin(q.anim_time*90*1)", 0, 0]
				},
				"segment3": {
					"rotation": ["17.6696-2*math.sin(q.anim_time*90*1-40)", 9.80471, 1.97633]
				},
				"head": {
					"rotation": ["2.5217-2*math.sin(q.anim_time*90*4-40)", 4.97509, 0.49906]
				},
				"torso3": {
					"rotation": ["-5+2*math.sin(q.anim_time*90*1+30)", 0, 0]
				},
				"torso": {
					"rotation": ["5+1*math.sin(q.anim_time*90*1+50)", 0, 0],
					"position": [0, "0.5*math.sin(q.anim_time*90*1-20)", 0]
				},
				"body": {
					"rotation": [0, -32.5, 0],
					"position": [0, -3, 0]
				},
				"leg_left": {
					"rotation": [-42.5, -32.5, 0]
				},
				"leg_left2": {
					"rotation": [55, 0, 0]
				},
				"foot_left": {
					"rotation": [-2.5, 0, 0]
				},
				"leg_right": {
					"rotation": [-42.5, 32.5, 0]
				},
				"leg_right2": {
					"rotation": [47.5, 0, 0]
				},
				"arm_left": {
					"rotation": [-23.40838, "1.5322-5*math.sin(q.anim_time*90*1-20)", 42.95363]
				},
				"hand_left": {
					"rotation": [3.09455, 44.28154, "81.8189-5*math.sin(q.anim_time*90*1-20)"],
					"position": [0.5, 0, 0]
				},
				"arm_left2": {
					"rotation": [27.07387, 5.90868, "55.6627+8*math.sin(q.anim_time*90*1-20)"]
				},
				"arm_left3": {
					"rotation": [0, "57.5+3*math.sin(q.anim_time*90*1-40)", 0]
				},
				"claw_left5": {
					"rotation": [0, 0, "17.5+2*math.sin(q.anim_time*90*11-20)"]
				},
				"arm_left4": {
					"rotation": ["21.9627+2*math.sin(q.anim_time*90*1-20)", 20.18166, 47.4874]
				},
				"arm_left5": {
					"rotation": [0, "62.5+3*math.sin(q.anim_time*90*1-20)", 0]
				},
				"claw_left6": {
					"rotation": [0, 0, "25+2*math.sin(q.anim_time*90*10-20)"]
				},
				"arm_right4": {
					"rotation": [32.8491, -14.02698, "-94.2884+2*math.sin(q.anim_time*90*1-20)"]
				},
				"arm_right5": {
					"rotation": [0, "-60+3*math.sin(q.anim_time*90*1-20)", 0]
				},
				"claw_right6": {
					"rotation": [0, 0, "-25+1*math.sin(q.anim_time*90*12-20)"]
				},
				"arm_right2": {
					"rotation": [24.5978, -22.95966, "-70.8975-2*math.sin(q.anim_time*90*1-20)"]
				},
				"arm_right3": {
					"rotation": [0, "-37.5+3*math.sin(q.anim_time*90*4-40)", 0]
				},
				"claw_right5": {
					"rotation": [0, 0, "-17.5+1*math.sin(q.anim_time*90*6-20)"]
				},
				"arm_right": {
					"rotation": [-39.06247, "-32.2376+5*math.sin(q.anim_time*90*1-20)", -18.97915]
				},
				"hand_right": {
					"rotation": [33.2397, -37.81668, "-37.5143+5*math.sin(q.anim_time*90*1-20)"]
				},
				"torso2": {
					"rotation": [-5.18664, 9.76061, -2.18558]
				},
				"claw_left": {
					"rotation": [0, 0, "-2*math.sin(q.anim_time*90*1-20)"]
				},
				"claw_left3": {
					"rotation": [0, 0, "-2*math.sin(q.anim_time*90*1-40)"]
				},
				"claw_right": {
					"rotation": [0, 0, "2*math.sin(q.anim_time*90*1-20)"]
				},
				"claw_right3": {
					"rotation": [0, 0, "2*math.sin(q.anim_time*90*1-40)"]
				},
				"toe_left": {
					"rotation": [-7.5, 0, 0]
				},
				"foot_right": {
					"rotation": [2.5, 0, 0]
				},
				"toe_right": {
					"rotation": [-12.5, 0, 0]
				},
				"segment": {
					"rotation": [-7.5, 5, 0]
				}
			}
		},
		"animation.golisopodronin.faint": {
			"loop": true,
			"animation_length": 3,
			"bones": {
				"torso4": {
					"rotation": {
						"0.0": [-5, 0, 0],
						"0.3333": {
							"pre": [0.4, 0, 0],
							"post": [0.4, 0, 0],
							"lerp_mode": "catmullrom"
						},
						"0.6667": {
							"post": [-13.63, 0, 0],
							"lerp_mode": "catmullrom"
						},
						"0.9583": {
							"post": [-5.16, 0, 0],
							"lerp_mode": "catmullrom"
						},
						"1.3333": {
							"post": [-16.24, 0, 0],
							"lerp_mode": "catmullrom"
						},
						"1.5417": {
							"post": [-11.5, 0, 0],
							"lerp_mode": "catmullrom"
						},
						"1.8333": {
							"post": [-60, 0, 0],
							"lerp_mode": "catmullrom"
						},
						"2.0417": {
							"post": [-52.5, 0, 0],
							"lerp_mode": "catmullrom"
						},
						"2.1667": {
							"post": [-57.5, 0, 0],
							"lerp_mode": "catmullrom"
						},
						"2.4167": [-54, 0, 0]
					}
				},
				"segment2": {
					"rotation": {
						"0.0": [12.5, 0, 0],
						"0.375": {
							"pre": [14.86, 0, 0],
							"post": [14.86, 0, 0],
							"lerp_mode": "catmullrom"
						},
						"0.8333": {
							"post": [11.1, 0, 0],
							"lerp_mode": "catmullrom"
						},
						"1.0833": {
							"post": [13.75, 0, 0],
							"lerp_mode": "catmullrom"
						},
						"1.375": {
							"post": [8.5, 0, 0],
							"lerp_mode": "catmullrom"
						},
						"1.5417": {
							"post": [11.5, 0, 0],
							"lerp_mode": "catmullrom"
						},
						"1.8333": {
							"post": [-7.75, 0, 0],
							"lerp_mode": "catmullrom"
						},
						"2.0833": {
							"post": [-11.52, 0, 0],
							"lerp_mode": "catmullrom"
						},
						"2.25": {
							"post": [-8.62, 0, 0],
							"lerp_mode": "catmullrom"
						},
						"2.4167": {
							"post": [-9.89, 0, 0],
							"lerp_mode": "catmullrom"
						},
						"2.7083": [-8.5, 0, 0]
					}
				},
				"segment3": {
					"rotation": {
						"0.0": [11.28558, 0, 0],
						"0.3333": {
							"pre": [16.29, 0, 0],
							"post": [16.29, 0, 0],
							"lerp_mode": "catmullrom"
						},
						"0.75": {
							"post": [3.79, 0, 0],
							"lerp_mode": "catmullrom"
						},
						"1.0833": {
							"post": [15.07, 0, 0],
							"lerp_mode": "catmullrom"
						},
						"1.3333": {
							"post": [11.96, 0, 0],
							"lerp_mode": "catmullrom"
						},
						"1.625": {
							"post": [16.29, 0, 0],
							"lerp_mode": "catmullrom"
						},
						"1.875": {
							"post": [-5.71, 0, 0],
							"lerp_mode": "catmullrom"
						},
						"2.0": {
							"post": [-22.85, 0, 0],
							"lerp_mode": "catmullrom"
						},
						"2.2083": {
							"post": [2.49, 0, 0],
							"lerp_mode": "catmullrom"
						},
						"2.3333": {
							"post": [-4.03, 0, 0],
							"lerp_mode": "catmullrom"
						},
						"2.7083": [1.29, 0, 0]
					}
				},
				"head": {
					"rotation": {
						"0.0": [5.71394, 0, 0],
						"0.1667": {
							"pre": [-1.79, 0, 0],
							"post": [-1.79, 0, 0],
							"lerp_mode": "catmullrom"
						},
						"0.5833": {
							"post": [20.71, 0, 0],
							"lerp_mode": "catmullrom"
						},
						"0.875": {
							"post": [8.21, 0, 0],
							"lerp_mode": "catmullrom"
						},
						"1.125": {
							"post": [17.21, 0, 0],
							"lerp_mode": "catmullrom"
						},
						"1.3333": {
							"post": [4.71, 0, 0],
							"lerp_mode": "catmullrom"
						},
						"1.5417": {
							"post": [7.21, 0, 0],
							"lerp_mode": "catmullrom"
						},
						"1.9167": [-5.29, 0, 0]
					}
				},
				"torso3": {
					"rotation": {
						"0.0": [3.5, 0, 0],
						"0.5417": {
							"pre": [1.45, 0, 0],
							"post": [1.45, 0, 0],
							"lerp_mode": "catmullrom"
						},
						"0.7083": {
							"post": [5.86, 0, 0],
							"lerp_mode": "catmullrom"
						},
						"0.9167": {
							"post": [2.47, 0, 0],
							"lerp_mode": "catmullrom"
						},
						"1.375": {
							"post": [11, 0, 0],
							"lerp_mode": "catmullrom"
						},
						"1.7083": {
							"post": [-1.5, 0, 0],
							"lerp_mode": "catmullrom"
						},
						"2.0833": {
							"post": [6, 0, 0],
							"lerp_mode": "catmullrom"
						},
						"2.25": [-1, 0, 0],
						"2.5417": [4, 0, 0]
					}
				},
				"torso": {
					"rotation": {
						"0.2917": [8.26604, 0, 0],
						"0.625": {
							"pre": [5.49264, -4.25978, -5.48658],
							"post": [5.49264, -4.25978, -5.48658],
							"lerp_mode": "catmullrom"
						},
						"1.0833": {
							"post": [0, 0, 0],
							"lerp_mode": "catmullrom"
						},
						"1.2917": {
							"post": [-7.52832, -4.95712, 0.65426],
							"lerp_mode": "catmullrom"
						},
						"1.5833": [-7.52832, -4.95712, 0.65426],
						"1.875": [82.47168, -4.95712, 0.65426],
						"3.0": [82.47168, -4.95712, 0.65426]
					},
					"position": {
						"0.2917": [0, -0.17101, 0],
						"0.4167": {
							"pre": [-1.54, -0.22, 0.9],
							"post": [-1.54, -0.22, 0.9],
							"lerp_mode": "catmullrom"
						},
						"0.5833": {
							"post": [-2.33, -1.08, 1.68],
							"lerp_mode": "catmullrom"
						},
						"0.75": {
							"post": [-3.16, -0.74, 2.48],
							"lerp_mode": "catmullrom"
						},
						"1.0833": {
							"post": [-5, -1.5, 3.5],
							"lerp_mode": "catmullrom"
						},
						"1.2917": {
							"post": [-5, -1, 4.75],
							"lerp_mode": "catmullrom"
						},
						"1.5833": [-5, -2, 3.5],
						"1.875": [-1.75, -11.25, -2],
						"2.0": [-1.75, -10.75, -2],
						"2.2083": [-1.75, -11.35, -2],
						"3.0": [-1.75, -11.25, -2]
					}
				},
				"body": {
					"rotation": {
						"0.0": [0, 0, 0],
						"1.4167": [0, 0, 0],
						"1.5417": [-2, 0, 0],
						"1.75": [5.5, 0, 0],
						"2.0833": [10.5, 0, 0]
					},
					"position": {
						"0.0": [0, -3, 0],
						"1.4167": [0, -3, 0],
						"1.5417": [0, -3, 1.25],
						"1.9167": [0, -3, -10],
						"2.25": [0, -3, -12]
					}
				},
				"leg_left": {
					"rotation": {
						"0.0": [-42.5, -32.5, 0],
						"0.3333": [-42.5, -32.5, 0],
						"0.4583": [-41.55347, -43.13895, -17.68775],
						"0.7083": [-36.29138, -39.74326, -1.67759],
						"1.5833": [-36.29138, -39.74326, -1.67759],
						"1.8333": [73.59343, 2.10889, -21.83038],
						"2.0": [78.59343, 2.10889, -21.83038],
						"2.1667": [73.47618, 0.69089, -26.62665]
					},
					"position": {
						"0.0": [0, 0, 0],
						"0.3333": [0.2, -0.4, 0],
						"0.5": [-3.25, 1, 4],
						"0.7083": [-4.25, 0, 4],
						"1.5833": [-4.25, 0, 4],
						"1.7083": [-3.75, -1.87, 2.5],
						"1.8333": [-3.25, -8.25, 1]
					}
				},
				"leg_left2": {
					"rotation": {
						"0.25": [55, 0, 0],
						"0.4167": [40, 0, 0],
						"0.5417": [61.47712, -2.19688, 1.19348],
						"0.7083": [48.01754, -1.87142, 1.01667],
						"1.6667": [55, 0, 0],
						"1.875": [67.5, 0, 0],
						"2.0417": [2.5, 0, 0],
						"2.125": [7.5, 0, 0],
						"2.2917": [5, 0, 0]
					},
					"position": {
						"0.25": [0, 0, 0],
						"3.0": [0, 0, 0]
					}
				},
				"foot_left": {
					"rotation": [-2.5, 0, 0]
				},
				"leg_right": {
					"rotation": {
						"0.25": [-42.5, 32.5, 0],
						"0.4583": [-44.10513, 14.9006, -0.56735],
						"0.7083": [-41.29728, 20.07103, 1.22482],
						"0.9167": [-65.99042, 42.83807, -13.79551],
						"1.0417": [-33.50948, 37.37831, 6.95578],
						"1.5417": [-33.50948, 37.37831, 6.95578],
						"1.8333": [65.66795, 9.0667, 15.55713],
						"2.0": [58.16795, 9.0667, 15.55713],
						"2.125": [65.52774, 14.49669, 27.06413]
					},
					"position": {
						"0.25": [0, 0, 0],
						"0.4583": [-1.64, -0.05, 2.31],
						"0.7083": {
							"pre": [-2.5, 0, 1.25],
							"post": [-2.5, 0, 1.25],
							"lerp_mode": "catmullrom"
						},
						"0.875": {
							"post": [-3.58, 1, 1.96],
							"lerp_mode": "catmullrom"
						},
						"1.125": {
							"post": [-4.5, 0, 4.25],
							"lerp_mode": "catmullrom"
						},
						"1.5833": {
							"post": [-4.5, 0, 4.25],
							"lerp_mode": "catmullrom"
						},
						"1.7083": {
							"post": [-3.25, -1.62, 2.75],
							"lerp_mode": "catmullrom"
						},
						"1.8333": [-2, -7.75, 1.25]
					}
				},
				"leg_right2": {
					"rotation": {
						"0.2083": [47.5, 0, 0],
						"0.4167": [35, 0, 0],
						"0.7083": [35, 0, 0],
						"0.8333": [56.56, 0, 0],
						"0.9583": [32.77, 0, 0],
						"1.2083": [37.57438, 3.05382, -3.96094],
						"1.5": [37.57438, 3.05382, -3.96094],
						"1.7083": [47.5, 0, 0],
						"1.875": [72.5, 0, 0],
						"2.0833": [20, 0, 0],
						"2.25": [27.5, 0, 0],
						"2.5417": [22.5, 0, 0]
					}
				},
				"arm_left": {
					"rotation": {
						"0.0": [-23.53, 5.4501, 47.45],
						"0.5": {
							"pre": [-23.55479, -6.0167, 52.43458],
							"post": [-23.55479, -6.0167, 52.43458],
							"lerp_mode": "catmullrom"
						},
						"0.625": {
							"post": [-23.0463, -11.78565, 47.78508],
							"lerp_mode": "catmullrom"
						},
						"0.7917": {
							"post": [-23.72679, -15.4089, 48.25344],
							"lerp_mode": "catmullrom"
						},
						"0.9167": {
							"post": [-22.75335, -21.20828, 43.40206],
							"lerp_mode": "catmullrom"
						},
						"1.5": {
							"post": [-23.20575, -39.48318, 36.28098],
							"lerp_mode": "catmullrom"
						},
						"1.9583": {
							"post": [-17.12159, -42.07536, 26.97993],
							"lerp_mode": "catmullrom"
						},
						"2.2083": [-30.02181, -34.98638, 47.51416]
					}
				},
				"hand_left": {
					"rotation": {
						"0.0": [-5, 32.5, 36.7101],
						"0.5": {
							"pre": [-27.5, 32.5, 36.7101],
							"post": [-27.5, 32.5, 36.7101],
							"lerp_mode": "catmullrom"
						},
						"1.2917": {
							"post": [-13.68664, 39.64962, 59.91461],
							"lerp_mode": "catmullrom"
						},
						"1.5": {
							"post": [22.88782, 62.89848, 74.00825],
							"lerp_mode": "catmullrom"
						},
						"1.9167": {
							"post": [-33.8871, 4.35138, -4.27506],
							"lerp_mode": "catmullrom"
						},
						"2.3333": [-28.8871, 4.35138, -4.27506]
					}
				},
				"arm_left2": {
					"rotation": {
						"0.0": [21.54243, 23.12718, 46.78052],
						"1.4167": {
							"pre": [19.77212, 12.68769, 42.95166],
							"post": [19.77212, 12.68769, 42.95166],
							"lerp_mode": "catmullrom"
						},
						"1.7917": {
							"post": [4.10627, -10.67204, -8.71084],
							"lerp_mode": "catmullrom"
						},
						"2.0833": {
							"post": [-12.42812, 12.33849, 6.88555],
							"lerp_mode": "catmullrom"
						},
						"2.2083": {
							"post": [-17.27274, 15.79818, 17.48315],
							"lerp_mode": "catmullrom"
						},
						"2.4583": {
							"post": [-18.70779, 13.5522, 9.71977],
							"lerp_mode": "catmullrom"
						},
						"2.6667": [-15.47698, 15.3546, 14.91403]
					}
				},
				"arm_left3": {
					"rotation": {
						"0.0": [0, 35.57164, 0],
						"0.875": {
							"pre": [4.38584, 38.10351, 6.85174],
							"post": [4.38584, 38.10351, 6.85174],
							"lerp_mode": "catmullrom"
						},
						"1.25": {
							"post": [19.16302, 35.14361, 31.11988],
							"lerp_mode": "catmullrom"
						},
						"1.6667": {
							"post": [4.09921, 39.25095, 6.46226],
							"lerp_mode": "catmullrom"
						},
						"2.0417": {
							"post": [-13.88873, 37.28204, -22.20558],
							"lerp_mode": "catmullrom"
						},
						"2.25": {
							"post": [2.05418, 39.38517, 3.23527],
							"lerp_mode": "catmullrom"
						},
						"2.5417": {
							"post": [-6.1261, 39.02809, -9.67287],
							"lerp_mode": "catmullrom"
						},
						"2.8333": [-4.09921, 39.25095, -6.46226]
					}
				},
				"claw_left5": {
					"rotation": [0, 0, 16.81596]
				},
				"arm_left4": {
					"rotation": {
						"0.0": [22.42926, 20.29348, 59.28135],
						"0.5833": [19.99817, 17.43979, 52.44818],
						"1.4583": {
							"pre": [9.21786, 20.59784, 42.40899],
							"post": [9.21786, 20.59784, 42.40899],
							"lerp_mode": "catmullrom"
						},
						"1.875": {
							"post": [-11.9184, 17.22924, 16.19356],
							"lerp_mode": "catmullrom"
						},
						"2.125": {
							"post": [-16.9184, 17.22924, 16.19356],
							"lerp_mode": "catmullrom"
						},
						"2.3333": {
							"post": [-26.9184, 17.22924, 16.19356],
							"lerp_mode": "catmullrom"
						},
						"2.4167": {
							"post": [-24.8929, 16.36004, 3.40856],
							"lerp_mode": "catmullrom"
						},
						"2.5833": [-16.9184, 17.22924, 16.19356],
						"2.8333": [-21.93813, 18.64753, 15.07554]
					}
				},
				"arm_left5": {
					"rotation": {
						"0.0": [0, 58.97394, 0],
						"0.6667": [0, 53.97, 0],
						"0.9167": [-16.43152, 58.06257, -19.16331],
						"1.0417": [3.9581, 56.00379, 5.07843],
						"1.2083": [-3.1875, 51.86043, -4.05015],
						"3.0": [0, 58.97, 0]
					}
				},
				"claw_left6": {
					"rotation": [0, 0, 24.31596]
				},
				"arm_right4": {
					"rotation": {
						"0.0": [22.42926, -20.29348, -59.28135],
						"1.5833": {
							"pre": [17.16579, -15.32246, -35.1858],
							"post": [17.16579, -15.32246, -35.1858],
							"lerp_mode": "catmullrom"
						},
						"1.875": {
							"post": [-2.13664, -12.75609, 19.69281],
							"lerp_mode": "catmullrom"
						},
						"2.0833": {
							"post": [-5.60019, -22.34267, 9.27406],
							"lerp_mode": "catmullrom"
						},
						"2.2917": {
							"post": [-21.44026, -26.34456, -0.79009],
							"lerp_mode": "catmullrom"
						},
						"2.4167": {
							"post": [-15.46597, -25.76774, 6.82712],
							"lerp_mode": "catmullrom"
						},
						"2.625": [-3.70328, -26.21201, -4.05509],
						"2.8333": [-12.03693, -26.34142, 0.28358]
					}
				},
				"arm_right5": {
					"rotation": {
						"0.0": [0, -58.97394, 0],
						"0.6667": [0, -53.97, 0],
						"0.9167": [-16.43152, -58.06257, 19.16331],
						"1.0417": [3.9581, -56.00379, -5.07843],
						"1.5": [-3.1875, 1.8604, 4.05015],
						"2.5": [0, -58.97, 0]
					}
				},
				"claw_right6": {
					"rotation": [0, 0, -25.68404]
				},
				"arm_right2": {
					"rotation": {
						"0.0": [21.54243, -23.12718, -46.78052],
						"1.4167": {
							"pre": [19.77212, -12.68769, -42.95166],
							"post": [19.77212, -12.68769, -42.95166],
							"lerp_mode": "catmullrom"
						},
						"1.7917": {
							"post": [4.10627, 10.67204, 8.71084],
							"lerp_mode": "catmullrom"
						},
						"2.0833": {
							"post": [-12.42812, -12.33849, -6.88555],
							"lerp_mode": "catmullrom"
						},
						"2.2083": {
							"post": [-17.27274, -15.79818, -17.48315],
							"lerp_mode": "catmullrom"
						},
						"2.4583": {
							"post": [-18.70779, -13.5522, -9.71977],
							"lerp_mode": "catmullrom"
						},
						"2.6667": [-15.47698, -15.3546, -14.91403]
					}
				},
				"arm_right3": {
					"rotation": {
						"0.0": [0, -39.42836, 0],
						"0.875": {
							"pre": [4.38584, -38.10351, -6.85174],
							"post": [4.38584, -38.10351, -6.85174],
							"lerp_mode": "catmullrom"
						},
						"1.25": {
							"post": [19.16302, -35.14361, -31.11988],
							"lerp_mode": "catmullrom"
						},
						"1.6667": {
							"post": [4.09921, -39.25095, -6.46226],
							"lerp_mode": "catmullrom"
						},
						"2.0417": {
							"post": [-13.88873, -37.28204, 22.20558],
							"lerp_mode": "catmullrom"
						},
						"2.25": {
							"post": [2.05418, -39.38517, -3.23527],
							"lerp_mode": "catmullrom"
						},
						"2.5417": {
							"post": [-6.1261, -39.02809, 9.67287],
							"lerp_mode": "catmullrom"
						},
						"2.8333": [-4.09921, -39.25095, 6.46226]
					}
				},
				"claw_right5": {
					"rotation": [0, 0, -18.18404]
				},
				"arm_right": {
					"rotation": {
						"0.0": [-23.53, -5.4501, -47.45],
						"0.5": {
							"pre": [-23.55479, 6.0167, -52.43458],
							"post": [-23.55479, 6.0167, -52.43458],
							"lerp_mode": "catmullrom"
						},
						"0.625": {
							"post": [-23.0463, 11.78565, -47.78508],
							"lerp_mode": "catmullrom"
						},
						"0.7917": {
							"post": [-23.72679, 15.4089, -48.25344],
							"lerp_mode": "catmullrom"
						},
						"0.9167": {
							"post": [-22.75335, 21.20828, -43.40206],
							"lerp_mode": "catmullrom"
						},
						"1.5": {
							"post": [-23.20575, 39.48318, -36.28098],
							"lerp_mode": "catmullrom"
						},
						"1.9583": {
							"post": [-17.12159, 42.07536, -26.97993],
							"lerp_mode": "catmullrom"
						},
						"2.2083": [-30.02181, 34.98638, -47.51416]
					}
				},
				"hand_right": {
					"rotation": {
						"0.0": [-5, -32.5, -36.7101],
						"0.5": {
							"pre": [-27.5, -32.5, -36.7101],
							"post": [-27.5, -32.5, -36.7101],
							"lerp_mode": "catmullrom"
						},
						"1.2917": {
							"post": [-13.68664, -39.64962, -59.91461],
							"lerp_mode": "catmullrom"
						},
						"1.5": {
							"post": [22.88782, -62.89848, -74.00825],
							"lerp_mode": "catmullrom"
						},
						"1.9167": {
							"post": [-33.8871, -4.35138, 4.27506],
							"lerp_mode": "catmullrom"
						},
						"2.3333": [-28.8871, -4.35138, 4.27506]
					}
				},
				"torso2": {
					"rotation": {
						"0.0": [-5, 0, 0],
						"1.1667": [-12.22741, 0.2669, -0.3785],
						"1.625": [-15.17458, 6.92618, -2.88419],
						"2.0417": [0, 0, 0]
					}
				},
				"claw_left": {
					"rotation": [0, 0, 0.68404]
				},
				"claw_left3": {
					"rotation": [0, 0, 1.28558]
				},
				"claw_right": {
					"rotation": [0, 0, -0.68404]
				},
				"claw_right3": {
					"rotation": [0, 0, -1.28558]
				},
				"toe_left": {
					"rotation": [-7.5, 0, 0]
				},
				"foot_right": {
					"rotation": [2.5, 0, 0]
				},
				"toe_right": {
					"rotation": {
						"0.2083": [-12.5, 0, 0],
						"0.4167": [2.5, 0, 0],
						"0.7083": [2.5, 0, 0]
					}
				},
				"shell_left9": {
					"rotation": {
						"0.0": [0, 0, 0],
						"1.5833": [0, 0, 0],
						"1.875": [-77.70893, 25.3924, 54.06969]
					}
				},
				"shell_right9": {
					"rotation": {
						"0.0": [0, 0, 0],
						"1.5833": [0, 0, 0],
						"1.875": [-80.31295, -16.06673, -61.12578]
					}
				},
				"segment": {
					"rotation": {
						"0.0": [0, 0, 0],
						"0.2917": {
							"pre": [1.97, 0, 0],
							"post": [1.97, 0, 0],
							"lerp_mode": "catmullrom"
						},
						"0.875": {
							"post": [-1.94, 0, 0],
							"lerp_mode": "catmullrom"
						},
						"1.125": {
							"post": [3.5, 0, 0],
							"lerp_mode": "catmullrom"
						},
						"1.375": {
							"post": [-3.01, 0, 0],
							"lerp_mode": "catmullrom"
						},
						"1.5833": {
							"post": [-2.5, 0, 0],
							"lerp_mode": "catmullrom"
						},
						"1.8333": {
							"post": [-25, 0, 0],
							"lerp_mode": "catmullrom"
						},
						"2.0417": {
							"post": [-19.10257, -2.86544, 4.09918],
							"lerp_mode": "catmullrom"
						},
						"2.375": [-22.5, 0, 0]
					}
				},
				"antenna_left": {
					"rotation": {
						"0.0": [0, 0, 0],
						"0.1667": {
							"pre": [-7.5, 0, 0],
							"post": [-7.5, 0, 0],
							"lerp_mode": "catmullrom"
						},
						"0.375": {
							"post": [5, 0, 0],
							"lerp_mode": "catmullrom"
						},
						"0.875": {
							"post": [-16.5, 0, 0],
							"lerp_mode": "catmullrom"
						},
						"1.125": {
							"post": [1, 0, 0],
							"lerp_mode": "catmullrom"
						},
						"1.375": {
							"post": [-4.09, 0, 0],
							"lerp_mode": "catmullrom"
						},
						"1.4167": [27.5, 0, 0],
						"1.5833": [3.5, 0, 0],
						"1.7917": [12.5, 0, 0],
						"1.9167": {
							"pre": [-9, 0, 0],
							"post": [-9, 0, 0],
							"lerp_mode": "catmullrom"
						},
						"2.1667": {
							"post": [3.5, 0, 0],
							"lerp_mode": "catmullrom"
						},
						"2.5": [-1.5, 0, 0]
					}
				},
				"antenna_left2": {
					"rotation": {
						"0.0": [0, 0, 0],
						"1.6667": [0, 0, 0],
						"1.7917": [-12.5, 0, 0],
						"2.1667": [-2.5, 0, 0],
						"2.6667": [-2.46207, 0.43399, 9.99067]
					}
				},
				"antenna_left3": {
					"rotation": {
						"0.0": [0, 0, 0],
						"1.6667": [0, 0, 0],
						"1.9167": [-12.5, 0, 0],
						"2.1667": [-5, 0, 0],
						"2.8333": [-4.92442, 0.86717, 9.96271]
					}
				},
				"skirt_front": {
					"rotation": {
						"0.0": [0, 0, 0],
						"0.4583": [-7.5, 0, 0],
						"0.7917": [-4.02, 0, 0],
						"1.1667": [-8.34, 0, 0],
						"1.6667": [6.43, 0, 0],
						"3.0": [6.43, 0, 0]
					}
				},
				"skirt_back": {
					"rotation": {
						"0.0": [0, 0, 0],
						"0.4167": [-7.5, 0, 0],
						"0.7083": [-14.06, 0, 0],
						"1.125": [0.85, 0, 0],
						"2.0833": [5.57, 0, 0],
						"3.0": [0, 0, 0]
					}
				},
				"antenna_right": {
					"rotation": {
						"0.0": [0, 0, 0],
						"0.1667": {
							"pre": [-7.5, 0, 0],
							"post": [-7.5, 0, 0],
							"lerp_mode": "catmullrom"
						},
						"0.375": {
							"post": [5, 0, 0],
							"lerp_mode": "catmullrom"
						},
						"0.875": {
							"post": [-16.5, 0, 0],
							"lerp_mode": "catmullrom"
						},
						"1.125": {
							"post": [1, 0, 0],
							"lerp_mode": "catmullrom"
						},
						"1.375": {
							"post": [-4.09, 0, 0],
							"lerp_mode": "catmullrom"
						},
						"1.4167": [27.5, 0, 0],
						"1.5833": [3.5, 0, 0],
						"1.7917": [12.5, 0, 0],
						"1.9167": {
							"pre": [-9, 0, 0],
							"post": [-9, 0, 0],
							"lerp_mode": "catmullrom"
						},
						"2.1667": {
							"post": [3.5, 0, 0],
							"lerp_mode": "catmullrom"
						},
						"2.5": [-1.5, 0, 0]
					}
				},
				"antenna_right2": {
					"rotation": {
						"0.0": [0, 0, 0],
						"1.6667": [0, 0, 0],
						"1.7917": [-12.5, 0, 0],
						"2.1667": [-2.5, 0, 0],
						"2.6667": [-2.46207, 0.43399, 9.99067]
					}
				},
				"antenna_right3": {
					"rotation": {
						"0.0": [0, 0, 0],
						"1.6667": [0, 0, 0],
						"1.9167": [-12.5, 0, 0],
						"2.1667": [-5, 0, 0],
						"2.8333": [-4.92442, 0.86717, 9.96271]
					}
				},
				"skirt_back2": {
					"rotation": {
						"0.0": [0, 0, 0],
						"0.4167": [-7.5, 0, 0],
						"0.7083": [-14.06, 0, 0],
						"1.125": [0.85, 0, 0],
						"2.0833": [5.57, 0, 0],
						"3.0": [0, 0, 0]
					}
				},
				"skirt_back3": {
					"rotation": {
						"0.0": [0, 0, 0],
						"0.4167": [-7.5, 0, 0],
						"0.7083": [-14.06, 0, 0],
						"1.125": [0.85, 0, 0],
						"2.0833": [5.57, 0, 0],
						"3.0": [0, 0, 0]
					}
				}
			}
		},
		"animation.golisopodronin.sleep": {
			"loop": true,
			"animation_length": 4,
			"bones": {
				"body": {
					"position": [0, -10.75, 0.75]
				},
				"torso": {
					"rotation": [-20, 0, 0],
					"position": [0, -3.25, 0]
				},
				"torso2": {
					"rotation": ["5+1*math.sin(q.anim_time*90*1-20)", 0, 0]
				},
				"torso3": {
					"rotation": [12.5, 0, 0]
				},
				"torso4": {
					"rotation": [2.5, 0, 0]
				},
				"segment": {
					"rotation": ["-7.5+1*math.sin(q.anim_time*90*1-40)", "0+0.4*math.sin(q.anim_time*90*2-20)", 0]
				},
				"segment2": {
					"rotation": [17.5, 0, 0]
				},
				"segment3": {
					"rotation": ["25+1*math.sin(q.anim_time*90*1-60)", "1*math.sin(q.anim_time*90*2-40)", 0]
				},
				"head": {
					"rotation": ["20+1*math.sin(q.anim_time*90*1-20)", 0, 0]
				},
				"antenna_left2": {
					"rotation": ["1*math.sin(q.anim_time*90*11-20)", 0, 0]
				},
				"arm_left4": {
					"rotation": [56.24562, 45.66013, 65.40101]
				},
				"arm_left5": {
					"rotation": [-5, 30, "-10*math.sin(q.anim_time*90*1-20)"]
				},
				"arm_right4": {
					"rotation": [56.24562, -45.66013, -65.40101]
				},
				"arm_right5": {
					"rotation": [-5, -30, "10*math.sin(q.anim_time*90*1-20)"]
				},
				"arm_left2": {
					"rotation": [3.66348, 16.19466, 63.34009]
				},
				"arm_left3": {
					"rotation": [-5, 20, "-3*math.sin(q.anim_time*90*1-20)"]
				},
				"arm_right2": {
					"rotation": [3.66348, -16.19466, -63.34009]
				},
				"arm_right3": {
					"rotation": [-5, -20, "3*math.sin(q.anim_time*90*1-20)"]
				},
				"arm_left": {
					"rotation": [-83.40652, -27.03664, 48.13148]
				},
				"hand_left": {
					"rotation": [-27.4909, "1.1543+1*math.sin(q.anim_time*90*1-20)", "87.2176+1*math.sin(q.anim_time*90*1-20)"],
					"position": [0.5, 0, 0]
				},
				"claw_left": {
					"rotation": [0, 0, "4*math.sin(q.anim_time*90*2+60)"]
				},
				"claw_left3": {
					"rotation": [0, 0, "4*math.sin(q.anim_time*90*2+20)"]
				},
				"arm_right": {
					"rotation": [-83.40652, 27.03664, -48.13148]
				},
				"hand_right": {
					"rotation": [-27.4909, "-1.1543-1*math.sin(q.anim_time*90*1-20)", -87.2176],
					"position": [-0.5, 0, 0]
				},
				"claw_right": {
					"rotation": [0, 0, "4*math.sin(q.anim_time*90*2-20)"]
				},
				"claw_right3": {
					"rotation": [0, 0, "4*math.sin(q.anim_time*90*2-80)"]
				},
				"skirt_back": {
					"rotation": [42.5, 0, 0]
				},
				"leg_left": {
					"rotation": [-100, -32.5, 0]
				},
				"leg_left2": {
					"rotation": [40, 0, 0]
				},
				"foot_left": {
					"rotation": [52.5, 0, 0]
				},
				"leg_right": {
					"rotation": [-100, 32.5, 0]
				},
				"leg_right2": {
					"rotation": [40, 0, 0]
				},
				"foot_right": {
					"rotation": [52.5, 0, 0]
				},
				"antenna_right2": {
					"rotation": ["1*math.sin(q.anim_time*90*11-20)", 0, 0]
				},
				"skirt_back2": {
					"rotation": ["-32+1*math.sin(q.anim_time*90*-1-20)", 0, 0]
				},
				"skirt_back3": {
					"rotation": {
						"0.0": [-22.5, 0, 0],
						"0.0833": [-37.5, 0, 0]
					}
				},
				"skirt_back4": {
					"rotation": [-85, 0, 0]
				},
				"skirt_back5": {
					"rotation": ["5+1*math.sin(q.anim_time*-90*1-20)", 0, 0]
				}
			}
		},
		"animation.golisopodronin.cry": {
			"animation_length": 2,
			"bones": {
				"torso2": {
					"rotation": {
						"0.0": [0, 0, 0],
						"0.1667": {
							"pre": [-2.5, 0, 0],
							"post": [-2.5, 0, 0],
							"lerp_mode": "catmullrom"
						},
						"0.375": {
							"post": [5.28, 0, 0],
							"lerp_mode": "catmullrom"
						},
						"1.625": {
							"post": [-1.28, 0, 0],
							"lerp_mode": "catmullrom"
						},
						"2.0": [0, 0, 0]
					}
				},
				"torso4": {
					"rotation": {
						"0.0": [0, 0, 0],
						"0.125": {
							"pre": [2.5, 0, 0],
							"post": [2.5, 0, 0],
							"lerp_mode": "catmullrom"
						},
						"0.4167": {
							"post": [-7.6, 0, 0],
							"lerp_mode": "catmullrom"
						},
						"0.9167": {
							"post": [-10, 0, 0],
							"lerp_mode": "catmullrom"
						},
						"1.2083": {
							"post": [-5, 0, 0],
							"lerp_mode": "catmullrom"
						},
						"1.5": {
							"post": [-0.44, 0, 0],
							"lerp_mode": "catmullrom"
						},
						"2.0": [0, 0, 0]
					}
				},
				"segment": {
					"rotation": {
						"0.0": [0, 0, 0],
						"0.1667": {
							"pre": [2.43, 0, 0],
							"post": [2.43, 0, 0],
							"lerp_mode": "catmullrom"
						},
						"0.375": {
							"post": [-16.82, 0, 0],
							"lerp_mode": "catmullrom"
						},
						"0.9583": {
							"post": [-10, 0, 0],
							"lerp_mode": "catmullrom"
						},
						"1.2917": {
							"post": [-2.5, 0, 0],
							"lerp_mode": "catmullrom"
						},
						"1.5833": {
							"post": [1.51, 0, 0],
							"lerp_mode": "catmullrom"
						},
						"2.0": [0, 0, 0]
					}
				},
				"segment2": {
					"rotation": {
						"0.0": [0, 0, 0],
						"0.1667": {
							"pre": [7.5, 0, 0],
							"post": [7.5, 0, 0],
							"lerp_mode": "catmullrom"
						},
						"0.4167": {
							"post": [0.71, 0, 0],
							"lerp_mode": "catmullrom"
						},
						"1.0": {
							"post": [-2.53, 0, 0],
							"lerp_mode": "catmullrom"
						},
						"1.25": {
							"post": [1.76, 0, 0],
							"lerp_mode": "catmullrom"
						},
						"1.5": {
							"post": [-1.44, 0, 0],
							"lerp_mode": "catmullrom"
						},
						"2.0": [0, 0, 0]
					}
				},
				"segment3": {
					"rotation": {
						"0.0": [0, 0, 0],
						"0.1667": {
							"pre": [12.5, 0, 0],
							"post": [12.5, 0, 0],
							"lerp_mode": "catmullrom"
						},
						"0.5": {
							"post": [2.67, 0, 0],
							"lerp_mode": "catmullrom"
						},
						"1.0": {
							"post": [-0.85, 0, 0],
							"lerp_mode": "catmullrom"
						},
						"1.2917": {
							"post": [1.1, 0, 0],
							"lerp_mode": "catmullrom"
						},
						"1.5833": {
							"post": [7.81, 0, 0],
							"lerp_mode": "catmullrom"
						},
						"2.0": [0, 0, 0]
					}
				},
				"head": {
					"rotation": {
						"0.0": [0, 0, 0],
						"0.1667": {
							"pre": [0, 0, 0],
							"post": [0, 0, 0],
							"lerp_mode": "catmullrom"
						},
						"0.5833": {
							"post": [-6.3259, -0.01405, -0.14781],
							"lerp_mode": "catmullrom"
						},
						"1.0417": {
							"post": [-9.02411, -0.01109, -0.11664],
							"lerp_mode": "catmullrom"
						},
						"1.5417": {
							"post": [8, -0.01, -0.05],
							"lerp_mode": "catmullrom"
						},
						"2.0": [0, 0, 0]
					}
				},
				"antenna_left": {
					"rotation": {
						"0.0": [0, 0, 0],
						"0.2083": [10, 0, 0],
						"1.0833": [15.12, 0, 0],
						"1.1667": [16.25, 0, 0],
						"1.2917": [11.31, 0, 0],
						"1.4167": [11.81, 0, 0],
						"2.0": [0, 0, 0]
					}
				},
				"antenna_left2": {
					"rotation": {
						"0.0": [0, 0, 0],
						"2.0": [0, 0, 0]
					}
				},
				"antenna_left3": {
					"rotation": {
						"0.0": [0, 0, 0],
						"2.0": [0, 0, 0]
					}
				},
				"arm_left5": {
					"rotation": {
						"0.0": [0, 0, 0],
						"1.0": [0, 0, 0],
						"1.0833": [0, 0, 5],
						"1.1667": [0, 0, -0.45],
						"1.25": [0, 0, 2.09],
						"2.0": [0, 0, 0]
					}
				},
				"arm_right5": {
					"rotation": {
						"0.0": [0, 0, 0],
						"1.0": [0, 0, 0],
						"1.0833": [0, 0, 2.5],
						"1.2083": [0, 0, -0.34],
						"1.2917": [0, 0, 2.2],
						"2.0": [0, 0, 0]
					}
				},
				"arm_left3": {
					"rotation": {
						"0.0": [0, 0, 0],
						"1.0": [0, 0, 0],
						"1.0833": [0, 0, -2.5],
						"1.2083": [0, 0, 0.34],
						"1.2917": [0, 0, -2.2],
						"2.0": [0, 0, 0]
					}
				},
				"arm_right3": {
					"rotation": {
						"0.0": [0, 0, 0],
						"1.0": [0, 0, 0],
						"1.0833": [0, 0, -2.5],
						"1.1667": [0, 0, 2.73],
						"1.25": [0, 0, -5.04],
						"1.3333": [0, 0, -1.98],
						"2.0": [0, 0, 0]
					}
				},
				"antenna_right": {
					"rotation": {
						"0.0": [0, 0, 0],
						"0.2083": [10, 0, 0],
						"1.0833": [15.12, 0, 0],
						"1.1667": [16.25, 0, 0],
						"1.2917": [11.31, 0, 0],
						"1.4167": [11.81, 0, 0],
						"2.0": [0, 0, 0]
					}
				},
				"antenna_right2": {
					"rotation": {
						"0.0": [0, 0, 0],
						"2.0": [0, 0, 0]
					}
				},
				"antenna_right3": {
					"rotation": {
						"0.0": [0, 0, 0],
						"2.0": [0, 0, 0]
					}
				}
			},
			"sound_effects": {
				"0.2083": {
					"effect": "pokemon.golisopod.cry"
				}
			}
		}
	}
}