{
	"format_version": "1.12.0",
	"minecraft:geometry": [
		{
			"description": {
				"identifier": "geometry.tivick",
				"texture_width": 64,
				"texture_height": 64,
				"visible_bounds_width": 2,
				"visible_bounds_height": 1.5,
				"visible_bounds_offset": [0, 0.25, 0]
			},
			"bones": [
				{
					"name": "tivick",
					"pivot": [0, 0, 0]
				},
				{
					"name": "head",
					"parent": "tivick",
					"pivot": [0, 1, 0],
					"cubes": [
						{"origin": [-3.5, 1, -3.5], "size": [7, 4, 7], "uv": [0, 0]},
						{"origin": [-5.5, 5, -5.5], "size": [11, 1, 11], "uv": [20, 4]}
					]
				},
				{
					"name": "leg",
					"parent": "tivick",
					"pivot": [3.5, 2, -2.5],
					"rotation": [-24.14867, 20.70481, -54.00717],
					"cubes": [
						{"origin": [3, -1, -3], "size": [1, 5, 1], "uv": [6, 16]}
					]
				},
				{
					"name": "leg2",
					"parent": "tivick",
					"pivot": [-3.5, 2, -2.5],
					"rotation": [-24.14867, -20.70481, 54.00717],
					"cubes": [
						{"origin": [-4, -1, -3], "size": [1, 5, 1], "uv": [6, 16], "mirror": true}
					]
				},
				{
					"name": "leg3",
					"parent": "tivick",
					"pivot": [-3.5, 2, 2.5],
					"rotation": [26.14761, 26.1495, 55.26179],
					"cubes": [
						{"origin": [-4, -1, 2], "size": [1, 5, 1], "uv": [6, 16], "mirror": true}
					]
				},
				{
					"name": "leg4",
					"parent": "tivick",
					"pivot": [3.5, 2, 2.5],
					"rotation": [26.14761, -26.1495, -55.26179],
					"cubes": [
						{"origin": [3, -1, 2], "size": [1, 5, 1], "uv": [6, 16]}
					]
				}
			]
		}
	]
}