{
	"format_version": "1.8.0",
	"animations": {
		"animation.gemmi.ground_idle": {
			"loop": true,
			"animation_length": 3.04,
			"bones": {
				"bone": {
					"rotation": {
						"0.0": [0, 0, 0],
						"0.48": [0, 0, 0],
						"1.52": [0, 0, 0],
						"1.68": [0, 0, 22.5],
						"2.12": [0, 0, 22.5],
						"2.4": [0, 0, 0],
						"2.48": [0, 0, 2.5],
						"2.56": [0, 0, 0],
						"3.04": [0, 0, 0]
					},
					"position": {
						"0.0": [0, 0, 0],
						"0.48": [0, 0, 0],
						"1.52": [0, 0, 0],
						"3.04": [0, 0, 0]
					}
				},
				"bone2": {
					"position": {
						"0.0": [0, 0, 0],
						"1.52": [0, 0, 0],
						"2.0": [0, 1, 0],
						"2.44": [0, 0, 0]
					}
				},
				"bone3": {
					"position": {
						"0.0": [0, 0, 0],
						"1.52": [0, 0, 0],
						"2.0": [0, 1, 0],
						"2.44": [0, 0, 0]
					}
				},
				"bone4": {
					"position": {
						"0.0": [0, 0, 0],
						"1.52": [0, 0, 0],
						"2.0": [-0.5, 2, 0],
						"2.44": [0, 0, 0]
					}
				}
			}
		},
		"animation.gemmi.ground_walk": {
			"loop": true,
			"animation_length": 0.56,
			"bones": {
				"bone": {
					"rotation": {
						"0.0": [0, 0, 0],
						"0.24": [17.5, 0, 0],
						"0.44": [0, 0, 0]
					},
					"position": {
						"0.0": [0, 0, 0],
						"0.24": [0, -0.12, 0],
						"0.44": [0, 3, 0],
						"0.56": [0, 0, 0]
					}
				},
				"bone2": {
					"position": {
						"0.0": [0, 0, 0],
						"0.24": [0, 0, 0],
						"0.44": [0, -1, 0],
						"0.56": [0, 0, 0]
					}
				},
				"bone3": {
					"position": {
						"0.0": [0, 0, 0],
						"0.24": [0, 0, 0],
						"0.44": [0, -1, 0],
						"0.56": [0, 0, 0]
					}
				},
				"bone4": {
					"position": {
						"0.0": [0, 0, 0],
						"0.24": [0, 0, 0],
						"0.44": [-0.5, 0, 0],
						"0.56": [0, 0, 0]
					}
				}
			}
		}
	}
}