{
	"format_version": "1.12.0",
	"minecraft:geometry": [
		{
			"description": {
				"identifier": "geometry.googaloo",
				"texture_width": 32,
				"texture_height": 32,
				"visible_bounds_width": 2,
				"visible_bounds_height": 2.5,
				"visible_bounds_offset": [0, 0.75, 0]
			},
			"bones": [
				{
					"name": "googaloo",
					"pivot": [0, 0, 0]
				},
				{
					"name": "body",
					"parent": "googaloo",
					"pivot": [0, -2.9, 0],
					"cubes": [
						{"origin": [-1.5, 6.25, -2.7], "size": [3, 3, 3], "uv": [16, 15]}
					]
				},
				{
					"name": "head",
					"parent": "body",
					"pivot": [1.7, 3.925, -3.25],
					"cubes": [
						{"origin": [-3, 8.3, -4.2], "size": [6, 2, 6], "uv": [0, 0]},
						{"origin": [-3.5, 9.9, -4.25], "size": [3, 2, 0], "pivot": [0.5, 7.9, -1.25], "rotation": [0, 0, 5], "uv": [18, 4]},
						{"origin": [0.5, 9.9, -4.25], "size": [3, 2, 0], "pivot": [-0.5, 7.9, -1.25], "rotation": [0, 0, -5], "uv": [12, 15]},
						{"origin": [-2.5, 9.475, -3.7], "size": [5, 2, 5], "uv": [0, 8]},
						{"origin": [-2, 11.25, -3.2], "size": [4, 1, 4], "uv": [0, 15]}
					]
				},
				{
					"name": "lefteyebrow",
					"parent": "head",
					"pivot": [1.3, 6, -3.075],
					"cubes": [
						{"origin": [0.05, 11.475, -4.275], "size": [3, 1, 0], "pivot": [1.55, 11.975, -4.275], "rotation": [0, 0, -17.5], "uv": [12, 17]}
					]
				},
				{
					"name": "righteyebrow",
					"parent": "head",
					"pivot": [-1.3, 6, -3.075],
					"cubes": [
						{"origin": [-3.05, 11.475, -4.275], "size": [3, 1, 0], "pivot": [-1.55, 11.975, -4.275], "rotation": [0, 0, 17.5], "uv": [15, 12]}
					]
				},
				{
					"name": "jaw",
					"parent": "head",
					"pivot": [0, 2.925, -2.85],
					"rotation": [-7.5, 0, 0],
					"cubes": [
						{"origin": [5.0484, 7.3234, -2.45662], "size": [1, 1, 0], "pivot": [1.7, 3.95, -3.25], "rotation": [20.60502, 19.38818, -41.44282], "uv": [0, 0]},
						{"origin": [-6.0484, 7.3234, -2.45662], "size": [1, 1, 0], "pivot": [-1.7, 3.95, -3.25], "rotation": [20.60502, -19.38818, 41.44282], "uv": [0, 1]},
						{"origin": [-2.5, 8.47353, -2.22162], "size": [5, 1, 1], "pivot": [0, 2.925, -2.85], "rotation": [28, 0, 0], "uv": [15, 8]}
					]
				},
				{
					"name": "rightleg",
					"parent": "body",
					"pivot": [-1.475, 6.8, -1.2],
					"cubes": [
						{"origin": [-2.975, 5.475, -2.2], "size": [1, 2, 2], "uv": [0, 0]}
					]
				},
				{
					"name": "rightfoot",
					"parent": "rightleg",
					"pivot": [-1.475, 1.325, 0],
					"cubes": [
						{"origin": [-2.475, 6.3, -1.7], "size": [2, 1, 1], "pivot": [-1.475, 6.8, -1.2], "rotation": [-1.7251, 4.15683, -22.56261], "uv": [0, 4]}
					]
				},
				{
					"name": "leftleg",
					"parent": "body",
					"pivot": [1.475, 6.8, -1.2],
					"cubes": [
						{"origin": [0.475, 6.3, -1.7], "size": [2, 1, 1], "pivot": [1.475, 6.8, -1.2], "rotation": [-1.7251, -4.15683, 22.56261], "uv": [15, 10]}
					]
				},
				{
					"name": "leftfoot",
					"parent": "leftleg",
					"pivot": [2.975, -3.675, 0],
					"cubes": [
						{"origin": [1.975, 5.475, -2.2], "size": [1, 2, 2], "uv": [18, 0]}
					]
				},
				{
					"name": "body2",
					"parent": "body",
					"pivot": [0, 0, -0.8],
					"cubes": [
						{"origin": [-3, 0.225, -3.725], "size": [6, 5, 5], "uv": [10, 22]},
						{"origin": [-1.59069, 1.45289, -3.6998], "size": [1, 1, 0], "pivot": [-0.03003, 0.89223, -3.6998], "rotation": [9.99859, 9.84972, -44.13627], "uv": [4, 0]},
						{"origin": [0.53063, -0.66843, -3.6998], "size": [1, 1, 0], "pivot": [-0.03003, 0.89223, -3.6998], "rotation": [9.99859, 9.84972, -44.13627], "uv": [4, 0]}
					]
				},
				{
					"name": "eyes2",
					"parent": "body2",
					"pivot": [4, 0, -1.2],
					"cubes": [
						{"origin": [0.325, 2.375, -3.75], "size": [2, 3, 0], "pivot": [1.325, 3.875, -3.75], "rotation": [0, 0, 2], "uv": [0, 29], "mirror": true},
						{"origin": [-2.325, 2.375, -3.75], "size": [2, 3, 0], "pivot": [-1.325, 3.875, -3.75], "rotation": [0, 0, -2], "uv": [0, 29]}
					]
				},
				{
					"name": "leftleg2",
					"parent": "body2",
					"pivot": [0, 0, -0.8],
					"cubes": [
						{"origin": [3, 0, -2.7], "size": [2, 2, 3], "uv": [0, 22]}
					]
				},
				{
					"name": "rightleg2",
					"parent": "body2",
					"pivot": [0, 0, -0.8],
					"cubes": [
						{"origin": [-5, 0, -2.7], "size": [2, 2, 3], "uv": [0, 22], "mirror": true}
					]
				}
			]
		}
	]
}