{
	"format_version": "1.8.0",
	"animations": {
		"animation.aralma.ground_idle": {
			"loop": true,
			"animation_length": 4.8,
			"bones": {
				"head": {
					"rotation": {
						"0.0": [0, 0, 0],
						"1.2": [5, 0, 0],
						"2.4": [0, 0, 0],
						"3.6": [-5, 0, 0],
						"4.8": [0, 0, 0]
					}
				},
				"leg": {
					"rotation": {
						"1.72": [0, 0, 0],
						"1.92": [0, 0, -15],
						"2.12": [0, 0, 0]
					}
				},
				"leg5": {
					"rotation": {
						"1.44": [0, 0, 0],
						"1.64": [0, 0, -15],
						"1.84": [0, 0, 0]
					}
				},
				"leg6": {
					"rotation": {
						"1.52": [0, 0, 0],
						"1.72": [0, 0, 15],
						"1.92": [0, 0, 0]
					}
				}
			}
		},
		"animation.aralma.ground_walk": {
			"loop": true,
			"animation_length": 0.96,
			"bones": {
				"head": {
					"rotation": {
						"0.0": [0, 0, 0],
						"0.24": [-5, 0, -20],
						"0.48": [0, 0, 0],
						"0.72": [5, 0, 20],
						"0.96": [0, 0, 0]
					}
				},
				"leg": {
					"rotation": {
						"0.0": [0, 0, 0],
						"0.24": [0, 22.5, 0],
						"0.48": [0, 0, 0],
						"0.72": [0, -22.5, -22.5],
						"0.96": [0, 0, 0]
					}
				},
				"leg2": {
					"rotation": {
						"0.0": [0, 0, 0],
						"0.24": [20.94102, 18.28947, 30.36119],
						"0.48": [0, 0, 0],
						"0.72": [0, -22.5, 0],
						"0.96": [0, 0, 0]
					}
				},
				"leg3": {
					"rotation": {
						"0.0": [0, 0, 0],
						"0.24": [9.00717, -20.70481, -24.14867],
						"0.48": [0, 0, 0],
						"0.72": [0, 22.5, 0],
						"0.96": [0, 0, 0]
					}
				},
				"leg4": {
					"rotation": {
						"0.0": [0, 0, 0],
						"0.24": [0, 22.5, 22.5],
						"0.48": [0, 0, 0],
						"0.72": [0, -22.5, 0],
						"0.96": [0, 0, 0]
					}
				},
				"leg5": {
					"rotation": {
						"0.0": [0, 0, 0],
						"0.24": [0, 22.5, 0],
						"0.48": [0, 0, 0],
						"0.72": [20.94102, -18.28947, -30.36119],
						"0.96": [0, 0, 0]
					}
				},
				"leg6": {
					"rotation": {
						"0.0": [0, 0, 0],
						"0.24": [0, -22.5, 0],
						"0.48": [0, 0, 0],
						"0.72": [9.00717, 20.70481, 24.14867],
						"0.96": [0, 0, 0]
					}
				}
			}
		}
	}
}