{
	"format_version": "1.8.0",
	"animations": {
		"animation.thagma.ground_idle": {
			"loop": true,
			"animation_length": 4,
			"bones": {
				"waist": {
					"rotation": {
						"0.0": [0, 0, 0],
						"2.0": [2.5, 0, 0],
						"4.0": [0, 0, 0]
					},
					"position": {
						"0.0": [0, 0, 0],
						"2.0": [0, 0, 1],
						"4.0": [0, 0, 0]
					}
				},
				"head": {
					"rotation": {
						"0.0": [0, 0, 0],
						"2.0": [-7.5, 0, 0],
						"4.0": [0, 0, 0]
					}
				},
				"eyelid_left": {
					"position": [0, 0, 0]
				},
				"tail1": {
					"rotation": {
						"0.0": [0, 0, 0],
						"1.0": [0, -12.5, 0],
						"3.0": [0, 12.5, 0],
						"4.0": [0, 0, 0]
					}
				},
				"tail2": {
					"rotation": {
						"0.0": [0, 0, 0],
						"1.0": [0, -12.5, 0],
						"3.0": [0, 12.5, 0],
						"4.0": [0, 0, 0]
					}
				},
				"tail3": {
					"rotation": {
						"0.0": [0, 0, 0],
						"1.0": [0, -10, 0],
						"3.0": [0, 10, 0],
						"4.0": [0, 0, 0]
					}
				}
			}
		},
		"animation.thagma.ground_walk": {
			"loop": true,
			"animation_length": 2,
			"bones": {
				"neck": {
					"rotation": {
						"0.0": [0, 0, 0],
						"0.5": [-5, 0, 0],
						"1.0": [0, 0, 0],
						"1.5": [-5, 0, 0],
						"2.0": [0, 0, 0]
					}
				},
				"head": {
					"rotation": {
						"0.0": [0, 0, 0],
						"0.5": [-5, 0, 0],
						"1.0": [5, 0, 0],
						"1.5": [0, 0, 0],
						"2.0": [0, 0, 0]
					}
				},
				"tail1": {
					"rotation": {
						"0.0": [0, 0, 0],
						"0.5": [0, 17.5, 0],
						"1.0": [0, 0, 0],
						"1.5": [0, -17.5, 0],
						"2.0": [0, 0, 0]
					}
				},
				"tail2": {
					"rotation": {
						"0.0": [0, 0, 0],
						"0.5": [0, 15, 0],
						"1.0": [0, 0, 0],
						"1.5": [0, -15, 0],
						"2.0": [0, 0, 0]
					}
				},
				"tail3": {
					"rotation": {
						"0.0": [0, 0, 0],
						"0.5": [0, 10, 0],
						"1.0": [0, 0, 0],
						"1.5": [0, -10, 0],
						"2.0": [0, 0, 0]
					}
				},
				"leg_front_left1": {
					"rotation": {
						"0.0": [12.5, 0, 0],
						"0.5": [17.5, 0, 0],
						"1.0": [-12.5, 0, 0],
						"2.0": [12.5, 0, 0]
					},
					"position": {
						"0.0": [0, -0.7, 0],
						"0.5": [0, 1.15, 0],
						"1.0": [0, -1, 0],
						"2.0": [0, -0.7, 0]
					}
				},
				"leg_front_left2": {
					"rotation": {
						"0.0": [-12.5, 0, 0],
						"0.5": [-12.5, 0, 0],
						"1.0": [12.5, 0, 0],
						"2.0": [-12.5, 0, 0]
					},
					"position": {
						"0.0": [0, 1, 0.1],
						"0.5": [0, 0.75, 0.05],
						"1.0": [0, 0.5, 0],
						"2.0": [0, 1, 0.1]
					}
				},
				"leg_front_right1": {
					"rotation": {
						"0.0": [-12.5, 0, 0],
						"1.0": [12.5, 0, 0],
						"1.5": [17.5, 0, 0],
						"2.0": [-12.5, 0, 0]
					},
					"position": {
						"0.0": [0, -1, 0],
						"1.0": [0, -0.7, 0],
						"1.5": [0, 1.15, 0],
						"2.0": [0, -1, 0]
					}
				},
				"leg_front_right2": {
					"rotation": {
						"0.0": [12.5, 0, 0],
						"1.0": [-12.5, 0, 0],
						"1.5": [-12.5, 0, 0],
						"2.0": [12.5, 0, 0]
					},
					"position": {
						"0.0": [0, 0.5, 0],
						"1.0": [0, 1, 0.1],
						"1.5": [0, 0.75, 0.05],
						"2.0": [0, 0.5, 0]
					}
				},
				"leg_back_left1": {
					"rotation": {
						"0.0": [12.5, 0, 0],
						"0.5": [-15, 0, 0],
						"1.0": [-7.5, 0, 0],
						"2.0": [12.5, 0, 0]
					},
					"position": {
						"0.0": [0, -0.7, 0],
						"0.5": [0, 0.5, 0],
						"1.0": [0, -0.3, 0],
						"2.0": [0, -0.7, 0]
					}
				},
				"leg_back_left2": {
					"rotation": {
						"0.0": [-12.5, 0, 0],
						"0.5": [17.5, 0, 0],
						"1.0": [7.5, 0, 0],
						"2.0": [-12.5, 0, 0]
					},
					"position": {
						"0.0": [0, 1, 0],
						"0.5": [0, 0.5, 0],
						"1.0": [0, 0, 0],
						"2.0": [0, 1, 0]
					}
				},
				"leg_back_right1": {
					"rotation": {
						"0.0": [-7.5, 0, 0],
						"1.0": [12.5, 0, 0],
						"1.5": [-15, 0, 0],
						"2.0": [-7.5, 0, 0]
					},
					"position": {
						"0.0": [0, -0.3, 0],
						"1.0": [0, -0.7, 0],
						"1.5": [0, 0.5, 0],
						"2.0": [0, -0.3, 0]
					}
				},
				"leg_back_right2": {
					"rotation": {
						"0.0": [7.5, 0, 0],
						"1.0": [-12.5, 0, 0],
						"1.5": [17.5, 0, 0],
						"2.0": [7.5, 0, 0]
					},
					"position": {
						"0.0": [0, 0, 0],
						"1.0": [0, 1, 0],
						"1.5": [0, 0.5, 0],
						"2.0": [0, 0, 0]
					}
				},
				"waist": {
					"position": {
						"0.0": [0, 0, 0],
						"1.0": [0, -1, 0],
						"2.0": [0, 0, 0]
					}
				}
			}
		},
		"animation.thagma.battle_idle": {
			"loop": true,
			"animation_length": 4,
			"bones": {
				"waist": {
					"rotation": {
						"0.0": [7.5, 0, 0],
						"1.0": [0, 0, 0],
						"2.0": [7.5, 0, 0],
						"3.0": [0, 0, 0],
						"4.0": [7.5, 0, 0]
					},
					"position": [0, 0, 0]
				},
				"head": {
					"rotation": {
						"0.0": [-10, 0, 0],
						"1.0": [-10, 0, -10],
						"3.0": [-10, 0, 10],
						"4.0": [-10, 0, 0]
					}
				},
				"tail1": {
					"rotation": {
						"0.0": [0, 0, 0],
						"1.0": [0, 10, 0],
						"3.0": [0, -10, 0],
						"4.0": [0, 0, 0]
					}
				},
				"tail2": {
					"rotation": {
						"0.0": [0, 0, 0],
						"1.0": [0, 12.5, 0],
						"3.0": [0, -12.5, 0],
						"4.0": [0, 0, 0]
					}
				},
				"leg_front_left1": {
					"rotation": [-5, 0, 0]
				},
				"leg_front_right1": {
					"rotation": [-7.5, 0, 0]
				},
				"leg_back_left1": {
					"rotation": [7.5, 0, 0]
				},
				"leg_back_right1": {
					"rotation": [7.5, 0, 0]
				},
				"tail3": {
					"rotation": {
						"0.0": [0, 0, 0],
						"1.0": [0, 15, 0],
						"2.0": [0, 0, 0],
						"3.0": [0, -15, 0],
						"4.0": [0, 0, 0]
					}
				}
			}
		},
		"animation.thagma.sleep": {
			"loop": true,
			"animation_length": 4,
			"bones": {
				"waist": {
					"position": [0, -2, 0]
				},
				"head": {
					"rotation": {
						"0.0": [12.5, 0, 0],
						"0.875": [12.5, 0, -5],
						"1.125": [12.5, 0, -5],
						"2.0": [12.5, 0, 0],
						"2.875": [12.5, 0, -5],
						"3.125": [12.5, 0, -5],
						"4.0": [12.5, 0, 0]
					},
					"position": [0, 1, 0]
				},
				"eyelid_right": {
					"position": [-0.2, 0, 0]
				},
				"eyelid_left": {
					"position": [0.1, 0, 0]
				},
				"tail1": {
					"rotation": {
						"0.0": [0, 0, 0],
						"1.0": [0, 10, 0],
						"3.0": [0, -10, 0],
						"4.0": [0, 0, 0]
					}
				},
				"tail2": {
					"rotation": {
						"0.0": [0, 0, 0],
						"1.0": [0, 12.5, 0],
						"3.0": [0, -12.5, 0],
						"4.0": [0, 0, 0]
					}
				},
				"tail3": {
					"rotation": {
						"0.0": [0, 0, 0],
						"1.0": [0, 15, 0],
						"2.0": [0, 0, 0],
						"3.0": [0, -15, 0],
						"4.0": [0, 0, 0]
					}
				},
				"leg_front_left1": {
					"rotation": [-90, 0, 0],
					"position": [0, -4, 0]
				},
				"leg_front_right1": {
					"rotation": [-90, 0, 0],
					"position": [0, -3, 0]
				},
				"leg_back_left1": {
					"rotation": [-90, 35, 0],
					"position": [0, -3, 0]
				},
				"leg_back_right1": {
					"rotation": [-90, -40, 0],
					"position": [0, -3, 0]
				},
				"neck": {
					"rotation": {
						"0.0": [0, 0, 0],
						"1.0": [12.5, 0, 0],
						"2.0": [0, 0, 0],
						"3.0": [12.5, 0, 0],
						"4.0": [0, 0, 0]
					}
				}
			}
		},
		"animation.thagma.blink": {
			"animation_length": 0.1667,
			"bones": {
				"eyelid_right": {
					"position": {
						"0.0": [-0.2, 0, 0],
						"0.125": [-0.2, 0, 0],
						"0.1667": [0, 0, 0]
					}
				},
				"eyelid_left": {
					"position": {
						"0.0": [0.1, 0, 0],
						"0.125": [0.1, 0, 0],
						"0.1667": [0, 0, 0]
					}
				}
			}
		},
		"animation.thagma.cry": {
			"animation_length": 2,
			"bones": {
				"waist": {
					"rotation": {
						"0.0": [0, 0, 0],
						"0.75": [10, 0, 0],
						"1.0": [10, 0, 0],
						"2.0": [0, 0, 0]
					},
					"position": [0, 0, 0]
				},
				"neck": {
					"rotation": {
						"0.0": [0, 0, 0],
						"0.75": [17.5, 0, 0],
						"1.0": [17.5, 0, 0],
						"2.0": [0, 0, 0]
					}
				},
				"head": {
					"rotation": {
						"0.0": [0, 0, 0],
						"0.75": [-35, 0, 0],
						"1.0": [-35, 0, 0],
						"2.0": [0, 0, 0]
					},
					"position": {
						"0.0": [0, 0, 0],
						"0.75": [0, 0, -1],
						"1.0": [0, 0, -1],
						"2.0": [0, 0, 0]
					}
				},
				"mouth": {
					"rotation": [0, 0, 0],
					"position": {
						"0.0": [0, 0, 0],
						"0.75": {"pre": [0, 0, 0], "post": [0, 0, 0.1]},
						"1.0": {"pre": [0, 0, 0.1], "post": [0, 0, 0]}
					}
				},
				"mouth_open": {
					"rotation": [0, 0, 0],
					"position": {
						"0.0": [0, 0, 0],
						"0.75": {"pre": [0, 0, 0], "post": [0, 0, -0.1]},
						"1.0": {"pre": [0, 0, -0.1], "post": [0, 0, 0]}
					}
				},
				"tail1": {
					"rotation": {
						"0.0": [0, 0, 0],
						"0.75": [15, 0, 0],
						"1.0": [15, 0, 0],
						"2.0": [0, 0, 0]
					},
					"position": {
						"0.0": [0, 0, 0],
						"0.75": [0, 0, 0],
						"1.0": [0, 0, 0],
						"2.0": [0, 0, 0]
					}
				},
				"tail2": {
					"rotation": {
						"0.0": [0, 0, 0],
						"0.75": [20, 0, 0],
						"1.0": [20, 0, 0],
						"2.0": [0, 0, 0]
					},
					"position": {
						"0.0": [0, 0, 0],
						"2.0": [0, 0, 0]
					}
				},
				"tail3": {
					"rotation": {
						"0.0": [0, 0, 0],
						"0.75": [25, 0, 0],
						"1.0": [25, 0, 0],
						"2.0": [0, 0, 0]
					},
					"position": {
						"0.0": [0, 0, 0],
						"2.0": [0, 0, 0]
					}
				}
			}
		},
		"animation.thagma.walkspeedtest": {
			"loop": true,
			"bones": {
				"thagma": {
					"position": [0, 0, "-q.anim_time*90*0.031"]
				}
			}
		}
	}
}