{
	"format_version": "1.12.0",
	"minecraft:geometry": [
		{
			"description": {
				"identifier": "geometry.swafly",
				"texture_width": 128,
				"texture_height": 128,
				"visible_bounds_width": 3,
				"visible_bounds_height": 2.5,
				"visible_bounds_offset": [0, 0.75, 0]
			},
			"bones": [
				{
					"name": "swafly",
					"pivot": [0, 0, 0]
				},
				{
					"name": "bone",
					"parent": "swafly",
					"pivot": [0, 0, 0],
					"cubes": [
						{"origin": [-8, 0.01, -8], "size": [16, 14, 16], "uv": [0, 0]}
					]
				},
				{
					"name": "head",
					"parent": "swafly",
					"pivot": [0, 3.5, -8],
					"cubes": [
						{"origin": [-5, 0.5, -11], "size": [10, 6, 4], "uv": [79, 12]},
						{"origin": [2, 3.5, -13], "size": [4, 4, 4], "uv": [46, 65]},
						{"origin": [-2, 0.5, -13], "size": [4, 2, 2], "uv": [100, 42]},
						{"origin": [-6, 3.5, -13], "size": [4, 4, 4], "uv": [46, 65], "mirror": true}
					]
				},
				{
					"name": "wing",
					"parent": "swafly",
					"pivot": [3, 14, -1],
					"rotation": [-43.8196, 34.56674, 5.63176],
					"cubes": [
						{"origin": [2, 14, -1], "size": [3, 5, 0], "uv": [31, 45]}
					]
				},
				{
					"name": "wing2",
					"parent": "swafly",
					"pivot": [-3, 14, -1],
					"rotation": [-43.8196, -34.56674, -5.63176],
					"cubes": [
						{"origin": [-5, 14, -1], "size": [3, 5, 0], "uv": [31, 45], "mirror": true}
					]
				},
				{
					"name": "leg",
					"parent": "swafly",
					"pivot": [8, 1, -6],
					"rotation": [0, 30, 0],
					"cubes": [
						{"origin": [7, 0, -7], "size": [5, 2, 2], "uv": [69, 44]}
					]
				},
				{
					"name": "leg3",
					"parent": "swafly",
					"pivot": [8, 1, -1],
					"rotation": [0, 12.5, 0],
					"cubes": [
						{"origin": [7, 0, -2.5], "size": [5, 2, 2], "uv": [69, 44]}
					]
				},
				{
					"name": "leg5",
					"parent": "swafly",
					"pivot": [8, 1, 2],
					"rotation": [0, -12.5, 0],
					"cubes": [
						{"origin": [7, 0, 1.5], "size": [5, 2, 2], "uv": [69, 44]}
					]
				},
				{
					"name": "leg7",
					"parent": "swafly",
					"pivot": [8, 1, 6],
					"rotation": [0, -30, 0],
					"cubes": [
						{"origin": [7, 0, 5], "size": [5, 2, 2], "uv": [69, 44]}
					]
				},
				{
					"name": "leg2",
					"parent": "swafly",
					"pivot": [-8, 1, 6],
					"rotation": [0, 30, 0],
					"cubes": [
						{"origin": [-12, 0, 5], "size": [5, 2, 2], "uv": [69, 44], "mirror": true}
					]
				},
				{
					"name": "leg4",
					"parent": "swafly",
					"pivot": [-8, 1, -6],
					"rotation": [0, -30, 0],
					"cubes": [
						{"origin": [-12, 0, -7], "size": [5, 2, 2], "uv": [69, 44], "mirror": true}
					]
				},
				{
					"name": "leg6",
					"parent": "swafly",
					"pivot": [-8, 1, -1],
					"rotation": [0, -12.5, 0],
					"cubes": [
						{"origin": [-12, 0, -2.5], "size": [5, 2, 2], "uv": [69, 44], "mirror": true}
					]
				},
				{
					"name": "leg8",
					"parent": "swafly",
					"pivot": [-8, 1, 2],
					"rotation": [0, 12.5, 0],
					"cubes": [
						{"origin": [-12, 0, 1.5], "size": [5, 2, 2], "uv": [69, 44], "mirror": true}
					]
				}
			]
		}
	]
}