{
	"format_version": "1.12.0",
	"minecraft:geometry": [
		{
			"description": {
				"identifier": "geometry.antria",
				"texture_width": 64,
				"texture_height": 64,
				"visible_bounds_width": 4,
				"visible_bounds_height": 2.5,
				"visible_bounds_offset": [0, 0.75, 0]
			},
			"bones": [
				{
					"name": "antria",
					"pivot": [0, 0, 0]
				},
				{
					"name": "head",
					"parent": "antria",
					"pivot": [0, 8, -3],
					"cubes": [
						{"origin": [-4, 5, -12], "size": [8, 7, 9], "uv": [0, 0]},
						{"origin": [1, 5.5, -14], "size": [2, 2, 2], "uv": [30, 2]},
						{"origin": [-3, 5.5, -14], "size": [2, 2, 2], "uv": [30, 2], "mirror": true}
					]
				},
				{
					"name": "antenna",
					"parent": "head",
					"pivot": [2, 12, -11],
					"rotation": [37.86666, -14.47863, -1.57152],
					"cubes": [
						{"origin": [1, 12, -11], "size": [2, 5, 0], "uv": [12, 23]},
						{"origin": [1, 17, -11], "size": [2, 5, 0], "pivot": [2, 17, -11], "rotation": [42.5, 0, 0], "uv": [12, 23]}
					]
				},
				{
					"name": "antenna2",
					"parent": "head",
					"pivot": [-2, 12, -11],
					"rotation": [37.86666, 14.47863, 1.57152],
					"cubes": [
						{"origin": [-3, 12, -11], "size": [2, 5, 0], "uv": [12, 23], "mirror": true},
						{"origin": [-3, 17, -11], "size": [2, 5, 0], "pivot": [-2, 17, -11], "rotation": [42.5, 0, 0], "uv": [12, 23], "mirror": true}
					]
				},
				{
					"name": "bone",
					"parent": "antria",
					"pivot": [0, 5, 0],
					"cubes": [
						{"origin": [-3, 5.5, -5], "size": [6, 6, 10], "uv": [31, 8]}
					]
				},
				{
					"name": "bone2",
					"parent": "antria",
					"pivot": [0, 9, 3],
					"rotation": [25, 0, 0],
					"cubes": [
						{"origin": [-6, 4, 3], "size": [12, 10, 15], "uv": [7, 26]}
					]
				},
				{
					"name": "leg",
					"parent": "antria",
					"pivot": [3, 6, -2],
					"rotation": [0, 40, 0],
					"cubes": [
						{"origin": [2, 6, -3], "size": [8, 0, 2], "uv": [3, 55]},
						{"origin": [10, 6, -3], "size": [8, 0, 2], "pivot": [10, 6, -2], "rotation": [0, 0, 57.5], "uv": [3, 55]}
					]
				},
				{
					"name": "leg3",
					"parent": "antria",
					"pivot": [3, 6, 0],
					"cubes": [
						{"origin": [2, 6, -1], "size": [8, 0, 2], "uv": [3, 55]},
						{"origin": [10, 6, -1], "size": [8, 0, 2], "pivot": [10, 6, 0], "rotation": [0, 0, 57.5], "uv": [3, 55]}
					]
				},
				{
					"name": "leg5",
					"parent": "antria",
					"pivot": [3, 6, 2],
					"rotation": [0, -40, 0],
					"cubes": [
						{"origin": [2, 6, 1], "size": [8, 0, 2], "uv": [3, 55]},
						{"origin": [10, 6, 1], "size": [8, 0, 2], "pivot": [10, 6, 2], "rotation": [0, 0, 57.5], "uv": [3, 55]}
					]
				},
				{
					"name": "leg4",
					"parent": "antria",
					"pivot": [-3, 6, -2],
					"rotation": [0, -40, 0],
					"cubes": [
						{"origin": [-10, 6, -3], "size": [8, 0, 2], "uv": [3, 55], "mirror": true},
						{"origin": [-18, 6, -3], "size": [8, 0, 2], "pivot": [-10, 6, -2], "rotation": [0, 0, -57.5], "uv": [3, 55], "mirror": true}
					]
				},
				{
					"name": "leg6",
					"parent": "antria",
					"pivot": [-3, 6, 0],
					"cubes": [
						{"origin": [-10, 6, -1], "size": [8, 0, 2], "uv": [3, 55], "mirror": true},
						{"origin": [-18, 6, -1], "size": [8, 0, 2], "pivot": [-10, 6, 0], "rotation": [0, 0, -57.5], "uv": [3, 55], "mirror": true}
					]
				},
				{
					"name": "leg2",
					"parent": "antria",
					"pivot": [-3, 6, 2],
					"rotation": [0, 40, 0],
					"cubes": [
						{"origin": [-10, 6, 1], "size": [8, 0, 2], "uv": [3, 55], "mirror": true},
						{"origin": [-18, 6, 1], "size": [8, 0, 2], "pivot": [-10, 6, 2], "rotation": [0, 0, -57.5], "uv": [3, 55], "mirror": true}
					]
				}
			]
		}
	]
}