{
  "implemented": true,
  "name": "sonorosian",
  "nationalPokedexNumber": 360360,
  "primaryType": "normal",
  "abilities": [
    "punkrock",
    "soundproof",
    "h:liquidvoice"
  ],
  "baseStats": {
    "hp": 80,
    "attack": 40,
    "defence": 75,
    "special_attack": 130,
    "special_defence": 100,
    "speed": 120
  },
  "behaviour": {
    "resting": {
      "canSleep": false,
      "depth": "normal",
      "light": "0-4",
      "willSleepOnBed": false,
      "times": "night"
    },
    "moving": {
      "canLook": true,
      "walk": {
        "canWalk": true,
        "avoidsLand": false
      },
      "swim": {
        "swimSpeed": 0.3,
        "canSwimInWater": true,
        "canBreatheUnderwater": true
      },
      "fly": {
        "canFly": false,
        "flySpeedHorizontal": 0.3
      },
      "wanderChance": 1
    }
  },
  "catchRate": 150,
  "maleRatio": -1,
  "shoulderMountable": false,
  "baseExperienceYield": 100,
  "experienceGroup": "medium_fast",
  "eggCycles": 5,
  "eggGroups": [
    "undiscovered"
  ],
  "drops": {
    "amount": 1,
    "entries": [
      {
        "item": "minecraft:iron_ingot",
        "quantityRange": "1-2",
        "percentage": 51
      }
    ]
  },
  "moves": [
    "1:doubleteam",
    "1:echoedvoice",
    "6:babydolleyes",
    "9:doubleslap",
    "12:encore",
    "15:screech",
    "18:roar",
    "21:round",
    "24:uproar",
    "27:yawn",
    "30:relicsong",
    "33:skullbash",
    "36:hypervoice",
    "39:assist",
    "42:populationbomb",
    "45:flashcannon",
    "48:nobleroar",
    "51:furyattack",
    "54:boomburst",
    "100:growl",
    "tm:barrier",
    "tm:charm",
    "tm:confuseray",
    "tm:dizzypunch",
    "tm:expandingforce",
    "tm:fakeout",
    "tm:furyswipes",
    "tm:glare",
    "tm:helpinghand",
    "tm:meanlook",
    "tm:metalsound",
    "tm:noretreat",
    "tm:paraboliccharge",
    "tm:perishsong",
    "tm:protect",
    "tm:stomp",
    "tm:triattack"
  ],
  "labels": [
    "custom"
  ],
  "pokedex": [
    "cobblemon.species.sonorosian.desc1",
    "cobblemon.species.sonorosian.desc2"
  ],
  "baseScale": 0.5,
  "hitbox": {
    "width": 1.5,
    "height": 3,
    "fixed": false
  },
  "baseFriendship": 50,
  "evYield": {
    "hp": 0,
    "attack": 0,
    "defence": 0,
    "special_attack": 1,
    "special_defence": 0,
    "speed": 1
  },
  "height": 1,
  "weight": 10,
  "evolutions": [
    {
      "id": "sonorosian-sonorosianultim-level_up",
      "variant": "level_up",
      "result": "sonorosianultim",
      "consumeHeldItem": false,
      "learnableMoves": [],
      "requirements": [
        {
          "variant": "level",
          "minLevel": 37
        }
      ],
      "requiredContext": ""
    }
  ]
}