{
  "implemented": true,
  "name": "sonorosianultim",
  "nationalPokedexNumber": 360361,
  "primaryType": "steel",
  "secondaryType": "psychic",
  "abilities": [
    "punkrock",
    "soundproof",
    "h:liquidvoice"
  ],
  "baseStats": {
    "hp": 80,
    "attack": 15,
    "defence": 90,
    "special_attack": 150,
    "special_defence": 100,
    "speed": 120
  },
  "behaviour": {
    "resting": {
      "canSleep": false,
      "depth": "normal",
      "light": "0-4",
      "willSleepOnBed": false,
      "times": "night"
    },
    "moving": {
      "canLook": true,
      "walk": {
        "canWalk": true,
        "avoidsLand": false
      },
      "swim": {
        "swimSpeed": 0.3,
        "canSwimInWater": true,
        "canBreatheUnderwater": true
      },
      "fly": {
        "canFly": false,
        "flySpeedHorizontal": 0.3
      },
      "wanderChance": 1
    }
  },
  "catchRate": 45,
  "maleRatio": -1,
  "shoulderMountable": false,
  "baseExperienceYield": 100,
  "experienceGroup": "medium_fast",
  "eggCycles": 5,
  "eggGroups": [
    "undiscovered"
  ],
  "drops": {
    "amount": 1,
    "entries": [
      {
        "item": "minecraft:iron_ingot",
        "quantityRange": "2-4",
        "percentage": 51
      }
    ]
  },
  "moves": [
    "1:doubleteam",
    "1:echoedvoice",
    "6:babydolleyes",
    "9:doubleslap",
    "12:encore",
    "15:screech",
    "18:roar",
    "21:round",
    "24:uproar",
    "27:yawn",
    "30:relicsong",
    "33:skullbash",
    "36:hypervoice",
    "39:assist",
    "42:populationbomb",
    "45:flashcannon",
    "48:nobleroar",
    "51:furyattack",
    "54:boomburst",
    "100:growl",
    "tm:barrier",
    "tm:charm",
    "tm:confuseray",
    "tm:dizzypunch",
    "tm:expandingforce",
    "tm:fakeout",
    "tm:furyswipes",
    "tm:glare",
    "tm:helpinghand",
    "tm:meanlook",
    "tm:metalsound",
    "tm:noretreat",
    "tm:paraboliccharge",
    "tm:perishsong",
    "tm:protect",
    "tm:stomp",
    "tm:triattack",
    "57:waterpulse",
    "60:aurasphere",
    "63:twinbeam",
    "66:healpulse",
    "69:darkpulse",
    "72:cosmicpower",
    "75:dragonpulse",
    "78:calmmind",
    "81:roaroftime",
    "tm:psychoboost",
    "tm:powersplit",
    "tm:psychicterrain"
  ],
  "labels": [
    "custom"
  ],
  "pokedex": [
    "cobblemon.species.sonorosianultim.desc1",
    "cobblemon.species.sonorosianultim.desc2"
  ],
  "baseScale": 0.25,
  "hitbox": {
    "width": 2,
    "height": 8,
    "fixed": false
  },
  "baseFriendship": 50,
  "evYield": {
    "hp": 0,
    "attack": 0,
    "defence": 0,
    "special_attack": 2,
    "special_defence": 1,
    "speed": 0
  },
  "height": 2,
  "weight": 135,
  "evolutions": [
    {
      "id": "sonorosianultim-sonorosian-level_up",
      "variant": "level_up",
      "result": "sonorosian",
      "consumeHeldItem": false,
      "learnableMoves": [],
      "requirements": [
        {
          "variant": "level",
          "minLevel": 1
        }
      ],
      "requiredContext": ""
    }
  ]
}