{
	"format_version": "1.12.0",
	"minecraft:geometry": [
		{
			"description": {
				"identifier": "geometry.valgarette",
				"texture_width": 128,
				"texture_height": 128,
				"visible_bounds_width": 4,
				"visible_bounds_height": 3.5,
				"visible_bounds_offset": [0, 1.25, 0]
			},
			"bones": [
				{
					"name": "valgarette",
					"pivot": [0, 0, 0]
				},
				{
					"name": "root",
					"parent": "valgarette",
					"pivot": [-1, 19.25, 0.66421],
					"cubes": [
						{"origin": [-2, 17.25, -1.33579], "size": [4, 4, 5], "uv": [60, 13]}
					]
				},
				{
					"name": "torso",
					"parent": "root",
					"pivot": [0, 20.43406, 1.57877],
					"cubes": [
						{"origin": [-3.5, 20.5, -3.75], "size": [7, 6, 9], "pivot": [0.5, 24.5, 0.25], "rotation": [-7.5, 0, 0], "uv": [0, 0]}
					]
				},
				{
					"name": "shoulder_left",
					"parent": "torso",
					"pivot": [3.5, 25.5, 2.5],
					"cubes": [
						{"origin": [2, 24, 1], "size": [3, 3, 3], "uv": [67, 49]}
					]
				},
				{
					"name": "arm_left",
					"parent": "shoulder_left",
					"pivot": [4.5, 25.5, 2.5],
					"cubes": [
						{"origin": [4, 24.5, 1.5], "size": [6, 2, 2], "uv": [64, 65]}
					]
				},
				{
					"name": "forearm_left",
					"parent": "arm_left",
					"pivot": [9, 25.5, 2.5],
					"cubes": [
						{"origin": [9, 23.5, 0.5], "size": [2, 4, 4], "uv": [65, 22]},
						{"origin": [11, 24, 1], "size": [6, 3, 3], "uv": [46, 32]}
					]
				},
				{
					"name": "hand_left",
					"parent": "forearm_left",
					"pivot": [17, 26, 2.5],
					"cubes": [
						{"origin": [17, 25, 1], "size": [1, 2, 3], "uv": [16, 39]}
					]
				},
				{
					"name": "index_left",
					"parent": "hand_left",
					"pivot": [18, 27, 1.5],
					"cubes": [
						{"origin": [18, 26, 1], "size": [2, 1, 1], "uv": [21, 20]}
					]
				},
				{
					"name": "middle_left",
					"parent": "hand_left",
					"pivot": [18, 27, 2.5],
					"cubes": [
						{"origin": [18, 26, 2], "size": [2, 1, 1], "uv": [21, 18]}
					]
				},
				{
					"name": "pinky_left",
					"parent": "hand_left",
					"pivot": [18, 27, 3.5],
					"cubes": [
						{"origin": [18, 26, 3], "size": [2, 1, 1], "uv": [0, 19]}
					]
				},
				{
					"name": "thumb_left",
					"parent": "hand_left",
					"pivot": [17, 25, 1],
					"cubes": [
						{"origin": [17, 24, 1], "size": [2, 1, 1], "uv": [0, 17]}
					]
				},
				{
					"name": "shoulder_right",
					"parent": "torso",
					"pivot": [-3.5, 25.5, 2.5],
					"cubes": [
						{"origin": [-5, 24, 1], "size": [3, 3, 3], "uv": [66, 7]}
					]
				},
				{
					"name": "arm_right",
					"parent": "shoulder_right",
					"pivot": [-4.5, 25.5, 2.5],
					"cubes": [
						{"origin": [-10, 24.5, 1.5], "size": [6, 2, 2], "uv": [60, 61]}
					]
				},
				{
					"name": "forearm_right",
					"parent": "arm_right",
					"pivot": [-9, 25.5, 2.5],
					"cubes": [
						{"origin": [-11, 23.5, 0.5], "size": [2, 4, 4], "uv": [64, 41]},
						{"origin": [-17, 24, 1], "size": [6, 3, 3], "uv": [23, 0]}
					]
				},
				{
					"name": "hand_right",
					"parent": "forearm_right",
					"pivot": [-17, 26, 2.5],
					"cubes": [
						{"origin": [-18, 25, 1], "size": [1, 2, 3], "uv": [36, 23]}
					]
				},
				{
					"name": "index_right",
					"parent": "hand_right",
					"pivot": [-18, 27, 1.5],
					"cubes": [
						{"origin": [-20, 26, 1], "size": [2, 1, 1], "uv": [0, 15]}
					]
				},
				{
					"name": "middle_right",
					"parent": "hand_right",
					"pivot": [-18, 27, 2.5],
					"cubes": [
						{"origin": [-20, 26, 2], "size": [2, 1, 1], "uv": [0, 7]}
					]
				},
				{
					"name": "pinky_right",
					"parent": "hand_right",
					"pivot": [-18, 27, 3.5],
					"cubes": [
						{"origin": [-20, 26, 3], "size": [2, 1, 1], "uv": [0, 2]}
					]
				},
				{
					"name": "thumb_right",
					"parent": "hand_right",
					"pivot": [-17, 25, 1],
					"cubes": [
						{"origin": [-19, 24, 1], "size": [2, 1, 1], "uv": [0, 0]}
					]
				},
				{
					"name": "neck",
					"parent": "torso",
					"pivot": [0, 26.25, 2],
					"cubes": [
						{"origin": [-1.5, 25.25, 0.5], "size": [3, 4, 3], "pivot": [0, 27.75, 2], "rotation": [0, 45, 0], "uv": [66, 0]}
					]
				},
				{
					"name": "head",
					"parent": "neck",
					"pivot": [0, 28.29692, 2.18592],
					"cubes": [
						{"origin": [-3, 28, -2.1], "size": [6, 3, 6], "pivot": [0, 31, 0.9], "rotation": [14.00194, 44.13603, 9.85108], "uv": [58, 32]},
						{"origin": [-3.5, 28.75, -2.25], "size": [7, 6, 7], "pivot": [0, 30.75, 1.25], "rotation": [7.05323, 44.78238, 4.98107], "uv": [0, 15]},
						{"origin": [-1.22132, 28.97833, -4.02007], "size": [0, 3, 4], "pivot": [-2.12132, 30.87833, -3.02007], "rotation": [24.55323, -44.78238, -4.98107], "uv": [0, 0]},
						{"origin": [1.22132, 28.97833, -4.02007], "size": [0, 3, 4], "pivot": [2.12132, 30.87833, -3.02007], "rotation": [24.55323, 44.78238, 4.98107], "uv": [23, 2]},
						{"origin": [5, 30.02615, 2.59886], "size": [8, 6, 0], "pivot": [6.5, 31.02615, 1.29886], "rotation": [27.74076, -41.95711, -33.06386], "uv": [32, 64]},
						{"origin": [-13, 30.02615, 2.59886], "size": [8, 6, 0], "pivot": [-6.5, 31.02615, 1.29886], "rotation": [27.74076, 41.95711, 33.06386], "uv": [16, 64]},
						{"origin": [-4.6, 34, 0.5], "size": [5, 6, 0], "pivot": [-2.5, 37, 1], "rotation": [0, 20, 0], "uv": [64, 69]},
						{"origin": [-0.4, 34, 0.5], "size": [5, 6, 0], "pivot": [2.5, 37, 1], "rotation": [0, -20, 0], "uv": [0, 70]}
					]
				},
				{
					"name": "hair1",
					"parent": "head",
					"pivot": [0, 33.25, 6.15],
					"cubes": [
						{"origin": [0, 21.25, 6], "size": [11, 13, 0], "pivot": [0, 33.25, 6], "rotation": [5.12076, 12.45167, 1.10693], "uv": [44, 0]},
						{"origin": [-11, 21.25, 6], "size": [11, 13, 0], "pivot": [0, 33.25, 6], "rotation": [5.12076, -12.45167, -1.10693], "uv": [24, 32]}
					]
				},
				{
					"name": "hair2",
					"parent": "hair1",
					"pivot": [0, 21.24494, 6.89992],
					"cubes": [
						{"origin": [0, 5.25, 5.9], "size": [8, 19, 0], "pivot": [0, 33.25, 5.9], "rotation": [5.12076, 12.45167, 1.10693], "uv": [16, 45]},
						{"origin": [-8, 5.25, 5.9], "size": [8, 19, 0], "pivot": [0, 33.25, 5.9], "rotation": [5.12076, -12.45167, -1.10693], "uv": [0, 39]}
					]
				},
				{
					"name": "cannon",
					"parent": "torso",
					"pivot": [0, 24.61803, -8.30781],
					"rotation": [-7.5, 0, 0],
					"cubes": [
						{"origin": [-2, 22.61803, -12.80781], "size": [4, 4, 9], "pivot": [0, 24.61803, -8.30781], "rotation": [0, 0, 45], "uv": [19, 19]}
					]
				},
				{
					"name": "waist",
					"parent": "root",
					"pivot": [-0.00429, 18.15282, 1.005],
					"cubes": [
						{"origin": [-3, 15.25, -2.5], "size": [6, 3, 7], "pivot": [-0.00429, 16.15282, 1.005], "rotation": [10, 0, 0], "uv": [25, 8]},
						{"origin": [-1.57898, 14.57206, -2.49], "size": [4, 4, 7], "pivot": [-0.00429, 16.15282, 1.005], "rotation": [-7.10708, -7.05302, 135.43855], "uv": [52, 50]}
					]
				},
				{
					"name": "thigh_left",
					"parent": "waist",
					"pivot": [2.938, 16.2708, 1.25],
					"cubes": [
						{"origin": [0.48456, 9.02485, -2.25], "size": [5, 9, 5], "pivot": [2.938, 7.27078, 0.25], "rotation": [-4.99527, 0.21782, 2.4905], "uv": [32, 50]}
					]
				},
				{
					"name": "leg_left",
					"parent": "thigh_left",
					"pivot": [2.938, 9.52078, 0.75],
					"cubes": [
						{"origin": [-0.10856, 7.0167, -2.25], "size": [6, 5, 6], "pivot": [2.938, 7.27078, 0.75], "rotation": [2.49762, -0.10901, 2.49762], "uv": [40, 39]},
						{"origin": [0.89144, 2.0167, -1.25], "size": [4, 8, 4], "pivot": [2.938, 7.27078, 0.75], "rotation": [2.49762, -0.10901, 2.49762], "uv": [48, 61]}
					]
				},
				{
					"name": "foot_left",
					"parent": "leg_left",
					"pivot": [2.6187, 2.03063, 1.02245],
					"cubes": [
						{"origin": [1.11869, 0.02469, -0.75], "size": [3, 2, 3], "pivot": [2.938, 7.27078, 0.75], "rotation": [2.5, 0, 0], "uv": [47, 50]}
					]
				},
				{
					"name": "thigh_right",
					"parent": "waist",
					"pivot": [-2.938, 16.27078, 1.25],
					"cubes": [
						{"origin": [-5.48456, 9.02485, -2.25], "size": [5, 9, 5], "pivot": [-2.938, 7.27078, 0.25], "rotation": [-4.99527, -0.21782, -2.4905], "uv": [45, 18]}
					]
				},
				{
					"name": "leg_right",
					"parent": "thigh_right",
					"pivot": [-2.938, 9.52078, 0.75],
					"cubes": [
						{"origin": [-5.89144, 7.0167, -2.25], "size": [6, 5, 6], "pivot": [-2.938, 7.27078, 0.75], "rotation": [2.49762, 0.10901, -2.49762], "uv": [0, 28]},
						{"origin": [-4.89144, 2.0167, -1.25], "size": [4, 8, 4], "pivot": [-2.938, 7.27078, 0.75], "rotation": [2.49762, 0.10901, -2.49762], "uv": [0, 58]}
					]
				},
				{
					"name": "foot_right",
					"parent": "leg_right",
					"pivot": [-2.61869, 2.03063, 1.02245],
					"cubes": [
						{"origin": [-4.11869, 0.02469, -0.75], "size": [3, 2, 3], "pivot": [-2.938, 7.27078, 0.75], "rotation": [2.5, 0, 0], "uv": [36, 18]}
					]
				}
			]
		}
	]
}