{
	"format_version": "1.8.0",
	"animations": {
		"animation.banshelor.ground_idle": {
			"loop": true,
			"animation_length": 7,
			"bones": {
				"body": {
					"rotation": {
						"0.0": [0, 0, 0],
						"3.0": [-7.5, 0, 0],
						"7.0": [0, 0, 0]
					}
				},
				"bone5": {
					"rotation": {
						"0.0": [-2.5, 0, 0],
						"3.0": [2.5, 0, 0],
						"4.44": [10, 0, 0],
						"7.0": [-2.5, 0, 0]
					}
				},
				"neck": {
					"rotation": {
						"0.0": [0, 0, 0],
						"3.0": [10, 0, 0],
						"4.44": [-10, 0, 0],
						"7.0": [0, 0, 0]
					}
				}
			}
		},
		"animation.banshelor.ground_walk": {
			"loop": true,
			"animation_length": 0.96,
			"bones": {
				"body": {
					"rotation": {
						"0.0": [12.5, 0, 0],
						"0.48": [17.5, 0, 0],
						"0.96": [12.5, 0, 0]
					}
				},
				"puddle": {
					"scale": {
						"0.0": [1, 1, 1],
						"0.48": [1, 1, 1.3],
						"0.96": [1, 1, 1]
					}
				},
				"bone5": {
					"rotation": {
						"0.0": [0, 0, 0],
						"0.48": [5, 0, 0],
						"0.96": [0, 0, 0]
					}
				},
				"neck": {
					"rotation": {
						"0.0": [-10, 0, 0],
						"0.48": [-15, 0, 0],
						"0.96": [-10, 0, 0]
					}
				}
			}
		}
	}
}