{
	"format_version": "1.12.0",
	"minecraft:geometry": [
		{
			"description": {
				"identifier": "geometry.sproutopod",
				"texture_width": 128,
				"texture_height": 128,
				"visible_bounds_width": 5,
				"visible_bounds_height": 4.5,
				"visible_bounds_offset": [0, 1.75, 0]
			},
			"bones": [
				{
					"name": "sproutopod",
					"pivot": [0, 0, 0]
				},
				{
					"name": "body",
					"parent": "sproutopod",
					"pivot": [1.07692, 14.95919, -1.73304]
				},
				{
					"name": "leg_left",
					"parent": "body",
					"pivot": [4, 8, 0],
					"cubes": [
						{"origin": [0, 5, 0], "size": [4, 5, 4], "pivot": [4, 4, 2], "rotation": [0, -90, 0], "uv": [18, 62]}
					]
				},
				{
					"name": "leg_left2",
					"parent": "leg_left",
					"pivot": [4, 4.95, 1.5],
					"cubes": [
						{"origin": [2, 0.01969, 1], "size": [2, 6, 2], "pivot": [4, 4, 2], "rotation": [-90, -72.5, 90], "uv": [60, 73]}
					]
				},
				{
					"name": "foot_left",
					"parent": "leg_left2",
					"pivot": [3.5, 1, 0],
					"cubes": [
						{"origin": [-1, 0, 0.5], "size": [4, 1, 3], "pivot": [4, 4, 2], "rotation": [0, -90, 0], "uv": [72, 55]}
					]
				},
				{
					"name": "toes_left",
					"parent": "foot_left",
					"pivot": [4, 1, -1.87],
					"cubes": [
						{"origin": [3.5, 0.5, -3], "size": [2, 1, 1], "inflate": 0.01, "pivot": [5, 0.75, -2.5], "rotation": [0, -105, 0], "uv": [54, 17]},
						{"origin": [3, 0, -2.5], "size": [1, 1, 0], "pivot": [5, 0.75, -2.5], "rotation": [0, -105, 0], "uv": [22, 61]},
						{"origin": [2, 0, -2.5], "size": [1, 1, 0], "pivot": [4, 0.75, -2.5], "rotation": [0, -90, 0], "uv": [24, 61]},
						{"origin": [2.5, 0.5, -3], "size": [2, 1, 1], "inflate": 0.01, "pivot": [4, 0.75, -2.5], "rotation": [0, -90, 0], "uv": [68, 34]},
						{"origin": [1, 0, -2.5], "size": [1, 1, 0], "pivot": [3, 0.75, -2.5], "rotation": [0, -75, 0], "uv": [26, 61]},
						{"origin": [1.5, 0.5, -3], "size": [2, 1, 1], "inflate": 0.01, "pivot": [3, 0.75, -2.5], "rotation": [0, -75, 0], "uv": [78, 21]}
					]
				},
				{
					"name": "leg_right",
					"parent": "body",
					"pivot": [-4, 8, 0],
					"cubes": [
						{"origin": [-4, 5, 0], "size": [4, 5, 4], "pivot": [-4, 4, 2], "rotation": [0, 90, 0], "uv": [62, 19]}
					]
				},
				{
					"name": "leg_right2",
					"parent": "leg_right",
					"pivot": [-4, 4.95, 1.5],
					"cubes": [
						{"origin": [-4, 0.01969, 1], "size": [2, 6, 2], "pivot": [-4, 4, 2], "rotation": [-90, 72.5, -90], "uv": [16, 78]}
					]
				},
				{
					"name": "foot_right",
					"parent": "leg_right2",
					"pivot": [-3.5, 1, 0],
					"cubes": [
						{"origin": [-3, 0, 0.5], "size": [4, 1, 3], "pivot": [-4, 4, 2], "rotation": [0, 90, 0], "uv": [74, 40]}
					]
				},
				{
					"name": "toes_right",
					"parent": "foot_right",
					"pivot": [-4, 1, -1.87],
					"cubes": [
						{"origin": [-5.5, 0.5, -3], "size": [2, 1, 1], "inflate": 0.01, "pivot": [-5, 0.75, -2.5], "rotation": [0, 105, 0], "uv": [78, 23]},
						{"origin": [-4, 0, -2.5], "size": [1, 1, 0], "pivot": [-5, 0.75, -2.5], "rotation": [0, 105, 0], "uv": [68, 36]},
						{"origin": [-3, 0, -2.5], "size": [1, 1, 0], "pivot": [-4, 0.75, -2.5], "rotation": [0, 90, 0], "uv": [70, 36]},
						{"origin": [-4.5, 0.5, -3], "size": [2, 1, 1], "inflate": 0.01, "pivot": [-4, 0.75, -2.5], "rotation": [0, 90, 0], "uv": [78, 25]},
						{"origin": [-2, 0, -2.5], "size": [1, 1, 0], "pivot": [-3, 0.75, -2.5], "rotation": [0, 75, 0], "uv": [72, 36]},
						{"origin": [-3.5, 0.5, -3], "size": [2, 1, 1], "inflate": 0.01, "pivot": [-3, 0.75, -2.5], "rotation": [0, 75, 0], "uv": [80, 0]}
					]
				},
				{
					"name": "torso",
					"parent": "body",
					"pivot": [0.5, 11, 0.75],
					"cubes": [
						{"origin": [-4, 10, -7], "size": [8, 9, 9], "uv": [0, 19]},
						{"origin": [-4.5, 6.5, -3.5], "size": [9, 9, 10], "uv": [0, 0]},
						{"origin": [3.40428, 10.43474, -5.2], "size": [3, 7, 7], "pivot": [4.15428, 12.43474, -0.45], "rotation": [17.5, 0, -7.5], "uv": [34, 95]},
						{"origin": [1.90428, 6.43474, -0.7], "size": [5, 7, 7], "inflate": 0.01, "pivot": [4.15428, 12.43474, -0.45], "rotation": [17.5, 0, -7.5], "uv": [74, 95]},
						{"origin": [-6.40428, 10.43474, -5.2], "size": [3, 7, 7], "pivot": [-4.15428, 12.43474, -0.45], "rotation": [17.5, 0, 7.5], "uv": [34, 95], "mirror": true},
						{"origin": [-6.90428, 6.43474, -0.7], "size": [5, 7, 7], "inflate": 0.01, "pivot": [-4.15428, 12.43474, -0.45], "rotation": [17.5, 0, 7.5], "uv": [74, 95], "mirror": true}
					]
				},
				{
					"name": "neck",
					"parent": "torso",
					"pivot": [0, 19, -3.5],
					"cubes": [
						{"origin": [-2, 19, -6], "size": [4, 4, 5], "uv": [60, 10]}
					]
				},
				{
					"name": "neck2",
					"parent": "neck",
					"pivot": [0, 23, -3.5],
					"cubes": [
						{"origin": [-1.5, 23, -5.5], "size": [3, 4, 4], "uv": [0, 69]}
					]
				},
				{
					"name": "neck3",
					"parent": "neck2",
					"pivot": [0, 27, -3.5],
					"cubes": [
						{"origin": [-1.5, 27, -5], "size": [3, 4, 3], "uv": [48, 73]}
					]
				},
				{
					"name": "head",
					"parent": "neck3",
					"pivot": [0, 31.5, -3.35],
					"cubes": [
						{"origin": [-2.5, 33, -8.25], "size": [5, 4, 7], "inflate": 0.02, "uv": [50, 37]},
						{"origin": [-1.5, 33, -10.25], "size": [3, 3, 2], "inflate": 0.01, "uv": [78, 16]},
						{"origin": [-1, 32, -10.25], "size": [2, 1, 0], "pivot": [0, 33, -12.25], "rotation": [5, 0, 0], "uv": [18, 61]},
						{"origin": [-2.5, 31, -5.25], "size": [5, 2, 4], "inflate": 0.02, "uv": [62, 28]},
						{"origin": [-3.5, 26.6, -1.22], "size": [7, 7, 0], "inflate": 0.01, "uv": [34, 70]}
					]
				},
				{
					"name": "eye_left",
					"parent": "head",
					"pivot": [0, 34.4, -2.35],
					"cubes": [
						{"origin": [2.5, 32.4, -5.05], "size": [0, 3, 2], "inflate": 0.03, "pivot": [0, 33.9, -2.85], "rotation": [-5, 0, 0], "uv": [28, 71]},
						{"origin": [2.5, 32.9, -4.5], "size": [0, 2, 1], "inflate": 0.04, "pivot": [0, 34.4, -2.35], "rotation": [-5, 0, 0], "uv": [48, 70]}
					]
				},
				{
					"name": "eyelid_left",
					"parent": "eye_left",
					"pivot": [1, 34.00459, -4.04543],
					"cubes": [
						{"origin": [0.5, 32.4, -5.05], "size": [1, 3, 2], "inflate": 0.05, "pivot": [0, 33.9, -2.85], "rotation": [-5, 0, 0], "uv": [25, 110]}
					]
				},
				{
					"name": "nervous_left",
					"parent": "eye_left",
					"pivot": [1, 34.9572, -3.46018],
					"cubes": [
						{"origin": [0.5, 34.4, -4.05], "size": [1, 1, 1], "inflate": 0.05, "pivot": [0, 33.9, -2.85], "rotation": [-5, 0, 0], "uv": [26, 111]}
					]
				},
				{
					"name": "unamused_left",
					"parent": "eye_left",
					"pivot": [1, 35.00078, -3.95828],
					"cubes": [
						{"origin": [0.5, 33.9, -5.05], "size": [1, 2, 2], "inflate": 0.05, "pivot": [-1, 33.9, -2.85], "rotation": [-5, 0, 0], "uv": [25, 111]}
					]
				},
				{
					"name": "happy_left",
					"parent": "eye_left",
					"pivot": [0, 33.9, -2.85],
					"cubes": [
						{"origin": [0.5, 32.4, -5.05], "size": [1, 3, 2], "inflate": 0.05, "pivot": [0, 33.9, -2.85], "rotation": [-5, 0, 0], "uv": [20, 110]},
						{"origin": [0.5, 33.4, -5.55], "size": [1, 1, 1], "inflate": 0.06, "pivot": [0, 33.9, -2.85], "rotation": [-5, 0, 0], "uv": [16, 108]},
						{"origin": [0.5, 33.4, -3.35], "size": [1, 1, 1], "inflate": 0.06, "pivot": [0, 33.9, -2.85], "rotation": [-5, 0, 0], "uv": [16, 108]},
						{"origin": [0.5, 34.5, -4.45], "size": [1, 1, 1], "inflate": 0.06, "pivot": [0, 33.9, -2.85], "rotation": [-5, 0, 0], "uv": [16, 108]}
					]
				},
				{
					"name": "wince_left",
					"parent": "eye_left",
					"pivot": [0, 33.9, -2.85],
					"cubes": [
						{"origin": [0.5, 32.4, -5.05], "size": [1, 3, 2], "inflate": 0.05, "pivot": [0, 33.9, -2.85], "rotation": [-5, 0, 0], "uv": [20, 110]},
						{"origin": [0.5, 33.59777, -6.10224], "size": [1, 1, 1], "inflate": 0.06, "pivot": [1, 34.49584, -3.94581], "rotation": [92.5, 0, 0], "uv": [16, 108]},
						{"origin": [0.5, 33.59777, -3.90224], "size": [1, 1, 1], "inflate": 0.06, "pivot": [1, 34.49584, -3.94581], "rotation": [92.5, 0, 0], "uv": [16, 108]},
						{"origin": [0.5, 34.69777, -5.00224], "size": [1, 1, 1], "inflate": 0.06, "pivot": [1, 34.49584, -3.94581], "rotation": [92.5, 0, 0], "uv": [16, 108]}
					]
				},
				{
					"name": "eye_right",
					"parent": "head",
					"pivot": [0, 34.4, -2.35],
					"cubes": [
						{"origin": [-2.5, 32.4, -5.05], "size": [0, 3, 2], "inflate": 0.03, "pivot": [0, 33.9, -2.85], "rotation": [-5, 0, 0], "uv": [28, 71], "mirror": true},
						{"origin": [-2.5, 32.9, -4.5], "size": [0, 2, 1], "inflate": 0.04, "pivot": [0, 34.4, -2.35], "rotation": [-5, 0, 0], "uv": [48, 70], "mirror": true}
					]
				},
				{
					"name": "eyelid_right",
					"parent": "eye_right",
					"pivot": [-1, 34.00459, -4.04543],
					"cubes": [
						{"origin": [-1.5, 32.4, -5.05], "size": [1, 3, 2], "inflate": 0.05, "pivot": [0, 33.9, -2.85], "rotation": [-5, 0, 0], "uv": [25, 110], "mirror": true}
					]
				},
				{
					"name": "unamused_right",
					"parent": "eye_right",
					"pivot": [-1, 35.00078, -3.95828],
					"cubes": [
						{"origin": [-1.5, 33.9, -5.05], "size": [1, 2, 2], "inflate": 0.05, "pivot": [1, 33.9, -2.85], "rotation": [-5, 0, 0], "uv": [25, 111], "mirror": true}
					]
				},
				{
					"name": "happy_right",
					"parent": "eye_right",
					"pivot": [0, 33.9, -2.85],
					"cubes": [
						{"origin": [-1.5, 32.4, -5.05], "size": [1, 3, 2], "inflate": 0.05, "pivot": [0, 33.9, -2.85], "rotation": [-5, 0, 0], "uv": [20, 110], "mirror": true},
						{"origin": [-1.5, 33.4, -5.55], "size": [1, 1, 1], "inflate": 0.06, "pivot": [0, 33.9, -2.85], "rotation": [-5, 0, 0], "uv": [16, 108], "mirror": true},
						{"origin": [-1.5, 33.4, -3.35], "size": [1, 1, 1], "inflate": 0.06, "pivot": [0, 33.9, -2.85], "rotation": [-5, 0, 0], "uv": [16, 108], "mirror": true},
						{"origin": [-1.5, 34.5, -4.45], "size": [1, 1, 1], "inflate": 0.06, "pivot": [0, 33.9, -2.85], "rotation": [-5, 0, 0], "uv": [16, 108], "mirror": true}
					]
				},
				{
					"name": "wince_right",
					"parent": "eye_right",
					"pivot": [0, 33.9, -2.85],
					"cubes": [
						{"origin": [-1.5, 32.4, -5.05], "size": [1, 3, 2], "inflate": 0.05, "pivot": [0, 33.9, -2.85], "rotation": [-5, 0, 0], "uv": [20, 110], "mirror": true},
						{"origin": [-1.5, 33.59777, -6.10224], "size": [1, 1, 1], "inflate": 0.06, "pivot": [-1, 34.49584, -3.94581], "rotation": [92.5, 0, 0], "uv": [16, 108], "mirror": true},
						{"origin": [-1.5, 33.59777, -3.90224], "size": [1, 1, 1], "inflate": 0.06, "pivot": [-1, 34.49584, -3.94581], "rotation": [92.5, 0, 0], "uv": [16, 108], "mirror": true},
						{"origin": [-1.5, 34.69777, -5.00224], "size": [1, 1, 1], "inflate": 0.06, "pivot": [-1, 34.49584, -3.94581], "rotation": [92.5, 0, 0], "uv": [16, 108], "mirror": true}
					]
				},
				{
					"name": "nervous_right",
					"parent": "eye_right",
					"pivot": [-1, 34.9572, -3.46018],
					"cubes": [
						{"origin": [-1.5, 34.4, -4.05], "size": [1, 1, 1], "inflate": 0.05, "pivot": [0, 33.9, -2.85], "rotation": [-5, 0, 0], "uv": [26, 111], "mirror": true}
					]
				},
				{
					"name": "petal_left",
					"parent": "head",
					"pivot": [1, 34, -1.25],
					"cubes": [
						{"origin": [0, 27.6, -1.22], "size": [14, 18, 0], "uv": [34, 19]},
						{"origin": [0.9, 31.6, -1.25], "size": [7, 9, 0], "inflate": 0.01, "pivot": [4, 37, -1.25], "rotation": [0, 0, -15], "uv": [68, 59]}
					]
				},
				{
					"name": "petal_right",
					"parent": "head",
					"pivot": [-1, 34, -1.25],
					"cubes": [
						{"origin": [-14, 27.6, -1.22], "size": [14, 18, 0], "uv": [0, 37]},
						{"origin": [-7.9, 31.6, -1.25], "size": [7, 9, 0], "inflate": 0.01, "pivot": [-4, 37, -1.25], "rotation": [0, 0, 15], "uv": [68, 68]}
					]
				},
				{
					"name": "lowerjaw",
					"parent": "head",
					"pivot": [0, 34, -5.3],
					"cubes": [
						{"origin": [-2.5, 31.16365, -8.24481], "size": [5, 2, 3], "pivot": [1, 31.16365, -6.24481], "rotation": [-10, 0, 0], "uv": [38, 14]},
						{"origin": [-1.5, 31.16365, -9.74481], "size": [3, 2, 2], "inflate": -0.01, "pivot": [1, 31.16365, -6.24481], "rotation": [-10, 0, 0], "uv": [74, 44]}
					]
				},
				{
					"name": "tail",
					"parent": "neck2",
					"pivot": [0, 25, -1.5],
					"cubes": [
						{"origin": [-1.5, 22, -1.5], "size": [3, 3, 5], "inflate": 0.01, "uv": [34, 62]}
					]
				},
				{
					"name": "tail2",
					"parent": "tail",
					"pivot": [0, 25, 3.5],
					"cubes": [
						{"origin": [-1.5, 22, 3.5], "size": [3, 3, 4], "uv": [14, 71]}
					]
				},
				{
					"name": "tail3",
					"parent": "tail2",
					"pivot": [0, 24.5, 7.5],
					"cubes": [
						{"origin": [-2, 21.5, 7.5], "size": [4, 4, 7], "uv": [50, 48]}
					]
				},
				{
					"name": "tail4",
					"parent": "tail3",
					"pivot": [0, 25.5, 14.5],
					"cubes": [
						{"origin": [-2, 21.5, 14.5], "size": [4, 4, 7], "inflate": 0.01, "uv": [28, 51]}
					]
				},
				{
					"name": "tail5",
					"parent": "tail4",
					"pivot": [0, 22, 21.5],
					"cubes": [
						{"origin": [-1.5, 22, 21.5], "size": [3, 3, 7], "uv": [60, 0]}
					]
				},
				{
					"name": "tail6",
					"parent": "tail5",
					"pivot": [0, 22.5, 28.5],
					"cubes": [
						{"origin": [-1, 22.5, 28.5], "size": [2, 2, 5], "uv": [72, 48]}
					]
				},
				{
					"name": "tail7",
					"parent": "tail6",
					"pivot": [-0.1, 23, 33.5],
					"cubes": [
						{"origin": [-0.5, 23, 33.5], "size": [1, 1, 5], "uv": [74, 34]}
					]
				},
				{
					"name": "leafupper",
					"parent": "tail7",
					"pivot": [0, 23.5, 38.5],
					"cubes": [
						{"origin": [0, 23.5, 38.5], "size": [0, 4, 4], "uv": [68, 77]}
					]
				},
				{
					"name": "leaflower",
					"parent": "tail7",
					"pivot": [0, 23.5, 38.5],
					"cubes": [
						{"origin": [0, 19.5, 38.5], "size": [0, 4, 4], "uv": [28, 77]}
					]
				},
				{
					"name": "leaf6",
					"parent": "tail6",
					"pivot": [0, 24.5, 30.5],
					"cubes": [
						{"origin": [0, 24.9, 28.5], "size": [0, 4, 4], "pivot": [0, 26.9, 30.5], "rotation": [45, 0, 0], "uv": [68, 77]}
					]
				},
				{
					"name": "leaf4",
					"parent": "tail4",
					"pivot": [0, 25.5, 17.5],
					"cubes": [
						{"origin": [0, 25.9, 15.5], "size": [0, 4, 4], "pivot": [0, 27.9, 17.5], "rotation": [45, 0, 0], "uv": [68, 77]}
					]
				},
				{
					"name": "leaf3",
					"parent": "tail3",
					"pivot": [0, 25.5, 9.5],
					"cubes": [
						{"origin": [0, 25.9, 7.5], "size": [0, 4, 4], "pivot": [0, 27.9, 9.5], "rotation": [45, 0, 0], "uv": [68, 77]}
					]
				},
				{
					"name": "leaf1",
					"parent": "tail",
					"pivot": [0, 25, 1.5],
					"cubes": [
						{"origin": [0, 24.9, -0.5], "size": [0, 4, 4], "pivot": [0, 26.9, 1.5], "rotation": [45, 0, 0], "uv": [68, 77]}
					]
				},
				{
					"name": "arm_left",
					"parent": "torso",
					"pivot": [3, 15.5, -7],
					"cubes": [
						{"origin": [2, 14, -10], "size": [2, 3, 3], "uv": [18, 55]}
					]
				},
				{
					"name": "hand_left",
					"parent": "arm_left",
					"pivot": [4, 15.5, -10],
					"cubes": [
						{"origin": [2, 14.5, -11], "size": [2, 2, 1], "uv": [54, 14]},
						{"origin": [2, 15, -11.5], "size": [0, 1, 1], "inflate": 0.01, "pivot": [2, 15.5, -11], "rotation": [45, 0, 0], "uv": [24, 78]},
						{"origin": [4, 16, -11.5], "size": [0, 1, 1], "inflate": 0.01, "pivot": [4, 16.5, -11], "rotation": [45, 0, 0], "uv": [14, 69]},
						{"origin": [4, 15, -12], "size": [0, 1, 1], "inflate": 0.02, "uv": [32, 74]},
						{"origin": [4, 14, -11.5], "size": [0, 1, 1], "inflate": 0.01, "pivot": [4, 14.5, -11], "rotation": [-45, 0, 0], "uv": [16, 69]}
					]
				},
				{
					"name": "arm_right",
					"parent": "torso",
					"pivot": [-3, 15.5, -7],
					"cubes": [
						{"origin": [-4, 14, -10], "size": [2, 3, 3], "uv": [78, 10]}
					]
				},
				{
					"name": "hand_right",
					"parent": "arm_right",
					"pivot": [-4, 15.5, -10],
					"cubes": [
						{"origin": [-4, 14.5, -11], "size": [2, 2, 1], "uv": [62, 34]},
						{"origin": [-2, 15, -11.5], "size": [0, 1, 1], "inflate": 0.01, "pivot": [-2, 15.5, -11], "rotation": [45, 0, 0], "uv": [26, 78]},
						{"origin": [-4, 16, -11.5], "size": [0, 1, 1], "inflate": 0.01, "pivot": [-4, 16.5, -11], "rotation": [45, 0, 0], "uv": [80, 2]},
						{"origin": [-4, 15, -12], "size": [0, 1, 1], "inflate": 0.02, "uv": [80, 4]},
						{"origin": [-4, 14, -11.5], "size": [0, 1, 1], "inflate": 0.01, "pivot": [-4, 14.5, -11], "rotation": [-45, 0, 0], "uv": [80, 6]}
					]
				}
			]
		}
	]
}