{
	"format_version": "1.8.0",
	"animations": {
		"animation.isanun.ground_idle": {
			"loop": true,
			"animation_length": 2.4,
			"bones": {
				"bone": {
					"scale": {
						"0.0": [1, 1, 1],
						"1.2": [1, 0.9, 1],
						"2.4": [1, 1, 1]
					}
				},
				"arm": {
					"rotation": {
						"0.0": [0, 0, 0],
						"1.2": [0, 0, -22.5],
						"2.4": [0, 0, 0]
					}
				},
				"arm2": {
					"rotation": {
						"0.0": [0, 0, 0],
						"1.2": [0, 0, 22.5],
						"2.4": [0, 0, 0]
					}
				},
				"head": {
					"rotation": {
						"0.0": [0, 0, 0],
						"1.2": [-2.5, 0, 0],
						"2.4": [0, 0, 0]
					},
					"position": {
						"0.0": [0, 0, 0],
						"1.2": [0, -1, 0],
						"2.4": [0, 0, 0]
					}
				}
			}
		},
		"animation.isanun.ground_walk": {
			"loop": true,
			"animation_length": 0.48,
			"bones": {
				"bone": {
					"scale": {
						"0.0": [1, 1, 1],
						"0.24": [1, 0.9, 1],
						"0.48": [1, 1, 1]
					}
				},
				"arm": {
					"rotation": {
						"0.0": [20, 0, 0],
						"0.24": [19.71975, 3.40487, -9.40804],
						"0.48": [20, 0, 0]
					}
				},
				"arm2": {
					"rotation": {
						"0.0": [20, 0, 0],
						"0.24": [19.71975, -3.40487, 9.40804],
						"0.48": [20, 0, 0]
					}
				},
				"head": {
					"rotation": {
						"0.0": [5, 0, 0],
						"0.24": [0, 0, 0],
						"0.48": [5, 0, 0]
					},
					"position": {
						"0.0": [0, -1, -1],
						"0.24": [0, -2, -1],
						"0.48": [0, -1, -1]
					}
				}
			}
		}
	}
}