
{
  "head": "head",
  "portraitScale": 1.4,
  "portraitTranslation": [ 0, 1.3, 0 ],
  "profileScale": 0.75,
  "profileTranslation": [ 0, 0.7, 0 ],
  "poses": {
    "standing": {
      "poseName": "standing",
      "transformTicks": 10,
      "poseTypes": [
        "STAND",
        "NONE",
        "PORTRAIT",
        "PROFILE"
      ],
      "animations": [
        "bedrock(mewtwokq, ground_idle)"
      ]
    },
    "walking": {
      "poseName": "walking",
      "transformTicks": 10,
      "poseTypes": [ "WALK" ],
      "animations": [ "bedrock(mewtwokq, air_fly)" ]
    },
    "flying": {
      "poseName": "flying",
      "transformTicks": 10,
      "poseTypes": [ "FLY" ],
      "animations": [ "bedrock(mewtwokq, air_fly)" ]
    }
  }
}