{
  "portraitScale": 1.5,
  "portraitTranslation": [-0.25, .75, 0],
  "profileScale": .75,
  "profileTranslation": [0, .7, -.1],
 "animations": {
   "faint": "q.bedrock_primary('typenull', 'faint', q.curve('one'))",
   "cry": "q.bedrock_stateful('typenull', 'cry')"
 },
 "poses": {
   "battle-standing": {
     "poseTypes": ["STAND"],
     "isBattle": true,
     "animations": [
       "q.look('Collar')",
       "q.bedrock('typenull', 'battle_idle')"
     ]
   },
   "standing": {
     "poseTypes": ["STAND", "NONE", "PORTRAIT", "PROFILE", "HOVER"],
     "isBattle": false,
     "animations": [
       "q.look('Collar')",
       "q.bedrock('typenull', 'ground_idle')"
     ]
   },
   "walking": {
     "poseTypes": ["WALK", "SWIM", "FLY"],
     "animations": [
       "q.look('Collar')",
       "q.bedrock('typenull', 'ground_walk')"
     ]
   },
   "float": {
     "poseTypes": ["FLOAT"],
     "animations": [
       "q.look('Collar')",
       "q.bedrock('typenull', 'ground_idle')"
     ]
   },
   "sleep": {
     "poseTypes": ["SLEEP"],
     "animations": ["q.bedrock('typenull', 'sleep')"]
   }
 }
}