{
	"format_version": "1.8.0",
	"animations": {
		"animation.floragato.ground_idle": {
			"loop": true,
			"bones": {
				"body": {
					"position": [0, -0.3, 0]
				},
				"torso_bottom": {
					"rotation": ["1+math.sin(q.anim_time*90*2)*-1", 0, 0],
					"position": [0, "math.sin(q.anim_time*90*2-90)*-0.2", 0]
				},
				"torso_top": {
					"rotation": ["-4+math.sin(q.anim_time*90*2+30)*2", 0, 0]
				},
				"head": {
					"rotation": ["7.5+math.sin(q.anim_time*90*2-60)*3", 0, 0]
				},
				"whisker_right_top": {
					"rotation": [0, "-(math.sin(q.anim_time*90*2-120)*5)", "-(math.sin(q.anim_time*90*2-120)*-3)"]
				},
				"whisker_bottom_right": {
					"rotation": [0, "-(math.sin(q.anim_time*90*2-140)*5)", "-(math.sin(q.anim_time*90*2-140)*-3)"]
				},
				"whisker_left_top": {
					"rotation": [0, "math.sin(q.anim_time*90*2-120)*5", "math.sin(q.anim_time*90*2-120)*-3"]
				},
				"whisker_bottom_left": {
					"rotation": [0, "math.sin(q.anim_time*90*2-140)*5", "math.sin(q.anim_time*90*2-140)*-3"]
				},
				"ear_right": {
					"rotation": ["math.sin(q.anim_time*90*2-90)*5", 0, "-(math.sin(q.anim_time*90*2-90)*-6)"]
				},
				"ear_left": {
					"rotation": ["math.sin(q.anim_time*90*2-90)*5", 0, "math.sin(q.anim_time*90*2-90)*-6"]
				},
				"fur_coat_front": {
					"rotation": ["math.sin(q.anim_time*90*2-60)*-1", 0, "math.sin(q.anim_time*90*1-60)*2"]
				},
				"fur_coat_front2": {
					"rotation": ["math.sin(q.anim_time*90*2-90)*-2", 0, "math.sin(q.anim_time*90*1-120)*4"],
					"position": [0, "math.sin(q.anim_time*90*2-120)*-0.1+0.2", 0]
				},
				"fur_coat_front3": {
					"rotation": ["math.sin(q.anim_time*90*2-120)*-6", 0, "math.sin(q.anim_time*90*1-120)*4"],
					"position": [0, "math.sin(q.anim_time*90*2-120)*-0.1+0.2", 0.01]
				},
				"fur_coat_leaf_back": {
					"rotation": ["math.sin(q.anim_time*90*2-100)*6", 0, 0]
				},
				"fur_coat_leaf_back2": {
					"rotation": ["math.sin(q.anim_time*90*2-80)*6+3", 0, 0]
				},
				"arm_right": {
					"rotation": [-0.3, "7.5+math.sin(q.anim_time*90*2-30)*2", "-58+math.sin(q.anim_time*90*2-90)*2"]
				},
				"forearm_right": {
					"rotation": [3, "-20+math.sin(q.anim_time*90*2-90)*6", "-8.5+math.sin(q.anim_time*90*2-150)*2"],
					"position": [0, 0.1, 0]
				},
				"finger_right_index": {
					"rotation": [0, 0, -20]
				},
				"finger_right_index2": {
					"rotation": [0, 0, -12.5]
				},
				"finger_right_middle": {
					"rotation": [0, 0, -12.5]
				},
				"finger_right_middle2": {
					"rotation": [0, 0, -12.5]
				},
				"finger_right_ring": {
					"rotation": [0, 0, -15]
				},
				"finger_right_ring2": {
					"rotation": [0, 0, -22.5]
				},
				"arm_left": {
					"rotation": [-0.3, "-7.5+math.sin(q.anim_time*90*2-30)*-2", "58+math.sin(q.anim_time*90*2-90)*-2"]
				},
				"forearm_left": {
					"rotation": [3, "20+math.sin(q.anim_time*90*2-90)*-6", "8.5+math.sin(q.anim_time*90*2-150)*-2"],
					"position": [0, 0.1, 0]
				},
				"finger_left_index": {
					"rotation": [0, 0, 20]
				},
				"finger_left_middle": {
					"rotation": [0, 0, 12.5]
				},
				"finger_left_ring": {
					"rotation": [0, 0, 15]
				},
				"tail": {
					"rotation": ["math.sin(q.anim_time*90*2-40)*10", "math.sin(q.anim_time*90*1-40)*10", 0]
				},
				"leg_right": {
					"rotation": ["math.sin(q.anim_time*90*2-60)*3", 21, 0],
					"position": [0, "math.sin(q.anim_time*90*2-60)*-0.2", 0]
				},
				"leg_right2": {
					"rotation": ["-17.4042+math.sin(q.anim_time*90*2-60)*-6", 1.49116, 7.3511],
					"position": [0, 0.3, 0.3]
				},
				"leg_right3": {
					"rotation": ["20+math.sin(q.anim_time*90*2-60)*2", 0, 0]
				},
				"foot_right": {
					"rotation": ["-2+math.sin(q.anim_time*90*2-60)*1", 4, -5],
					"position": [0, 0, 0]
				},
				"leg_left": {
					"rotation": ["math.sin(q.anim_time*90*2-60)*3", -21, 0],
					"position": [0, "math.sin(q.anim_time*90*2-60)*-0.2", 0]
				},
				"leg_left2": {
					"rotation": ["-17.4042+math.sin(q.anim_time*90*2-60)*-6", -1.49116, -7.3511],
					"position": [0, 0.3, 0.3]
				},
				"leg_left3": {
					"rotation": ["20+math.sin(q.anim_time*90*2-60)*2", 0, 0]
				},
				"foot_left": {
					"rotation": ["-2+math.sin(q.anim_time*90*2-60)*1", -4, 5]
				},
				"hand_left": {
					"rotation": [3, "math.sin(q.anim_time*90*2-120)*-6", "math.sin(q.anim_time*90*2-180)*-2"]
				},
				"hand_right": {
					"rotation": [3, "math.sin(q.anim_time*90*2-120)*6", "math.sin(q.anim_time*90*2-180)*2"]
				}
			}
		},
		"animation.floragato.battle_idle": {
			"loop": true,
			"animation_length": 2,
			"bones": {
				"body": {
					"rotation": [0, -22.5, 0],
					"position": [0, -0.3, 0]
				},
				"torso_bottom": {
					"rotation": ["16.0026+math.sin(q.anim_time*90*4)*-1", 3.99939, 0.06992],
					"position": [0, "math.sin(q.anim_time*90*4-90)*-0.2", 0]
				},
				"torso_top": {
					"rotation": ["-9.0166+math.sin(q.anim_time*90*4+30)*2", 5.99175, -0.31517]
				},
				"head": {
					"rotation": ["-0.8332+math.sin(q.anim_time*90*4-60)*3", 13.11898, -0.91554]
				},
				"whisker_right_top": {
					"rotation": [0, "-(math.sin(q.anim_time*90*4-120)*5)", "-(math.sin(q.anim_time*90*4-120)*-3)"]
				},
				"whisker_bottom_right": {
					"rotation": [0, "-(math.sin(q.anim_time*90*4-140)*5)", "-(math.sin(q.anim_time*90*4-140)*-3)"]
				},
				"whisker_left_top": {
					"rotation": [0, "math.sin(q.anim_time*90*4-120)*5", "math.sin(q.anim_time*90*4-120)*-3"]
				},
				"whisker_bottom_left": {
					"rotation": [0, "math.sin(q.anim_time*90*4-140)*5", "math.sin(q.anim_time*90*4-140)*-3"]
				},
				"ear_right": {
					"rotation": ["math.sin(q.anim_time*90*4-90)*5", 0, "-(math.sin(q.anim_time*90*4-90)*-6)"]
				},
				"ear_left": {
					"rotation": ["math.sin(q.anim_time*90*4-90)*5", 0, "math.sin(q.anim_time*90*4-90)*-6"]
				},
				"fur_coat_front": {
					"rotation": ["math.sin(q.anim_time*90*4-60)*-1", 0, "math.sin(q.anim_time*90*2-60)*2"]
				},
				"fur_coat_front2": {
					"rotation": ["math.sin(q.anim_time*90*4-90)*-2", 0, "math.sin(q.anim_time*90*2-120)*4"],
					"position": [0, "math.sin(q.anim_time*90*4-120)*-0.1+0.2", 0]
				},
				"fur_coat_front3": {
					"rotation": ["math.sin(q.anim_time*90*4-120)*-6", 0, "math.sin(q.anim_time*90*2-120)*4"],
					"position": [0, "math.sin(q.anim_time*90*4-120)*-0.1+0.2", 0.01]
				},
				"fur_coat_leaf_back": {
					"rotation": ["math.sin(q.anim_time*90*4-100)*6", 0, 0]
				},
				"fur_coat_leaf_back2": {
					"rotation": ["math.sin(q.anim_time*90*4-80)*6+3", 0, 0]
				},
				"arm_right": {
					"rotation": [-15.42507, "-38.24+math.sin(q.anim_time*90*4-30)*2", "-31.6824+math.sin(q.anim_time*90*4-90)*2"]
				},
				"forearm_right": {
					"rotation": [-31.11142, "-27.0284+math.sin(q.anim_time*90*4-90)*6", "-20.3981+math.sin(q.anim_time*90*4-150)*2"],
					"position": [0, -0.65, 0]
				},
				"finger_right_index": {
					"rotation": [0, 0, -20]
				},
				"finger_right_index2": {
					"rotation": [0, 0, -12.5]
				},
				"finger_right_middle": {
					"rotation": [0, 5, -57.5]
				},
				"finger_right_middle2": {
					"rotation": [0, 0, -47.5]
				},
				"finger_right_ring": {
					"rotation": [-4.58217, 0.94383, -52.73802]
				},
				"finger_right_ring2": {
					"rotation": [0, 0, -72.5]
				},
				"arm_left": {
					"rotation": [-42.70494, "6.189+math.sin(q.anim_time*90*2-30)*-2", "41.8965+math.sin(q.anim_time*90*2-90)*-2"]
				},
				"forearm_left": {
					"rotation": [-29.49756, "21.6559+math.sin(q.anim_time*90*4-90)*-6", "19.5556+math.sin(q.anim_time*90*4-150)*-2"],
					"position": [0, -0.4, 0]
				},
				"finger_left_index": {
					"rotation": [0, 10, 37.5]
				},
				"finger_left_middle": {
					"rotation": [3.17125, -16.44664, 19.20675],
					"position": [0.25, -0.5, 0]
				},
				"finger_left_ring": {
					"rotation": [0.27752, -23.79393, 43.34772],
					"position": [-0.5, 0, -0.25]
				},
				"tail": {
					"rotation": ["math.sin(q.anim_time*90*4-40)*10", "math.sin(q.anim_time*90*8-40)*10", 0]
				},
				"leg_right": {
					"rotation": ["-16.9978+math.sin(q.anim_time*90*4-60)*3", 48.7987, 3.20572],
					"position": [0.25, "-1.25+math.sin(q.anim_time*90*4-60)*-0.2", 0.5]
				},
				"leg_right2": {
					"rotation": ["-7.4042+math.sin(q.anim_time*90*4-60)*-6", 1.49116, 7.3511],
					"position": [0, 1.3, 1.3]
				},
				"leg_right3": {
					"rotation": ["10+math.sin(q.anim_time*90*4-60)*2", 0, 0]
				},
				"foot_right": {
					"rotation": ["18.5+math.sin(q.anim_time*90*4-60)*1", 4, -5],
					"position": [0, 0.35, 0]
				},
				"leg_left": {
					"rotation": ["-11.1169+math.sin(q.anim_time*90*4-60)*3", -34.95667, -4.66499],
					"position": [0, "-1+math.sin(q.anim_time*90*4-60)*-0.2", 0]
				},
				"leg_left2": {
					"rotation": ["-9.9932+math.sin(q.anim_time*90*4-60)*-6", 0.10267, -0.02163],
					"position": [0, 0.8, 0.3]
				},
				"leg_left3": {
					"rotation": ["15+math.sin(q.anim_time*90*4-60)*2", 0, 0]
				},
				"foot_left": {
					"rotation": ["10.6849+math.sin(q.anim_time*90*4-60)*1", -1.15048, 0.88686]
				},
				"hand_left": {
					"rotation": [3.03171, "0.9982+math.sin(q.anim_time*90*4-120)*2", "-22.561+math.sin(q.anim_time*90*4-180)*2"],
					"position": [0, 0.15, 0]
				},
				"hand_right": {
					"rotation": [2.05022, "-0.4418+math.sin(q.anim_time*90*4-120)*6", "10.035+math.sin(q.anim_time*90*4-180)*2"],
					"position": [0, 0.15, 0]
				},
				"finger_left_index2": {
					"rotation": [0, 0, 27.5]
				},
				"finger_left_middle2": {
					"rotation": [0, 0, 47.5]
				},
				"finger_left_ring2": {
					"rotation": [0, 0, 30]
				},
				"flower": {
					"rotation": [0, 72.5, 0],
					"position": {
						"0.0": {
							"post": [-1, -4.5, -6.75],
							"lerp_mode": "catmullrom"
						},
						"0.5": {
							"post": [-1, -5.5, -6],
							"lerp_mode": "catmullrom"
						},
						"1.0": {
							"post": [-1, -4.25, -6],
							"lerp_mode": "catmullrom"
						},
						"1.5": {
							"post": [-1, -5.5, -6],
							"lerp_mode": "catmullrom"
						},
						"2.0": [-1, -4.5, -6.75]
					}
				},
				"flower_bud": {
					"rotation": ["math.sin(q.anim_time*90*2)*400", 0, 0],
					"position": {
						"0.0": {
							"post": [0, -0.9, 0],
							"lerp_mode": "catmullrom"
						},
						"0.5": {
							"post": [-0.4, -0.65, -3.25],
							"lerp_mode": "catmullrom"
						},
						"1.0": {
							"post": [0, -1.1, 0],
							"lerp_mode": "catmullrom"
						},
						"1.5": {
							"post": [-0.6, -0.85, 3.25],
							"lerp_mode": "catmullrom"
						},
						"2.0": [0, -0.9, 0]
					}
				},
				"vine": {
					"rotation": [0, -86, 0],
					"position": {
						"0.0": {
							"post": [0, -0.6, 0.2],
							"lerp_mode": "catmullrom"
						},
						"0.5": {
							"post": [-0.5, -0.3, -3.25],
							"lerp_mode": "catmullrom"
						},
						"1.0": {
							"post": [0, -0.6, 0.2],
							"lerp_mode": "catmullrom"
						},
						"1.5": {
							"post": [-0.72, -0.53, 3.5],
							"lerp_mode": "catmullrom"
						},
						"2.0": [0, -0.6, 0.2]
					}
				},
				"vine2": {
					"rotation": {
						"0.0": {
							"post": [-180.2806, 8.99206, -180.01169],
							"lerp_mode": "catmullrom"
						},
						"0.5": {
							"post": [-179.92579, 6.58443, -177.7437],
							"lerp_mode": "catmullrom"
						},
						"1.0": {
							"post": [-180.21892, 6.49534, -181.00968],
							"lerp_mode": "catmullrom"
						},
						"1.5": {
							"post": [-179.96983, 1.23562, -178.89028],
							"lerp_mode": "catmullrom"
						},
						"2.0": [-180.2806, 8.99206, -180.01169]
					},
					"position": {
						"0.0": {
							"post": [-0.25, -0.5, 0],
							"lerp_mode": "catmullrom"
						},
						"1.0": {
							"post": [-0.25, -0.5, 0],
							"lerp_mode": "catmullrom"
						},
						"2.0": [-0.25, -0.5, 0]
					},
					"scale": {
						"0.0": {
							"post": [2.3, 0.3, 1],
							"lerp_mode": "catmullrom"
						},
						"0.5": {
							"post": [3.3, 0.2563, 1],
							"lerp_mode": "catmullrom"
						},
						"1.0": {
							"post": [2.3, 0.4, 1],
							"lerp_mode": "catmullrom"
						},
						"1.5": {
							"post": [1.4375, 0.559, 1],
							"lerp_mode": "catmullrom"
						},
						"2.0": [2.3, 0.3, 1]
					}
				},
				"vine3": {
					"scale": 0
				},
				"vine1": {
					"rotation": {
						"0.0": {
							"post": [0, 0, 14],
							"lerp_mode": "catmullrom"
						},
						"0.5": {
							"post": [0.16037, -4.34598, 14.94699],
							"lerp_mode": "catmullrom"
						},
						"1.0": {
							"post": [-0.26234, -4.99313, 13.01144],
							"lerp_mode": "catmullrom"
						},
						"1.5": {
							"post": [0.16942, -5.53925, 8.3737],
							"lerp_mode": "catmullrom"
						},
						"2.0": [0, 0, 14]
					},
					"position": {
						"0.0": {
							"post": [-1, -0.5, 0],
							"lerp_mode": "catmullrom"
						},
						"1.0": {
							"post": [-1, -0.5, 0],
							"lerp_mode": "catmullrom"
						},
						"2.0": [-1, -0.5, 0]
					},
					"scale": {
						"0.0": {
							"post": [1.8, 0.3, 1],
							"lerp_mode": "catmullrom"
						},
						"0.5": {
							"post": [1.4563, 0.5438, 1],
							"lerp_mode": "catmullrom"
						},
						"1.0": {
							"post": [1.8, 0.4, 1],
							"lerp_mode": "catmullrom"
						},
						"1.5": {
							"post": [2.7215, 0.241, 1],
							"lerp_mode": "catmullrom"
						},
						"2.0": [1.8, 0.3, 1]
					}
				}
			}
		},
		"animation.floragato.ground_walk": {
			"loop": true,
			"animation_length": 1,
			"bones": {
				"body": {
					"position": [0, -0.3, 0]
				},
				"torso_bottom": {
					"rotation": ["1+math.sin(q.anim_time*90*4)*-2", "math.sin(q.anim_time*90*4+30)*5", "math.sin(q.anim_time*90*4)*-3"],
					"position": [0, "math.sin(q.anim_time*90*8-90)*-0.3", -0.3]
				},
				"torso_top": {
					"rotation": ["-3+math.sin(q.anim_time*90*4+30)*3", 0, "math.sin(q.anim_time*90*4)*2"]
				},
				"head": {
					"rotation": ["5+math.sin(q.anim_time*90*8-60)*2", "math.sin(q.anim_time*90*4)*-4", 0]
				},
				"whisker_right_top": {
					"rotation": [0, "4+math.sin(q.anim_time*90*4-60)*-4", "-2.5+math.sin(q.anim_time*90*8+40)*3"]
				},
				"whisker_bottom_right": {
					"rotation": [0, "3+math.sin(q.anim_time*90*4-70)*-3", "-2+math.sin(q.anim_time*90*8+10)*5"]
				},
				"whisker_left_top": {
					"rotation": [0, "-4+math.sin(q.anim_time*90*4-60)*-4", "2.5+math.sin(q.anim_time*90*8+40)*-3"]
				},
				"whisker_bottom_left": {
					"rotation": [0, "-3+math.sin(q.anim_time*90*4-70)*-3", "2+math.sin(q.anim_time*90*8+10)*-5"]
				},
				"ear_right": {
					"rotation": ["-5+math.sin(q.anim_time*90*4-90)*12", 0, "-6+math.sin(q.anim_time*90*8+30)*3"]
				},
				"ear_left": {
					"rotation": ["-5+math.sin(q.anim_time*90*4-90)*12", 0, "6+math.sin(q.anim_time*90*8+30)*-3"]
				},
				"fur_coat_front": {
					"rotation": ["math.sin(q.anim_time*90*4-60)*-2-1", 0, "math.sin(q.anim_time*90*4-60)*5"]
				},
				"fur_coat_front2": {
					"rotation": ["math.sin(q.anim_time*90*4-90)*-4-5", "math.sin(q.anim_time*90*4-60)*-10", "math.sin(q.anim_time*90*4-90)*5"],
					"position": [0, 0.2866, 0]
				},
				"fur_coat_front3": {
					"rotation": ["math.sin(q.anim_time*90*4-120)*-12", 0, "math.sin(q.anim_time*90*4-120)*10"],
					"position": [0, 0.2866, 0.01]
				},
				"fur_coat_leaf_back": {
					"rotation": ["math.sin(q.anim_time*90*4-70)*12", 0, 0]
				},
				"fur_coat_leaf_back2": {
					"rotation": ["math.sin(q.anim_time*90*4-60)*8", 0, 0]
				},
				"arm_right": {
					"rotation": [0, "10+math.sin(q.anim_time*90*4)*-14", "-57+math.sin(q.anim_time*90*4)*-5"],
					"position": [0, "math.sin(q.anim_time*90*8)*-0.1-0.1", "-0.13+math.sin(q.anim_time*90*4)*-0.5"]
				},
				"forearm_right": {
					"rotation": [3, "-26+math.sin(q.anim_time*90*4-60)*-15", -9.5],
					"position": [0, 0.1, 0]
				},
				"finger_right_index": {
					"rotation": [0, 0, -20]
				},
				"finger_right_index2": {
					"rotation": [0, 0, -12.5]
				},
				"finger_right_middle": {
					"rotation": [0, 0, -12.5]
				},
				"finger_right_middle2": {
					"rotation": [0, 0, -12.5]
				},
				"finger_right_ring": {
					"rotation": [0, 0, -15]
				},
				"finger_right_ring2": {
					"rotation": [0, 0, -22.5]
				},
				"arm_left": {
					"rotation": [0, "-10+math.sin(q.anim_time*90*4)*-14", "57+math.sin(q.anim_time*90*4)*-5"],
					"position": [0, "math.sin(q.anim_time*90*8)*-0.1-0.1", "-0.13+math.sin(q.anim_time*90*4)*0.5"]
				},
				"forearm_left": {
					"rotation": [3, "26+math.sin(q.anim_time*90*4-60)*-15", 9.5],
					"position": [0, 0.1, 0]
				},
				"finger_left_index": {
					"rotation": [0, 0, 20]
				},
				"finger_left_middle": {
					"rotation": [0, 0, 12.5]
				},
				"finger_left_ring": {
					"rotation": [0, 0, 15]
				},
				"tail": {
					"rotation": ["math.sin(q.anim_time*90*4-40)*6", "math.sin(q.anim_time*90*4-40)*10", 0]
				},
				"leg_right": {
					"rotation": {
						"0.0": [-8.44615, -0.95875, -6.01066],
						"0.2917": [21.55385, -0.95875, -6.01066],
						"0.5": {
							"pre": [10.05385, -0.95875, -6.01066],
							"post": [10.05385, -0.95875, -6.01066],
							"lerp_mode": "catmullrom"
						},
						"0.6667": {
							"post": [-14.59801, -0.37001, -6.17305],
							"lerp_mode": "catmullrom"
						},
						"0.7917": [-28.40849, -2.38345, -4.39662],
						"1.0": [-8.44615, -0.95875, -6.01066]
					},
					"position": {
						"0.0": [-0.5, -0.58, -0.64],
						"0.2917": [-0.5, -1.33, 1.36],
						"0.5": {
							"pre": [-0.5, 0.92, -0.39],
							"post": [-0.5, 0.92, -0.39],
							"lerp_mode": "catmullrom"
						},
						"0.6667": {
							"post": [-0.5, 0.45, -0.7],
							"lerp_mode": "catmullrom"
						},
						"0.7917": [-0.5, -0.83, -0.75],
						"1.0": [-0.5, -0.58, -0.64]
					}
				},
				"leg_right2": {
					"rotation": {
						"0.0": [0, 0, 5],
						"0.2917": [-7, 0, 5],
						"0.5": {
							"pre": [-21.5, 0, 5],
							"post": [-21.5, 0, 5],
							"lerp_mode": "catmullrom"
						},
						"0.6667": {
							"post": [-29, 0, 5],
							"lerp_mode": "catmullrom"
						},
						"0.7917": [-4, 0, 5],
						"1.0": [0, 0, 5]
					},
					"position": {
						"0.0": [0, 1.25, 0.3],
						"0.125": [0, 0.93, 0.3],
						"0.2917": {
							"pre": [0, 0.8, 0.55],
							"post": [0, 0.8, 0.55],
							"lerp_mode": "catmullrom"
						},
						"0.5": {
							"post": [0, 1.3, 0.55],
							"lerp_mode": "catmullrom"
						},
						"0.7917": [0, 0.9, 0.3],
						"0.9167": [0, 1.39, 0.3],
						"1.0": [0, 1.25, 0.3]
					}
				},
				"leg_right3": {
					"rotation": {
						"0.0": [10.76795, 0, 0],
						"0.2917": [3.27, 0, 0],
						"0.5": {
							"pre": [50.77, 0, 0],
							"post": [50.77, 0, 0],
							"lerp_mode": "catmullrom"
						},
						"0.6667": {
							"post": [65.77, 0, 0],
							"lerp_mode": "catmullrom"
						},
						"0.7917": {
							"post": [20.76795, 0, 0],
							"lerp_mode": "catmullrom"
						},
						"1.0": [10.76795, 0, 0]
					},
					"position": {
						"0.0": [0, 0, 0],
						"0.2917": [0, 0, 0],
						"0.5": {
							"pre": [0, 0.75, -0.25],
							"post": [0, 0.75, -0.25],
							"lerp_mode": "catmullrom"
						},
						"0.6667": {
							"post": [0, 1.25, -0.4],
							"lerp_mode": "catmullrom"
						},
						"0.75": {
							"post": [0, 0.42, -0.03],
							"lerp_mode": "catmullrom"
						},
						"0.7917": {
							"post": [0, 0, 0],
							"lerp_mode": "catmullrom"
						},
						"1.0": [0, 0, 0]
					}
				},
				"foot_right": {
					"rotation": {
						"0.0": [-4.51792, 3.49403, 2.82059],
						"0.1667": [-15.7009, 8.55455, 3.15466],
						"0.2917": [-7.24923, 5.76514, 3.87779],
						"0.5": {
							"pre": [72.03945, 11.07815, 3.16552],
							"post": [72.03945, 11.07815, 3.16552],
							"lerp_mode": "catmullrom"
						},
						"0.6667": {
							"post": [108.82897, 1.15176, 1.94587],
							"lerp_mode": "catmullrom"
						},
						"0.7917": [10.44324, -0.88503, 0.49614],
						"0.9167": [0.94662, 1.15176, 1.94587],
						"1.0": [-4.51792, 3.49403, 2.82059]
					},
					"position": {
						"0.0": [0, 0, 0],
						"0.1667": [0, 0.06, 0],
						"0.2917": [0, 0.05, 0],
						"0.5": {
							"pre": [0, 1.17, 0.04],
							"post": [0, 1.17, 0.04],
							"lerp_mode": "catmullrom"
						},
						"0.6667": {
							"post": [0, 1.52, -0.55],
							"lerp_mode": "catmullrom"
						},
						"0.7917": [0, 0.25, 0],
						"1.0": [0, 0, 0]
					}
				},
				"leg_left": {
					"rotation": {
						"0.0": {
							"post": [10.05385, 0.95875, 6.01066],
							"lerp_mode": "catmullrom"
						},
						"0.1667": {
							"post": [-14.59801, 0.37001, 6.17305],
							"lerp_mode": "catmullrom"
						},
						"0.2917": [-28.40849, 2.38345, 4.39662],
						"0.5": [-8.44615, 0.95875, 6.01066],
						"0.7917": [21.55385, 0.95875, 6.01066],
						"1.0": [10.05385, 0.95875, 6.01066]
					},
					"position": {
						"0.0": {
							"post": [0.5, 0.92, -0.39],
							"lerp_mode": "catmullrom"
						},
						"0.1667": {
							"post": [0.5, 0.45, -0.7],
							"lerp_mode": "catmullrom"
						},
						"0.2917": [0.5, -0.83, -0.75],
						"0.5": [0.5, -0.58, -0.64],
						"0.7917": [0.5, -1.33, 1.36],
						"0.9583": {
							"pre": [0.5, 0.57, -0.09],
							"post": [0.5, 0.57, -0.09],
							"lerp_mode": "catmullrom"
						},
						"1.0": {
							"post": [0.5, 0.92, -0.39],
							"lerp_mode": "catmullrom"
						}
					}
				},
				"leg_left2": {
					"rotation": {
						"0.0": {
							"post": [-21.5, 0, -5],
							"lerp_mode": "catmullrom"
						},
						"0.1667": {
							"post": [-29, 0, -5],
							"lerp_mode": "catmullrom"
						},
						"0.2917": [-4, 0, -5],
						"0.5": [0, 0, -5],
						"0.7917": [-7, 0, -5],
						"0.9583": {
							"pre": [-19.41, 0, -5],
							"post": [-19.41, 0, -5],
							"lerp_mode": "catmullrom"
						},
						"1.0": {
							"post": [-21.5, 0, -5],
							"lerp_mode": "catmullrom"
						}
					},
					"position": {
						"0.0": {
							"post": [0, 1.3, 0.55],
							"lerp_mode": "catmullrom"
						},
						"0.2917": {
							"post": [0, 0.9, 0.3],
							"lerp_mode": "catmullrom"
						},
						"0.4167": [0, 1.39, 0.3],
						"0.5": [0, 1.25, 0.3],
						"0.625": [0, 0.93, 0.3],
						"0.7917": {
							"pre": [0, 0.8, 0.55],
							"post": [0, 0.8, 0.55],
							"lerp_mode": "catmullrom"
						},
						"1.0": {
							"post": [0, 1.3, 0.55],
							"lerp_mode": "catmullrom"
						}
					}
				},
				"leg_left3": {
					"rotation": {
						"0.0": {
							"post": [50.77, 0, 0],
							"lerp_mode": "catmullrom"
						},
						"0.1667": {
							"post": [65.77, 0, 0],
							"lerp_mode": "catmullrom"
						},
						"0.2917": {
							"post": [20.76795, 0, 0],
							"lerp_mode": "catmullrom"
						},
						"0.5": [10.76795, 0, 0],
						"0.7917": {
							"pre": [3.27, 0, 0],
							"post": [3.27, 0, 0],
							"lerp_mode": "catmullrom"
						},
						"1.0": {
							"post": [50.77, 0, 0],
							"lerp_mode": "catmullrom"
						}
					},
					"position": {
						"0.0": {
							"post": [0, 0.75, -0.25],
							"lerp_mode": "catmullrom"
						},
						"0.1667": {
							"post": [0, 1.25, -0.4],
							"lerp_mode": "catmullrom"
						},
						"0.25": {
							"post": [0, 0.42, -0.03],
							"lerp_mode": "catmullrom"
						},
						"0.2917": {
							"post": [0, 0, 0],
							"lerp_mode": "catmullrom"
						},
						"0.5": [0, 0, 0],
						"0.7917": {
							"pre": [0, 0, 0],
							"post": [0, 0, 0],
							"lerp_mode": "catmullrom"
						},
						"1.0": {
							"post": [0, 0.75, -0.25],
							"lerp_mode": "catmullrom"
						}
					}
				},
				"foot_left": {
					"rotation": {
						"0.0": {
							"post": [72.03945, -11.07815, -3.16552],
							"lerp_mode": "catmullrom"
						},
						"0.1667": {
							"post": [108.82897, -1.15176, -1.94587],
							"lerp_mode": "catmullrom"
						},
						"0.2917": [10.44324, 0.88503, -0.49614],
						"0.4167": [0.94662, -1.15176, -1.94587],
						"0.5": [-4.51792, -3.49403, -2.82059],
						"0.6667": [-6.3009, -8.55455, -3.15466],
						"0.7917": [-7.24923, -5.76514, -3.87779],
						"1.0": [72.03945, -11.07815, -3.16552]
					},
					"position": {
						"0.0": {
							"post": [0, 1.17, 0.04],
							"lerp_mode": "catmullrom"
						},
						"0.1667": {
							"post": [0, 1.52, -0.55],
							"lerp_mode": "catmullrom"
						},
						"0.2917": [0, 0.25, 0],
						"0.5": [0, 0, 0],
						"0.6667": [0, 0.06, 0],
						"0.7917": [0, 0.05, 0],
						"1.0": [0, 1.17, 0.04]
					}
				},
				"hand_left": {
					"rotation": [3, "5.1962+math.sin(q.anim_time*90*4-90)*-10", 0]
				},
				"hand_right": {
					"rotation": [3, "-5.1962+math.sin(q.anim_time*90*4-90)*-10", 0]
				}
			}
		},
		"animation.floragato.ground_run": {
			"loop": true,
			"animation_length": 0.5,
			"bones": {
				"body": {
					"rotation": [0, "math.sin(q.anim_time*90*16-90)*0.8", 0],
					"position": [0, "math.clamp(math.sin(q.anim_time*90*16)*1,0,5)+math.clamp(math.sin(q.anim_time*90*16)*0.3,-1,0)", 0]
				},
				"torso_bottom": {
					"rotation": ["33.5+math.sin(q.anim_time*90*16)*-3", "0+math.sin(q.anim_time*90*8+30)*8", "math.sin(q.anim_time*90*8)*-5"],
					"position": [0, "math.sin(q.anim_time*90*16-90)*-0.3", "-0.05+math.sin(q.anim_time*90*16-90)*-0.5"]
				},
				"torso_top": {
					"rotation": ["-5+math.sin(q.anim_time*90*16+30)*6", 0, "math.sin(q.anim_time*90*8+30)*3"]
				},
				"head": {
					"rotation": ["-25+math.sin(q.anim_time*90*16+30)*-3", "math.sin(q.anim_time*90*8+90)*-10", "math.sin(q.anim_time*90*8+90)*-2"],
					"position": [0, 0.5, -0.8]
				},
				"whisker_right_top": {
					"rotation": [0, "4+math.sin(q.anim_time*90*8-60)*-10", "-2.5+math.sin(q.anim_time*90*16-40)*9"]
				},
				"whisker_bottom_right": {
					"rotation": [0, "4+math.sin(q.anim_time*90*8-40)*-14", "-2.5+math.sin(q.anim_time*90*16-20)*12"]
				},
				"whisker_left_top": {
					"rotation": [0, "-4+math.sin(q.anim_time*90*8-60)*-10", "2.5+math.sin(q.anim_time*90*16-40)*-9"]
				},
				"whisker_bottom_left": {
					"rotation": [0, "-4+math.sin(q.anim_time*90*8-40)*-14", "2.5+math.sin(q.anim_time*90*16-20)*-12"]
				},
				"ear_right": {
					"rotation": ["-5+math.sin(q.anim_time*90*8-90)*12+math.sin(q.anim_time*90*16-90)*4", 0, "-6+math.sin(q.anim_time*90*16-90)*10"]
				},
				"ear_left": {
					"rotation": ["-5+math.sin(q.anim_time*90*8-90)*12+math.sin(q.anim_time*90*16-90)*4", 0, "6+math.sin(q.anim_time*90*16-90)*-10"]
				},
				"fur_coat_front": {
					"rotation": ["math.sin(q.anim_time*90*8-60)*-1-4", 0, "math.sin(q.anim_time*90*8-60)*-10"]
				},
				"fur_coat_front2": {
					"rotation": ["math.sin(q.anim_time*90*8-90)*10-8", "math.sin(q.anim_time*90*8-60)*-30", "math.sin(q.anim_time*90*8-90)*-15"],
					"position": [0, 0.2866, 0]
				},
				"fur_coat_front3": {
					"rotation": ["math.sin(q.anim_time*90*8-120)*-12", 0, "math.sin(q.anim_time*90*8-120)*-25"],
					"position": [0, 0.2866, 0.01]
				},
				"fur_coat_leaf_back": {
					"rotation": ["math.sin(q.anim_time*90*8-60)*-15", 0, 0]
				},
				"fur_coat_leaf_back2": {
					"rotation": ["math.sin(q.anim_time*90*8-70)*-20", 0, 0]
				},
				"arm_right": {
					"rotation": ["math.sin(q.anim_time*90*8)*5", "math.sin(q.anim_time*90*8)*-40", "-19+math.sin(q.anim_time*90*8)*10"],
					"position": [0, "-0.2+math.sin(q.anim_time*90*16)*-0.1", "-0.13+math.sin(q.anim_time*90*8)*-1"]
				},
				"forearm_right": {
					"rotation": [3, "-45+math.sin(q.anim_time*90*8-60)*-25", -9.5],
					"position": [0, 0.1, 0]
				},
				"arm_left": {
					"rotation": ["math.sin(q.anim_time*90*8)*-5", "math.sin(q.anim_time*90*8)*-40", "19+math.sin(q.anim_time*90*8)*-10"],
					"position": [0, "-0.2+math.sin(q.anim_time*90*16)*-0.1", "-0.13+math.sin(q.anim_time*90*8)*1"]
				},
				"forearm_left": {
					"rotation": [3, "45+math.sin(q.anim_time*90*8-60)*-25", 9.5],
					"position": [0, 0.1, 0]
				},
				"tail": {
					"rotation": ["math.sin(q.anim_time*90*16-40)*-3", "math.sin(q.anim_time*90*8-40)*26", 0]
				},
				"leg_right": {
					"rotation": {
						"0.0": [27.58957, -4.43385, -2.31336],
						"0.0833": [38.44633, -3.9198, -1.80648],
						"0.125": [53.06159, -3.19656, -2.29662],
						"0.2083": {
							"pre": [-39.61315, 5.45699, -3.58345],
							"post": [-39.61315, 5.45699, -3.58345],
							"lerp_mode": "catmullrom"
						},
						"0.25": {
							"post": [-79.59644, 2.91012, -2.00765],
							"lerp_mode": "catmullrom"
						},
						"0.375": {
							"post": [-46.74575, 5.15488, -5.45505],
							"lerp_mode": "catmullrom"
						},
						"0.5": {
							"post": [27.58957, -4.43385, -2.31336],
							"lerp_mode": "catmullrom"
						}
					},
					"position": {
						"0.0": {
							"post": [0, -0.75, 1],
							"lerp_mode": "catmullrom"
						},
						"0.1667": {
							"post": [0, -0.64, 1.01],
							"lerp_mode": "catmullrom"
						},
						"0.2083": {
							"post": [0, 0.07, 0],
							"lerp_mode": "catmullrom"
						},
						"0.25": {
							"post": [0, -0.25, -0.89],
							"lerp_mode": "catmullrom"
						},
						"0.375": {
							"post": [0, -1.25, -1.6],
							"lerp_mode": "catmullrom"
						},
						"0.4167": {
							"post": [0, -1.47, -0.8],
							"lerp_mode": "catmullrom"
						},
						"0.4583": {
							"post": [0, -1.32, 0.57],
							"lerp_mode": "catmullrom"
						},
						"0.5": {
							"post": [0, -0.75, 1],
							"lerp_mode": "catmullrom"
						}
					}
				},
				"leg_right3": {
					"rotation": {
						"0.0": {
							"post": [0, 0, 0],
							"lerp_mode": "catmullrom"
						},
						"0.0833": {
							"post": [44.17, 0, 0],
							"lerp_mode": "catmullrom"
						},
						"0.25": {
							"post": [50, 0, 0],
							"lerp_mode": "catmullrom"
						},
						"0.4167": {
							"post": [12.25, 0, 0],
							"lerp_mode": "catmullrom"
						},
						"0.5": {
							"post": [0, 0, 0],
							"lerp_mode": "catmullrom"
						}
					},
					"position": {
						"0.0": {
							"post": [0, 0, 0],
							"lerp_mode": "catmullrom"
						},
						"0.0833": {
							"post": [0, 0.63, -0.03],
							"lerp_mode": "catmullrom"
						},
						"0.25": {
							"post": [0, 0.85, -0.1],
							"lerp_mode": "catmullrom"
						},
						"0.5": {
							"post": [0, 0, 0],
							"lerp_mode": "catmullrom"
						}
					}
				},
				"foot_right": {
					"rotation": {
						"0.0": {
							"post": [0, 0, 0],
							"lerp_mode": "catmullrom"
						},
						"0.0833": {
							"post": [97.5, 0, 0],
							"lerp_mode": "catmullrom"
						},
						"0.25": {
							"post": [127.5, 0, 0],
							"lerp_mode": "catmullrom"
						},
						"0.375": {
							"post": [20, 0, 0],
							"lerp_mode": "catmullrom"
						},
						"0.4167": {
							"post": [22, 0, 0],
							"lerp_mode": "catmullrom"
						},
						"0.4583": {
							"post": [-0.87, 0, 0],
							"lerp_mode": "catmullrom"
						},
						"0.5": {
							"post": [0, 0, 0],
							"lerp_mode": "catmullrom"
						}
					},
					"position": {
						"0.0": {
							"post": [0, 0, 0],
							"lerp_mode": "catmullrom"
						},
						"0.0833": {
							"post": [0, 1.07, -0.32],
							"lerp_mode": "catmullrom"
						},
						"0.25": {
							"post": [0, 1.75, -1],
							"lerp_mode": "catmullrom"
						},
						"0.3333": {
							"post": [0, 0.54, -0.02],
							"lerp_mode": "catmullrom"
						},
						"0.375": {
							"post": [0, 0, 0],
							"lerp_mode": "catmullrom"
						},
						"0.5": {
							"post": [0, 0, 0],
							"lerp_mode": "catmullrom"
						}
					}
				},
				"leg_left3": {
					"rotation": {
						"0.0": {
							"post": [50, 0, 0],
							"lerp_mode": "catmullrom"
						},
						"0.1667": {
							"post": [12.25, 0, 0],
							"lerp_mode": "catmullrom"
						},
						"0.25": {
							"post": [0, 0, 0],
							"lerp_mode": "catmullrom"
						},
						"0.3333": {
							"post": [44.17, 0, 0],
							"lerp_mode": "catmullrom"
						},
						"0.5": {
							"post": [50, 0, 0],
							"lerp_mode": "catmullrom"
						}
					},
					"position": {
						"0.0": {
							"post": [0, 0.85, -0.1],
							"lerp_mode": "catmullrom"
						},
						"0.25": {
							"post": [0, 0, 0],
							"lerp_mode": "catmullrom"
						},
						"0.3333": {
							"post": [0, 0.63, -0.03],
							"lerp_mode": "catmullrom"
						},
						"0.5": {
							"post": [0, 0.85, -0.1],
							"lerp_mode": "catmullrom"
						}
					}
				},
				"foot_left": {
					"rotation": {
						"0.0": {
							"post": [127.5, 0, 0],
							"lerp_mode": "catmullrom"
						},
						"0.125": {
							"post": [20, 0, 0],
							"lerp_mode": "catmullrom"
						},
						"0.1667": {
							"post": [22, 0, 0],
							"lerp_mode": "catmullrom"
						},
						"0.2083": {
							"post": [-0.87, 0, 0],
							"lerp_mode": "catmullrom"
						},
						"0.25": {
							"post": [0, 0, 0],
							"lerp_mode": "catmullrom"
						},
						"0.3333": {
							"post": [97.5, 0, 0],
							"lerp_mode": "catmullrom"
						},
						"0.5": {
							"post": [127.5, 0, 0],
							"lerp_mode": "catmullrom"
						}
					},
					"position": {
						"0.0": {
							"post": [0, 1.75, -1],
							"lerp_mode": "catmullrom"
						},
						"0.0833": {
							"post": [0, 0.54, -0.02],
							"lerp_mode": "catmullrom"
						},
						"0.125": {
							"post": [0, 0, 0],
							"lerp_mode": "catmullrom"
						},
						"0.25": {
							"post": [0, 0, 0],
							"lerp_mode": "catmullrom"
						},
						"0.3333": {
							"post": [0, 1.07, -0.32],
							"lerp_mode": "catmullrom"
						},
						"0.5": {
							"post": [0, 1.75, -1],
							"lerp_mode": "catmullrom"
						}
					}
				},
				"hand_left": {
					"rotation": ["-10+math.sin(q.anim_time*90*8-60)*-20", "20+math.sin(q.anim_time*90*8-90)*-10", 0]
				},
				"hand_right": {
					"rotation": ["-10+math.sin(q.anim_time*90*8-60)*-20", "-20+math.sin(q.anim_time*90*8-90)*-10", 0]
				},
				"leg_right2": {
					"rotation": {
						"0.0": {
							"post": [-7.47178, 0.65182, 3.15744],
							"lerp_mode": "catmullrom"
						},
						"0.0833": {
							"post": [2.31779, -0.10117, 1.39795],
							"lerp_mode": "catmullrom"
						},
						"0.1667": {
							"post": [-7.5, 0, 2.5],
							"lerp_mode": "catmullrom"
						},
						"0.2083": {
							"post": [-15.64489, -0.74457, 3.70372],
							"lerp_mode": "catmullrom"
						},
						"0.25": {
							"post": [-5.06255, -1.50179, 4.76968],
							"lerp_mode": "catmullrom"
						},
						"0.375": {
							"post": [-0.79981, -0.30505, 2.56962],
							"lerp_mode": "catmullrom"
						},
						"0.4167": {
							"post": [-10.75, 0, 1.7],
							"lerp_mode": "catmullrom"
						},
						"0.5": {
							"post": [-7.47178, 0.65182, 3.15744],
							"lerp_mode": "catmullrom"
						}
					},
					"position": {
						"0.0": {
							"post": [0, 0, 0.25],
							"lerp_mode": "catmullrom"
						},
						"0.0833": {
							"post": [0, 0.5, 0.25],
							"lerp_mode": "catmullrom"
						},
						"0.1667": {
							"post": [0, 1.5, 0.75],
							"lerp_mode": "catmullrom"
						},
						"0.25": {
							"post": [0, 2.5, 1.25],
							"lerp_mode": "catmullrom"
						},
						"0.375": {
							"post": [0, 0.57, 0.58],
							"lerp_mode": "catmullrom"
						},
						"0.4167": {
							"post": [0, 0.63, 0.5],
							"lerp_mode": "catmullrom"
						},
						"0.4583": {
							"post": [0, 0.92, 0.37],
							"lerp_mode": "catmullrom"
						},
						"0.5": {
							"post": [0, 0, 0.25],
							"lerp_mode": "catmullrom"
						}
					}
				},
				"leg_left": {
					"rotation": {
						"0.0": {
							"post": [-79.59644, -2.91012, 2.00765],
							"lerp_mode": "catmullrom"
						},
						"0.125": {
							"post": [-46.74575, -5.15488, 5.45505],
							"lerp_mode": "catmullrom"
						},
						"0.25": {
							"post": [27.58957, 4.43385, 2.31336],
							"lerp_mode": "catmullrom"
						},
						"0.3333": [38.44633, 3.9198, 1.80648],
						"0.375": [53.06159, 3.19656, 2.29662],
						"0.4583": {
							"pre": [-39.61315, -5.45699, 3.58345],
							"post": [-39.61315, -5.45699, 3.58345],
							"lerp_mode": "catmullrom"
						},
						"0.5": {
							"post": [-79.59644, -2.91012, 2.00765],
							"lerp_mode": "catmullrom"
						}
					},
					"position": {
						"0.0": {
							"post": [0, -0.25, -0.89],
							"lerp_mode": "catmullrom"
						},
						"0.125": {
							"post": [0, -1.25, -1.6],
							"lerp_mode": "catmullrom"
						},
						"0.1667": {
							"post": [0, -1.47, -0.8],
							"lerp_mode": "catmullrom"
						},
						"0.2083": {
							"post": [0, -1.32, 0.57],
							"lerp_mode": "catmullrom"
						},
						"0.25": {
							"post": [0, -0.75, 1],
							"lerp_mode": "catmullrom"
						},
						"0.4167": {
							"post": [0, -0.64, 1.01],
							"lerp_mode": "catmullrom"
						},
						"0.4583": {
							"post": [0, 0.07, 0],
							"lerp_mode": "catmullrom"
						},
						"0.5": {
							"post": [0, -0.25, -0.89],
							"lerp_mode": "catmullrom"
						}
					}
				},
				"leg_left2": {
					"rotation": {
						"0.0": {
							"post": [-5.06255, 1.50179, -4.76968],
							"lerp_mode": "catmullrom"
						},
						"0.125": {
							"post": [-0.79981, 0.30505, -2.56962],
							"lerp_mode": "catmullrom"
						},
						"0.1667": {
							"post": [-10.75, 0, -1.7],
							"lerp_mode": "catmullrom"
						},
						"0.25": {
							"post": [-7.47178, -0.65182, -3.15744],
							"lerp_mode": "catmullrom"
						},
						"0.3333": {
							"post": [2.31779, 0.10117, -1.39795],
							"lerp_mode": "catmullrom"
						},
						"0.4167": {
							"post": [-7.5, 0, -2.5],
							"lerp_mode": "catmullrom"
						},
						"0.4583": {
							"post": [-15.64489, 0.74457, -3.70372],
							"lerp_mode": "catmullrom"
						},
						"0.5": {
							"post": [-5.06255, 1.50179, -4.76968],
							"lerp_mode": "catmullrom"
						}
					},
					"position": {
						"0.0": {
							"post": [0, 2.5, 1.25],
							"lerp_mode": "catmullrom"
						},
						"0.125": {
							"post": [0, 0.57, 0.58],
							"lerp_mode": "catmullrom"
						},
						"0.1667": {
							"post": [0, 0.63, 0.5],
							"lerp_mode": "catmullrom"
						},
						"0.2083": {
							"post": [0, 0.92, 0.37],
							"lerp_mode": "catmullrom"
						},
						"0.25": {
							"post": [0, 0, 0.25],
							"lerp_mode": "catmullrom"
						},
						"0.3333": {
							"post": [0, 0.5, 0.25],
							"lerp_mode": "catmullrom"
						},
						"0.4167": {
							"post": [0, 1.5, 0.75],
							"lerp_mode": "catmullrom"
						},
						"0.5": {
							"post": [0, 2.5, 1.25],
							"lerp_mode": "catmullrom"
						}
					}
				}
			}
		},
		"animation.floragato.sleep": {
			"loop": true,
			"bones": {
				"body": {
					"rotation": [-20.20317, -11.00374, 86.78791],
					"position": [-16, 2.7, 0]
				},
				"torso_bottom": {
					"rotation": [1.001, "-2.4996+math.sin(q.anim_time*90*1)*-1", -0.04366],
					"position": ["math.sin(q.anim_time*90*1-90)*-0.05", 0, 0]
				},
				"torso_top": {
					"rotation": ["25.3311+math.sin(q.anim_time*90*1+30)*1", -2.61251, -9.60339],
					"position": [0, -2.5, 0]
				},
				"head": {
					"rotation": ["-17.2039+math.sin(q.anim_time*90*1-60)*2", -4.48121, -18.35418],
					"position": [0.75, 0, -0.5]
				},
				"whisker_right_top": {
					"rotation": [0, "-(math.sin(q.anim_time*90*1-120)*2)", "-(math.sin(q.anim_time*90*1-120)*-1)"]
				},
				"whisker_bottom_right": {
					"rotation": [0, "-(math.sin(q.anim_time*90*1-140)*2)", "-(math.sin(q.anim_time*90*1-140)*-1)"]
				},
				"whisker_left_top": {
					"rotation": [0, "math.sin(q.anim_time*90*1-120)*2", "math.sin(q.anim_time*90*1-120)*-1"]
				},
				"whisker_bottom_left": {
					"rotation": [0, "math.sin(q.anim_time*90*1-140)*2", "math.sin(q.anim_time*90*1-140)*-1"]
				},
				"ear_right": {
					"rotation": ["10.8753+math.sin(q.anim_time*90*1-90)*10", 6.71712, "33.5784-(math.sin(q.anim_time*90*1-90)*-3)"],
					"position": [0.5, 0, 0]
				},
				"ear_left": {
					"rotation": ["34.4158+math.sin(q.anim_time*90*1-90)*5", 7.80892, "math.sin(q.anim_time*90*1-90)*3+28.7405"],
					"position": [1, -1.5, 0]
				},
				"fur_coat_front": {
					"rotation": [-9.7258, 11.5162, -12.2212]
				},
				"fur_coat_front2": {
					"rotation": [-27.11943, 8.84678, -12.44412]
				},
				"fur_coat_leaf_back": {
					"rotation": ["-14.9913+math.sin(q.anim_time*90*1-100)*2", 18.21889, -30.41466]
				},
				"fur_coat_leaf_back2": {
					"rotation": ["-10.1425+math.sin(q.anim_time*90*1-80)*2", 45.2688, -24.02979]
				},
				"arm_right": {
					"rotation": [22.56849, "-69.3468+math.sin(q.anim_time*90*1-30)*1", "-101.6748+math.sin(q.anim_time*90*1-90)*1"]
				},
				"forearm_right": {
					"rotation": [10.99094, "-44.5226+math.sin(q.anim_time*90*1-90)*3", "-70.2996+math.sin(q.anim_time*90*1-150)*1"],
					"position": [0.1, -0.4, -0.3]
				},
				"finger_right_index": {
					"rotation": [0, 0, -22.5]
				},
				"finger_right_index2": {
					"rotation": [0, 0, -35]
				},
				"finger_right_middle": {
					"rotation": [0.6574, -7.4713, -17.54292]
				},
				"finger_right_middle2": {
					"rotation": [0, 0, -32.5]
				},
				"finger_right_ring": {
					"rotation": [0, -10, -15]
				},
				"finger_right_ring2": {
					"rotation": [0, 0, -27.5]
				},
				"arm_left": {
					"rotation": [-33.96527, "-2.7252+math.sin(q.anim_time*90*1-30)*1", "-63.1062+math.sin(q.anim_time*90*1-90)*-1"]
				},
				"forearm_left": {
					"rotation": [7.7726, "33.8689+math.sin(q.anim_time*90*1-90)*-2", "-12.7622+math.sin(q.anim_time*90*1-150)*2"],
					"position": [0, 0.1, 0]
				},
				"finger_left_index": {
					"rotation": [0, 7.5, 20],
					"position": [-0.25, 0, 0]
				},
				"finger_left_middle": {
					"rotation": [0, 0, 22.5],
					"position": [0, -0.25, 0]
				},
				"finger_left_ring": {
					"rotation": [0, -5, 15],
					"position": [-0.5, 0, 0]
				},
				"tail": {
					"rotation": ["-13.2912+math.sin(q.anim_time*90*1-40)*4", "24.5973+math.sin(q.anim_time*90*0.5-40)*4", -4.57263]
				},
				"leg_right": {
					"rotation": ["-71.2487+math.sin(q.anim_time*90*1-60)*1", -16.38907, -8.6163],
					"position": ["0.25+math.sin(q.anim_time*90*1-90)*-0.05", 0, -1]
				},
				"leg_right2": {
					"rotation": ["-14.9771+math.sin(q.anim_time*90*1-60)*-3", -0.64322, -2.4193],
					"position": [0.5, 3.05, 1.05]
				},
				"leg_right3": {
					"rotation": ["20+math.sin(q.anim_time*90*1-60)*1", 0, 0]
				},
				"foot_right": {
					"rotation": ["122+math.sin(q.anim_time*90*1-60)*1", 4, -5],
					"position": [0, 1.85, -1]
				},
				"leg_left": {
					"rotation": ["-49.8045+math.sin(q.anim_time*90*1-60)*1", 10.44335, 4.00631],
					"position": [0.25, "math.sin(q.anim_time*90*1-60)*-0.2", 0]
				},
				"leg_left2": {
					"rotation": ["-19.9042+math.sin(q.anim_time*90*1-60)*-3", -1.49116, -7.3511],
					"position": [0, 2.05, 1.05]
				},
				"leg_left3": {
					"rotation": ["20+math.sin(q.anim_time*90*1-60)*1", 0, 0]
				},
				"foot_left": {
					"rotation": ["94.5+math.sin(q.anim_time*90*1-60)*1", -4, 5],
					"position": [0, 1.6, -0.25]
				},
				"hand_left": {
					"rotation": [-6.61693, "26.5+math.sin(q.anim_time*90*1-90)*3", "math.sin(q.anim_time*90*1-180)*-5"]
				},
				"hand_right": {
					"rotation": [43.94944, "-6.4798+math.sin(q.anim_time*90*1-120)*2", "-12.7799+math.sin(q.anim_time*90*1-180)*1"]
				},
				"eyelid_right": {
					"position": [-0.1, 0, -0.1]
				},
				"eyelid_left": {
					"position": [0.1, 0, -0.1]
				},
				"finger_left_index2": {
					"rotation": [0, 0, 5]
				},
				"finger_left_middle2": {
					"rotation": [0, 0, 10]
				},
				"finger_left_ring2": {
					"rotation": [0, 0, 5]
				}
			}
		},
		"animation.floragato.cry": {
			"animation_length": 2.125,
			"bones": {
				"torso_top": {
					"rotation": {
						"0.0": [0, 0, 0],
						"0.375": [4, 0, 0],
						"0.6667": [-2.5, 0, 0],
						"2.125": [0, 0, 0]
					},
					"position": {
						"0.0": [0, 0, 0],
						"0.375": [0, -0.2, 0],
						"0.6667": [0, 0, 0],
						"2.125": [0, 0, 0]
					}
				},
				"head": {
					"rotation": {
						"0.0": {
							"post": [0, 0, 0],
							"lerp_mode": "catmullrom"
						},
						"0.375": {
							"post": [1, 0, 0],
							"lerp_mode": "catmullrom"
						},
						"0.5417": {
							"post": [-10, 0, 0],
							"lerp_mode": "catmullrom"
						},
						"1.0417": {
							"post": [-1.44, 0, 0],
							"lerp_mode": "catmullrom"
						},
						"1.2917": {
							"post": [0, 0, 0],
							"lerp_mode": "catmullrom"
						},
						"2.125": {
							"post": [0, 0, 0],
							"lerp_mode": "catmullrom"
						}
					}
				},
				"mouth": {
					"rotation": {
						"0.1667": {
							"pre": [0, 0, 0],
							"post": [0, 0, 0],
							"lerp_mode": "catmullrom"
						},
						"0.2917": {
							"post": [40, 0, 0],
							"lerp_mode": "catmullrom"
						},
						"0.5": {
							"post": [35, 0, 0],
							"lerp_mode": "catmullrom"
						},
						"0.75": {
							"post": [55, 0, 0],
							"lerp_mode": "catmullrom"
						},
						"1.2083": [0, 0, 0]
					},
					"position": {
						"0.1667": {
							"pre": [0, 0, 0.5],
							"post": [0, 0, 0.5],
							"lerp_mode": "catmullrom"
						},
						"0.2917": {
							"post": [0, 0, 0],
							"lerp_mode": "catmullrom"
						},
						"0.5": {
							"post": [0, 0, 0],
							"lerp_mode": "catmullrom"
						},
						"0.8333": {
							"post": [0, 0, -0.2],
							"lerp_mode": "catmullrom"
						},
						"1.2083": [0, 0, 0.5]
					}
				},
				"ear_right": {
					"rotation": {
						"0.1667": {
							"pre": [0, 0, 0],
							"post": [0, 0, 0],
							"lerp_mode": "catmullrom"
						},
						"0.375": {
							"post": [-2.5, 0, 0],
							"lerp_mode": "catmullrom"
						},
						"0.5417": {
							"post": [20, 0, 0],
							"lerp_mode": "catmullrom"
						},
						"0.75": {
							"post": [-7.5, 0, 0],
							"lerp_mode": "catmullrom"
						},
						"0.9167": {
							"post": [0, 0, 2.2],
							"lerp_mode": "catmullrom"
						},
						"1.0": {
							"post": [0, 0, -6.5],
							"lerp_mode": "catmullrom"
						},
						"1.0833": {
							"post": [0, 0, 4.7],
							"lerp_mode": "catmullrom"
						},
						"1.1667": {
							"post": [0, 0, -4],
							"lerp_mode": "catmullrom"
						},
						"1.2917": {
							"post": [0, 0, 2.2],
							"lerp_mode": "catmullrom"
						},
						"1.625": {
							"post": [0, 0, 0],
							"lerp_mode": "catmullrom"
						},
						"1.7917": {
							"post": [0, 0, 0],
							"lerp_mode": "catmullrom"
						}
					}
				},
				"ear_left": {
					"rotation": {
						"0.1667": {
							"pre": [0, 0, 0],
							"post": [0, 0, 0],
							"lerp_mode": "catmullrom"
						},
						"0.375": {
							"post": [-2.5, 0, 0],
							"lerp_mode": "catmullrom"
						},
						"0.5417": {
							"post": [20, 0, 0],
							"lerp_mode": "catmullrom"
						},
						"0.75": {
							"post": [-7.5, 0, 0],
							"lerp_mode": "catmullrom"
						},
						"0.9167": {
							"post": [0, 0, -2.2],
							"lerp_mode": "catmullrom"
						},
						"1.0": {
							"post": [0, 0, 6.5],
							"lerp_mode": "catmullrom"
						},
						"1.0833": {
							"post": [0, 0, -4.7],
							"lerp_mode": "catmullrom"
						},
						"1.1667": {
							"post": [0, 0, 4],
							"lerp_mode": "catmullrom"
						},
						"1.2917": {
							"post": [0, 0, -2.2],
							"lerp_mode": "catmullrom"
						},
						"1.625": {
							"post": [0, 0, 0],
							"lerp_mode": "catmullrom"
						},
						"1.7917": {
							"post": [0, 0, 0],
							"lerp_mode": "catmullrom"
						}
					}
				},
				"arm_left": {
					"rotation": {
						"0.0": {
							"post": [0, 0, 0],
							"lerp_mode": "catmullrom"
						},
						"0.2083": {
							"post": [0, 0, 0],
							"lerp_mode": "catmullrom"
						},
						"0.4167": {
							"post": [-14.72075, -9.15956, -31.12171],
							"lerp_mode": "catmullrom"
						},
						"0.75": {
							"post": [-22.81179, -9.23186, -21.13968],
							"lerp_mode": "catmullrom"
						},
						"0.9583": {
							"post": [-22.81, -9.23, -24.14],
							"lerp_mode": "catmullrom"
						},
						"1.7917": {
							"post": [-22.81, -9.23, -24.14],
							"lerp_mode": "catmullrom"
						},
						"2.125": {
							"post": [0, 0, 0],
							"lerp_mode": "catmullrom"
						}
					}
				},
				"forearm_left": {
					"rotation": {
						"0.0": {
							"post": [0, 0, 0],
							"lerp_mode": "catmullrom"
						},
						"0.2083": {
							"post": [0, 0, 0],
							"lerp_mode": "catmullrom"
						},
						"0.4583": {
							"post": [63.33, -16.19, 33.41],
							"lerp_mode": "catmullrom"
						},
						"0.5833": {
							"post": [90, -23, 74],
							"lerp_mode": "catmullrom"
						},
						"0.75": {
							"post": [90, -23, 76],
							"lerp_mode": "catmullrom"
						},
						"1.7917": {
							"post": [90, -23, 76],
							"lerp_mode": "catmullrom"
						},
						"2.125": {
							"post": [0, 0, 0],
							"lerp_mode": "catmullrom"
						}
					},
					"position": {
						"0.0": {
							"post": [0, 0, 0],
							"lerp_mode": "catmullrom"
						},
						"0.2083": {
							"post": [0, 0, 0],
							"lerp_mode": "catmullrom"
						},
						"0.5833": {
							"post": [0.8, 1, -1.1],
							"lerp_mode": "catmullrom"
						},
						"1.7917": {
							"post": [0.8, 1, -1.1],
							"lerp_mode": "catmullrom"
						},
						"2.125": {
							"post": [0, 0, 0],
							"lerp_mode": "catmullrom"
						}
					}
				},
				"finger_left_index": {
					"rotation": {
						"0.5": {
							"pre": [0, 0, 0],
							"post": [0, 0, 0],
							"lerp_mode": "catmullrom"
						},
						"0.6667": {
							"post": [0, 0, -7.5],
							"lerp_mode": "catmullrom"
						},
						"1.8333": {
							"post": [0, 0, -7.5],
							"lerp_mode": "catmullrom"
						},
						"2.0": {
							"post": [0, 0, 0],
							"lerp_mode": "catmullrom"
						}
					}
				},
				"finger_left_middle": {
					"rotation": {
						"0.5": {
							"pre": [0, 0, 0],
							"post": [0, 0, 0],
							"lerp_mode": "catmullrom"
						},
						"0.6667": {
							"post": [-0.32902, -7.49282, 15.02154],
							"lerp_mode": "catmullrom"
						},
						"1.8333": {
							"post": [-0.32902, -7.49282, 15.02154],
							"lerp_mode": "catmullrom"
						},
						"2.0": {
							"post": [0, 0, 0],
							"lerp_mode": "catmullrom"
						}
					},
					"position": {
						"0.5": {
							"pre": [0, 0, 0],
							"post": [0, 0, 0],
							"lerp_mode": "catmullrom"
						},
						"0.6667": {
							"post": [0.6, -0.3, 0],
							"lerp_mode": "catmullrom"
						},
						"1.8333": {
							"post": [0.6, -0.3, 0],
							"lerp_mode": "catmullrom"
						},
						"2.0": {
							"post": [0, 0, 0],
							"lerp_mode": "catmullrom"
						}
					}
				},
				"finger_left_ring": {
					"rotation": {
						"0.5": {
							"pre": [0, 0, 0],
							"post": [0, 0, 0],
							"lerp_mode": "catmullrom"
						},
						"0.6667": {
							"post": [0, -17.5, 0],
							"lerp_mode": "catmullrom"
						},
						"1.8333": {
							"post": [0, -17.5, 0],
							"lerp_mode": "catmullrom"
						},
						"2.0": {
							"post": [0, 0, 0],
							"lerp_mode": "catmullrom"
						}
					}
				},
				"tail": {
					"rotation": {
						"0.75": {
							"pre": [0, 0, 0],
							"post": [0, 0, 0],
							"lerp_mode": "catmullrom"
						},
						"0.9167": {
							"post": [0, 7, 0],
							"lerp_mode": "catmullrom"
						},
						"1.0": {
							"post": [0, -7.5, 0],
							"lerp_mode": "catmullrom"
						},
						"1.0833": {
							"post": [0, 2.5, 0],
							"lerp_mode": "catmullrom"
						},
						"1.1667": {
							"post": [0, -10.5, 0],
							"lerp_mode": "catmullrom"
						},
						"1.2917": {
							"post": [0, 2.5, 0],
							"lerp_mode": "catmullrom"
						},
						"1.75": {
							"post": [0, 0, 0],
							"lerp_mode": "catmullrom"
						}
					}
				},
				"hand_left": {
					"rotation": {
						"0.0": {
							"post": [0, 0, 0],
							"lerp_mode": "catmullrom"
						},
						"0.4583": {
							"post": [0, 0, 0],
							"lerp_mode": "catmullrom"
						},
						"0.625": {
							"post": [-50, 0, -50],
							"lerp_mode": "catmullrom"
						},
						"1.8333": {
							"post": [-50, 0, -50],
							"lerp_mode": "catmullrom"
						},
						"2.0417": {
							"post": [0, 0, 0],
							"lerp_mode": "catmullrom"
						}
					}
				}
			},
			"sound_effects": {
				"0.2917": {
					"effect": "pokemon.floragato.cry"
				}
			}
		},
		"animation.floragato.battle_cry": {
			"animation_length": 2.5,
			"bones": {
				"torso_top": {
					"rotation": {
						"0.0": [0, 0, 0],
						"0.375": [4, 0, 0],
						"0.6667": [-2.5, 0, 0],
						"2.125": [0, 0, 0]
					},
					"position": {
						"0.0": [0, 0, 0],
						"0.375": [0, -0.2, 0],
						"0.6667": [0, 0, 0],
						"2.125": [0, 0, 0]
					}
				},
				"head": {
					"rotation": {
						"0.0": {
							"post": [0, 0, 0],
							"lerp_mode": "catmullrom"
						},
						"0.375": {
							"post": [1, 0, 0],
							"lerp_mode": "catmullrom"
						},
						"0.5417": {
							"post": [-10, 0, 0],
							"lerp_mode": "catmullrom"
						},
						"1.0417": {
							"post": [-1.44, 0, 0],
							"lerp_mode": "catmullrom"
						},
						"1.2917": {
							"post": [0, 0, 0],
							"lerp_mode": "catmullrom"
						},
						"2.125": {
							"post": [0, 0, 0],
							"lerp_mode": "catmullrom"
						}
					}
				},
				"mouth": {
					"rotation": {
						"0.1667": {
							"pre": [0, 0, 0],
							"post": [0, 0, 0],
							"lerp_mode": "catmullrom"
						},
						"0.2917": {
							"post": [40, 0, 0],
							"lerp_mode": "catmullrom"
						},
						"0.5": {
							"post": [35, 0, 0],
							"lerp_mode": "catmullrom"
						},
						"0.75": {
							"post": [55, 0, 0],
							"lerp_mode": "catmullrom"
						},
						"1.2083": [0, 0, 0]
					},
					"position": {
						"0.1667": {
							"pre": [0, 0, 0.5],
							"post": [0, 0, 0.5],
							"lerp_mode": "catmullrom"
						},
						"0.2917": {
							"post": [0, 0, 0],
							"lerp_mode": "catmullrom"
						},
						"0.5": {
							"post": [0, 0, 0],
							"lerp_mode": "catmullrom"
						},
						"0.8333": {
							"post": [0, 0, -0.2],
							"lerp_mode": "catmullrom"
						},
						"1.2083": [0, 0, 0.5]
					}
				},
				"ear_right": {
					"rotation": {
						"0.1667": {
							"pre": [0, 0, 0],
							"post": [0, 0, 0],
							"lerp_mode": "catmullrom"
						},
						"0.375": {
							"post": [-2.5, 0, 0],
							"lerp_mode": "catmullrom"
						},
						"0.5417": {
							"post": [20, 0, 0],
							"lerp_mode": "catmullrom"
						},
						"0.75": {
							"post": [-7.5, 0, 0],
							"lerp_mode": "catmullrom"
						},
						"0.9167": {
							"post": [0, 0, 2.2],
							"lerp_mode": "catmullrom"
						},
						"1.0": {
							"post": [0, 0, -6.5],
							"lerp_mode": "catmullrom"
						},
						"1.0833": {
							"post": [0, 0, 4.7],
							"lerp_mode": "catmullrom"
						},
						"1.1667": {
							"post": [0, 0, -4],
							"lerp_mode": "catmullrom"
						},
						"1.2917": {
							"post": [0, 0, 2.2],
							"lerp_mode": "catmullrom"
						},
						"1.625": {
							"post": [0, 0, 0],
							"lerp_mode": "catmullrom"
						},
						"1.7917": {
							"post": [0, 0, 0],
							"lerp_mode": "catmullrom"
						}
					}
				},
				"ear_left": {
					"rotation": {
						"0.1667": {
							"pre": [0, 0, 0],
							"post": [0, 0, 0],
							"lerp_mode": "catmullrom"
						},
						"0.375": {
							"post": [-2.5, 0, 0],
							"lerp_mode": "catmullrom"
						},
						"0.5417": {
							"post": [20, 0, 0],
							"lerp_mode": "catmullrom"
						},
						"0.75": {
							"post": [-7.5, 0, 0],
							"lerp_mode": "catmullrom"
						},
						"0.9167": {
							"post": [0, 0, -2.2],
							"lerp_mode": "catmullrom"
						},
						"1.0": {
							"post": [0, 0, 6.5],
							"lerp_mode": "catmullrom"
						},
						"1.0833": {
							"post": [0, 0, -4.7],
							"lerp_mode": "catmullrom"
						},
						"1.1667": {
							"post": [0, 0, 4],
							"lerp_mode": "catmullrom"
						},
						"1.2917": {
							"post": [0, 0, -2.2],
							"lerp_mode": "catmullrom"
						},
						"1.625": {
							"post": [0, 0, 0],
							"lerp_mode": "catmullrom"
						},
						"1.7917": {
							"post": [0, 0, 0],
							"lerp_mode": "catmullrom"
						}
					}
				},
				"arm_left": {
					"rotation": {
						"0.0": {
							"post": [0, 0, 0],
							"lerp_mode": "catmullrom"
						},
						"0.2083": {
							"post": [0, 0, 0],
							"lerp_mode": "catmullrom"
						},
						"0.4167": {
							"post": [-14.72075, -9.15956, -31.12171],
							"lerp_mode": "catmullrom"
						},
						"0.75": {
							"post": [-22.81179, -9.23186, -21.13968],
							"lerp_mode": "catmullrom"
						},
						"0.9583": {
							"post": [-22.81, -9.23, -24.14],
							"lerp_mode": "catmullrom"
						},
						"1.7917": {
							"post": [-22.81, -9.23, -24.14],
							"lerp_mode": "catmullrom"
						},
						"2.125": {
							"post": [0, 0, 0],
							"lerp_mode": "catmullrom"
						}
					}
				},
				"forearm_left": {
					"rotation": {
						"0.0": {
							"post": [0, 0, 0],
							"lerp_mode": "catmullrom"
						},
						"0.2083": {
							"post": [0, 0, 0],
							"lerp_mode": "catmullrom"
						},
						"0.4583": {
							"post": [63.33, -16.19, 33.41],
							"lerp_mode": "catmullrom"
						},
						"0.5833": {
							"post": [90, -23, 74],
							"lerp_mode": "catmullrom"
						},
						"0.75": {
							"post": [90, -23, 76],
							"lerp_mode": "catmullrom"
						},
						"1.7917": {
							"post": [90, -23, 76],
							"lerp_mode": "catmullrom"
						},
						"2.125": {
							"post": [0, 0, 0],
							"lerp_mode": "catmullrom"
						}
					},
					"position": {
						"0.0": {
							"post": [0, 0, 0],
							"lerp_mode": "catmullrom"
						},
						"0.2083": {
							"post": [0, 0, 0],
							"lerp_mode": "catmullrom"
						},
						"0.5833": {
							"post": [0.8, 1, -1.1],
							"lerp_mode": "catmullrom"
						},
						"1.7917": {
							"post": [0.8, 1, -1.1],
							"lerp_mode": "catmullrom"
						},
						"2.125": {
							"post": [0, 0, 0],
							"lerp_mode": "catmullrom"
						}
					}
				},
				"finger_left_index": {
					"rotation": {
						"0.5": {
							"pre": [0, 0, 0],
							"post": [0, 0, 0],
							"lerp_mode": "catmullrom"
						},
						"0.6667": {
							"post": [0, 0, -7.5],
							"lerp_mode": "catmullrom"
						},
						"1.8333": {
							"post": [0, 0, -7.5],
							"lerp_mode": "catmullrom"
						},
						"2.0": {
							"post": [0, 0, 0],
							"lerp_mode": "catmullrom"
						}
					}
				},
				"finger_left_middle": {
					"rotation": {
						"0.5": {
							"pre": [0, 0, 0],
							"post": [0, 0, 0],
							"lerp_mode": "catmullrom"
						},
						"0.6667": {
							"post": [-0.32902, -7.49282, 15.02154],
							"lerp_mode": "catmullrom"
						},
						"1.8333": {
							"post": [-0.32902, -7.49282, 15.02154],
							"lerp_mode": "catmullrom"
						},
						"2.0": {
							"post": [0, 0, 0],
							"lerp_mode": "catmullrom"
						}
					},
					"position": {
						"0.5": {
							"pre": [0, 0, 0],
							"post": [0, 0, 0],
							"lerp_mode": "catmullrom"
						},
						"0.6667": {
							"post": [0.6, -0.3, 0],
							"lerp_mode": "catmullrom"
						},
						"1.8333": {
							"post": [0.6, -0.3, 0],
							"lerp_mode": "catmullrom"
						},
						"2.0": {
							"post": [0, 0, 0],
							"lerp_mode": "catmullrom"
						}
					}
				},
				"finger_left_ring": {
					"rotation": {
						"0.5": {
							"pre": [0, 0, 0],
							"post": [0, 0, 0],
							"lerp_mode": "catmullrom"
						},
						"0.6667": {
							"post": [0, -17.5, 0],
							"lerp_mode": "catmullrom"
						},
						"1.8333": {
							"post": [0, -17.5, 0],
							"lerp_mode": "catmullrom"
						},
						"2.0": {
							"post": [0, 0, 0],
							"lerp_mode": "catmullrom"
						}
					}
				},
				"tail": {
					"rotation": {
						"0.75": {
							"pre": [0, 0, 0],
							"post": [0, 0, 0],
							"lerp_mode": "catmullrom"
						},
						"0.9167": {
							"post": [0, 7, 0],
							"lerp_mode": "catmullrom"
						},
						"1.0": {
							"post": [0, -7.5, 0],
							"lerp_mode": "catmullrom"
						},
						"1.0833": {
							"post": [0, 2.5, 0],
							"lerp_mode": "catmullrom"
						},
						"1.1667": {
							"post": [0, -10.5, 0],
							"lerp_mode": "catmullrom"
						},
						"1.2917": {
							"post": [0, 2.5, 0],
							"lerp_mode": "catmullrom"
						},
						"1.75": {
							"post": [0, 0, 0],
							"lerp_mode": "catmullrom"
						}
					}
				},
				"hand_left": {
					"rotation": {
						"0.0": {
							"post": [0, 0, 0],
							"lerp_mode": "catmullrom"
						},
						"0.4583": {
							"post": [0, 0, 0],
							"lerp_mode": "catmullrom"
						},
						"0.625": {
							"post": [-50, 0, -50],
							"lerp_mode": "catmullrom"
						},
						"1.8333": {
							"post": [-50, 0, -50],
							"lerp_mode": "catmullrom"
						},
						"2.0417": {
							"post": [0, 0, 0],
							"lerp_mode": "catmullrom"
						}
					}
				},
				"flower": {
					"position": {
						"0.0": {
							"post": [0, 0, 0],
							"lerp_mode": "catmullrom"
						},
						"0.2083": {
							"post": [0, -1.3, 0],
							"lerp_mode": "catmullrom"
						},
						"0.4583": {
							"post": [0, -0.9, 0],
							"lerp_mode": "catmullrom"
						},
						"0.875": {
							"post": [0, 7.64, 0],
							"lerp_mode": "catmullrom"
						},
						"1.3333": {
							"post": [0, -0.1, 0],
							"lerp_mode": "catmullrom"
						},
						"2.125": {
							"post": [0, 0, 0],
							"lerp_mode": "catmullrom"
						}
					}
				},
				"flower_bud": {
					"position": {
						"0.0": {
							"post": [0, 0, 0],
							"lerp_mode": "catmullrom"
						},
						"1.0417": {
							"post": [0, 0, -0.5],
							"lerp_mode": "catmullrom"
						},
						"1.5417": {
							"post": [0, 0, -0.4],
							"lerp_mode": "catmullrom"
						},
						"2.125": {
							"post": [0, 0, 0],
							"lerp_mode": "catmullrom"
						}
					}
				},
				"vine1": {
					"rotation": {
						"0.0": [0, 0, 0],
						"0.4167": {
							"pre": [0, 0, 8.6],
							"post": [0, 0, 8.6],
							"lerp_mode": "catmullrom"
						},
						"0.625": {
							"post": [0, -3.4, -22.51],
							"lerp_mode": "catmullrom"
						},
						"0.75": {
							"post": [0, -2.93, -43.25],
							"lerp_mode": "catmullrom"
						},
						"0.9167": {
							"post": [0, -1, -47.6],
							"lerp_mode": "catmullrom"
						},
						"1.1667": {
							"post": [0, -0.18, -16.89],
							"lerp_mode": "catmullrom"
						},
						"1.375": {
							"post": [0, 0.59, 0.09],
							"lerp_mode": "catmullrom"
						},
						"1.7083": {
							"post": [0, -2.21, 3.42],
							"lerp_mode": "catmullrom"
						},
						"2.125": {
							"post": [0, 0, 0],
							"lerp_mode": "catmullrom"
						}
					},
					"scale": {
						"0.4167": {
							"pre": [1, 1, 1],
							"post": [1, 1, 1],
							"lerp_mode": "catmullrom"
						},
						"0.875": {
							"post": [1.2, 0.8, 1],
							"lerp_mode": "catmullrom"
						},
						"1.7083": [1, 1, 1]
					}
				},
				"vine2": {
					"rotation": {
						"0.0": {
							"post": [0, 0, 0],
							"lerp_mode": "catmullrom"
						},
						"0.2083": {
							"post": [0, -1.44, -6.6],
							"lerp_mode": "catmullrom"
						},
						"0.4167": {
							"post": [0, -2.6, -18.1],
							"lerp_mode": "catmullrom"
						},
						"0.6667": {
							"post": [0, 2.3, -4.31],
							"lerp_mode": "catmullrom"
						},
						"0.9167": {
							"post": [0, 9.26, 25.9],
							"lerp_mode": "catmullrom"
						},
						"1.375": {
							"post": [0, 14.98, -71.87],
							"lerp_mode": "catmullrom"
						},
						"1.7083": [0, 10.12, -65.02],
						"1.7917": [0, 8.26, -54.9],
						"1.9167": [0, -2.84, -22.68],
						"2.0": [0, -5.8, -4.91],
						"2.125": [0, 0, 0]
					},
					"scale": {
						"0.2083": {
							"pre": [1, 1, 1],
							"post": [1, 1, 1],
							"lerp_mode": "catmullrom"
						},
						"0.4167": {
							"post": [1.1, 0.9, 1],
							"lerp_mode": "catmullrom"
						},
						"0.6667": {
							"post": [0.6, 1.7, 1],
							"lerp_mode": "catmullrom"
						},
						"0.7917": {
							"post": [0.6825, 1.6188, 1],
							"lerp_mode": "catmullrom"
						},
						"0.9167": {
							"post": [0.74, 1.4, 1],
							"lerp_mode": "catmullrom"
						},
						"1.1667": {
							"post": [0.598, 1.2342, 1],
							"lerp_mode": "catmullrom"
						},
						"1.375": {
							"post": [1, 1.1, 1],
							"lerp_mode": "catmullrom"
						},
						"1.7083": {
							"post": [1, 0.9, 1],
							"lerp_mode": "catmullrom"
						},
						"1.9167": {
							"post": [0.8, 0.9375, 1],
							"lerp_mode": "catmullrom"
						},
						"2.125": [1, 1, 1]
					}
				}
			},
			"sound_effects": {
				"0.2917": {
					"effect": "pokemon.floragato.cry"
				}
			}
		},
		"animation.floragato.alt_cry": {
			"animation_length": 1.25,
			"bones": {
				"head": {
					"rotation": {
						"0.0": {
							"post": [0, 0, 0],
							"lerp_mode": "catmullrom"
						},
						"0.125": {
							"post": [7.52832, -4.95712, -0.65426],
							"lerp_mode": "catmullrom"
						},
						"0.25": {
							"post": [10.07564, -7.41875, -1.09314],
							"lerp_mode": "catmullrom"
						},
						"0.375": {
							"post": [-10, 0, 0],
							"lerp_mode": "catmullrom"
						},
						"0.6667": {
							"post": [-10.33, 0, 0],
							"lerp_mode": "catmullrom"
						},
						"1.0": {
							"post": [0, 0, 0],
							"lerp_mode": "catmullrom"
						}
					}
				},
				"mouth": {
					"rotation": {
						"0.0417": {
							"pre": [0, 0, 0],
							"post": [0, 0, 0],
							"lerp_mode": "catmullrom"
						},
						"0.1667": {
							"post": [40, 0, 0],
							"lerp_mode": "catmullrom"
						},
						"0.375": {
							"post": [35, 0, 0],
							"lerp_mode": "catmullrom"
						},
						"0.625": {
							"post": [55, 0, 0],
							"lerp_mode": "catmullrom"
						},
						"1.0833": [0, 0, 0]
					},
					"position": {
						"0.0417": {
							"pre": [0, 0, 0.5],
							"post": [0, 0, 0.5],
							"lerp_mode": "catmullrom"
						},
						"0.1667": {
							"post": [0, 0, 0],
							"lerp_mode": "catmullrom"
						},
						"0.375": {
							"post": [0, 0, 0],
							"lerp_mode": "catmullrom"
						},
						"0.7083": {
							"post": [0, 0, -0.2],
							"lerp_mode": "catmullrom"
						},
						"1.0833": [0, 0, 0.5]
					}
				},
				"whisker_right_top": {
					"rotation": {
						"0.0": {
							"post": [0, 0, 0],
							"lerp_mode": "catmullrom"
						},
						"0.1667": {
							"post": [0, 7.5, 0],
							"lerp_mode": "catmullrom"
						},
						"0.4167": {
							"post": [0, -14.5, 0],
							"lerp_mode": "catmullrom"
						},
						"0.625": {
							"post": [0, 7.5, 0],
							"lerp_mode": "catmullrom"
						},
						"1.0833": {
							"post": [0, 0, 0],
							"lerp_mode": "catmullrom"
						}
					}
				},
				"whisker_bottom_right": {
					"rotation": {
						"0.0": {
							"post": [0, 0, 0],
							"lerp_mode": "catmullrom"
						},
						"0.1667": {
							"post": [0, 7.5, 0],
							"lerp_mode": "catmullrom"
						},
						"0.4167": {
							"post": [0, -14.5, 0],
							"lerp_mode": "catmullrom"
						},
						"0.625": {
							"post": [0, 7.5, 0],
							"lerp_mode": "catmullrom"
						},
						"1.0833": {
							"post": [0, 0, 0],
							"lerp_mode": "catmullrom"
						}
					}
				},
				"whisker_left_top": {
					"rotation": {
						"0.0": {
							"post": [0, 0, 0],
							"lerp_mode": "catmullrom"
						},
						"0.1667": {
							"post": [0, -7.5, 0],
							"lerp_mode": "catmullrom"
						},
						"0.4167": {
							"post": [0, 14.5, 0],
							"lerp_mode": "catmullrom"
						},
						"0.625": {
							"post": [0, -7.5, 0],
							"lerp_mode": "catmullrom"
						},
						"1.0833": {
							"post": [0, 0, 0],
							"lerp_mode": "catmullrom"
						}
					}
				},
				"whisker_bottom_left": {
					"rotation": {
						"0.0": {
							"post": [0, 0, 0],
							"lerp_mode": "catmullrom"
						},
						"0.1667": {
							"post": [0, -7.5, 0],
							"lerp_mode": "catmullrom"
						},
						"0.4167": {
							"post": [0, 14.5, 0],
							"lerp_mode": "catmullrom"
						},
						"0.625": {
							"post": [0, -7.5, 0],
							"lerp_mode": "catmullrom"
						},
						"1.0833": {
							"post": [0, 0, 0],
							"lerp_mode": "catmullrom"
						}
					}
				},
				"ear_right": {
					"rotation": {
						"0.0": {
							"post": [0, 0, 0],
							"lerp_mode": "catmullrom"
						},
						"0.1667": {
							"post": [12.5, 0, 7],
							"lerp_mode": "catmullrom"
						},
						"0.375": {
							"post": [15, 0, 0],
							"lerp_mode": "catmullrom"
						},
						"0.5417": {
							"post": [-10.1673, -9.96995, -13.45478],
							"lerp_mode": "catmullrom"
						},
						"0.8333": {
							"post": [-1.36, -1.18, -1.6],
							"lerp_mode": "catmullrom"
						},
						"1.0833": {
							"post": [0, 0, 0],
							"lerp_mode": "catmullrom"
						}
					}
				},
				"ear_left": {
					"rotation": {
						"0.0": {
							"post": [0, 0, 0],
							"lerp_mode": "catmullrom"
						},
						"0.1667": {
							"post": [12.5, 0, -15],
							"lerp_mode": "catmullrom"
						},
						"0.375": {
							"post": [15, 0, 0],
							"lerp_mode": "catmullrom"
						},
						"0.5417": {
							"post": [-10.1673, 9.96995, -7],
							"lerp_mode": "catmullrom"
						},
						"1.0833": {
							"post": [0, 0, 0],
							"lerp_mode": "catmullrom"
						}
					}
				},
				"arm_left": {
					"rotation": {
						"0.0": {
							"post": [0, 0, 0],
							"lerp_mode": "catmullrom"
						},
						"0.25": {
							"post": [20, 20, -10],
							"lerp_mode": "catmullrom"
						},
						"0.375": {
							"post": [11.25, 0, -37.94],
							"lerp_mode": "catmullrom"
						},
						"0.625": {
							"post": [0, -20, -44],
							"lerp_mode": "catmullrom"
						},
						"0.9583": {
							"post": [-0.51, -8.06, -6],
							"lerp_mode": "catmullrom"
						},
						"1.1667": [0, 0, 0]
					}
				},
				"forearm_left": {
					"rotation": {
						"0.0": {
							"post": [0, 0, 0],
							"lerp_mode": "catmullrom"
						},
						"0.25": {
							"post": [0, 17.5, 0],
							"lerp_mode": "catmullrom"
						},
						"0.5417": {
							"post": [0, -10, -20],
							"lerp_mode": "catmullrom"
						},
						"1.0": [0, 0, 0]
					}
				},
				"finger_left_index": {
					"rotation": {
						"0.25": {
							"pre": [0, 0, 0],
							"post": [0, 0, 0],
							"lerp_mode": "catmullrom"
						},
						"0.5833": {
							"post": [20, 10, 0],
							"lerp_mode": "catmullrom"
						},
						"1.0833": {
							"post": [0, 0, 0],
							"lerp_mode": "catmullrom"
						}
					}
				},
				"finger_left_ring": {
					"rotation": {
						"0.25": {
							"pre": [0, 0, 0],
							"post": [0, 0, 0],
							"lerp_mode": "catmullrom"
						},
						"0.5833": {
							"post": [-20, -15, 0],
							"lerp_mode": "catmullrom"
						},
						"1.0833": {
							"post": [0, 0, 0],
							"lerp_mode": "catmullrom"
						}
					}
				},
				"hand_left": {
					"rotation": {
						"0.0": {
							"post": [0, 0, 0],
							"lerp_mode": "catmullrom"
						},
						"0.25": {
							"post": [3.23878, 19.38153, 4.81286],
							"lerp_mode": "catmullrom"
						},
						"0.5417": {
							"post": [0, 0, -47.5],
							"lerp_mode": "catmullrom"
						},
						"1.0417": [0, 0, 0]
					}
				}
			},
			"sound_effects": {
				"0.1667": {
					"effect": "pokemon.floragato.cry"
				}
			}
		},
		"animation.floragato.faint_wip": {
			"loop": true
		},
		"animation.floragato.blink": {
			"animation_length": 0.1667,
			"bones": {
				"eyelid_left": {
					"position": {
						"0.0": [0.1, 0, -0.1],
						"0.12": [0.1, 0, -0.1],
						"0.16": [0, 0, 0]
					}
				},
				"eyelid_right": {
					"position": {
						"0.0": [-0.1, 0, -0.1],
						"0.12": [-0.1, 0, -0.1],
						"0.16": [0, 0, 0]
					}
				}
			}
		}
	}
}