{
	"format_version": "1.12.0",
	"minecraft:geometry": [
		{
			"description": {
				"identifier": "geometry.cannoling",
				"texture_width": 64,
				"texture_height": 64,
				"visible_bounds_width": 3,
				"visible_bounds_height": 2.5,
				"visible_bounds_offset": [0, 0.75, 0]
			},
			"bones": [
				{
					"name": "cannoli",
					"pivot": [0, 0, 0],
					"cubes": [
						{"origin": [-3, 0, -3], "size": [6, 5, 6], "uv": [0, 12]},
						{"origin": [-3, 5, -3], "size": [6, 6, 6], "uv": [0, 0]}
					]
				},
				{
					"name": "body",
					"parent": "cannoli",
					"pivot": [0, 5, 0],
					"cubes": [
						{"origin": [-2, 5, -2], "size": [4, 6, 4], "uv": [20, 19]}
					]
				},
				{
					"name": "neck",
					"parent": "body",
					"pivot": [0, 11, 0],
					"cubes": [
						{"origin": [-2, 11, -2], "size": [4, 4, 4], "uv": [12, 29]}
					]
				},
				{
					"name": "head",
					"parent": "neck",
					"pivot": [0, 15.125, 0],
					"cubes": [
						{"origin": [-2.5, 17, -0.5], "size": [5, 5, 3], "uv": [0, 23]},
						{"origin": [-2.5, 15, -2.5], "size": [5, 2, 5], "uv": [19, 7]},
						{"origin": [2.51, 15.5, -0.5], "size": [0, 4, 3], "pivot": [2.6, 17.5, 1], "rotation": [-20, 0, 0], "uv": [6, 28]},
						{"origin": [-2.51, 15.5, -0.5], "size": [0, 4, 3], "pivot": [-2.6, 17.5, 1], "rotation": [-20, 0, 0], "uv": [0, 11]}
					]
				},
				{
					"name": "jaw",
					"parent": "head",
					"pivot": [0, 16.93333, -1.5],
					"cubes": [
						{"origin": [2.49, 16, -1.5], "size": [0, 3, 2], "uv": [0, 39]},
						{"origin": [-2.5, 17, -2.5], "size": [5, 4, 1], "uv": [18, 0]},
						{"origin": [-2.49, 16, -1.5], "size": [0, 3, 2], "uv": [0, 45]}
					]
				},
				{
					"name": "headfan",
					"parent": "head",
					"pivot": [0, 18.75, 2.5],
					"cubes": [
						{"origin": [0, 16, 2.5], "size": [0, 4, 5], "uv": [18, 9]}
					]
				},
				{
					"name": "eyeclosed_left",
					"parent": "head",
					"pivot": [1.505, 17.5, 1],
					"cubes": [
						{"origin": [1.505, 15.5, -0.5], "size": [0, 4, 2], "pivot": [1.6, 17.5, 1], "rotation": [-20, 0, 0], "uv": [25, 27]}
					]
				},
				{
					"name": "eyeclosed_right",
					"parent": "head",
					"pivot": [-1.505, 17.5, 1],
					"cubes": [
						{"origin": [-1.505, 15.5, -0.5], "size": [0, 4, 2], "pivot": [-1.6, 17.5, 1], "rotation": [-20, 0, 0], "uv": [0, 29]}
					]
				}
			]
		}
	]
}