{
	"format_version": "1.12.0",
	"minecraft:geometry": [
		{
			"description": {
				"identifier": "geometry.ectomancer",
				"texture_width": 256,
				"texture_height": 256,
				"visible_bounds_width": 6,
				"visible_bounds_height": 4.5,
				"visible_bounds_offset": [0, 1.75, 0]
			},
			"bones": [
				{
					"name": "ectomancer",
					"pivot": [0, 0, 0]
				},
				{
					"name": "body",
					"parent": "ectomancer",
					"pivot": [0, 0, 0]
				},
				{
					"name": "torso",
					"parent": "body",
					"pivot": [0, 5.25, 0],
					"cubes": [
						{"origin": [-1, 5.25, -1], "size": [2, 5, 2], "inflate": 0.01, "uv": [72, 130]}
					]
				},
				{
					"name": "upper_torso",
					"parent": "torso",
					"pivot": [0, 10.25, -1],
					"cubes": [
						{"origin": [-1.5, 10.25, -1.5], "size": [3, 5, 3], "uv": [60, 130]}
					]
				},
				{
					"name": "head",
					"parent": "upper_torso",
					"pivot": [0, 16.15, 0],
					"cubes": [
						{"origin": [-3.5, 15.15, -3], "size": [7, 6, 6], "inflate": 0.05, "uv": [30, 110]}
					]
				},
				{
					"name": "eyes",
					"parent": "head",
					"pivot": [-2.5, 16.75, -2]
				},
				{
					"name": "eye_left",
					"parent": "eyes",
					"pivot": [2.23953, 18.22721, -3],
					"cubes": [
						{"origin": [1.5, 16.75, -3.06], "size": [2, 3, 0], "pivot": [2.5, 16.75, -2.1], "rotation": [0, 0, -10], "uv": [100, 130]}
					]
				},
				{
					"name": "eye_right",
					"parent": "eyes",
					"pivot": [-2.23953, 18.22721, -3],
					"cubes": [
						{"origin": [-3.5, 16.75, -3.06], "size": [2, 3, 0], "pivot": [-2.5, 16.75, -2.1], "rotation": [0, 0, 10], "uv": [96, 130]}
					]
				},
				{
					"name": "mouth",
					"parent": "head",
					"pivot": [-0.5, 18.1, -3.1],
					"cubes": [
						{"origin": [-2.5, 14.35, -3.07], "size": [5, 5, 0], "pivot": [0, 16.85, -3.06], "rotation": [0, 0, 45], "uv": [117, 133]}
					]
				},
				{
					"name": "hat",
					"parent": "head",
					"pivot": [0, 20.65, -3.5],
					"rotation": [-7.5, 0, 0]
				},
				{
					"name": "hat1",
					"parent": "hat",
					"pivot": [-3.5, 22.65, -3.5],
					"rotation": [-0.01, 0, 0],
					"cubes": [
						{"origin": [-3.5, 22.65, -3.5], "size": [7, 6, 7], "uv": [52, 0]}
					]
				},
				{
					"name": "hat2",
					"parent": "hat1",
					"pivot": [2.5, 28.65, -2.5],
					"rotation": [0, 0, 0],
					"cubes": [
						{"origin": [-2.5, 28.65, -2.5], "size": [5, 6, 5], "uv": [120, 24]}
					]
				},
				{
					"name": "hat3",
					"parent": "hat2",
					"pivot": [-1.5, 34.65, -1.5],
					"rotation": [0, 0, 0],
					"cubes": [
						{"origin": [-1.5, 34.65, -1.5], "size": [3, 7, 3], "uv": [48, 130]}
					]
				},
				{
					"name": "hat4",
					"parent": "hat3",
					"pivot": [0.5, 41.65, -0.5],
					"rotation": [0, 0, 0],
					"cubes": [
						{"origin": [-0.5, 41.55, -0.5], "size": [1, 7, 1], "uv": [80, 130]}
					]
				},
				{
					"name": "brim",
					"parent": "hat",
					"pivot": [-12.5, 20.65, -0.5],
					"cubes": [
						{"origin": [-6.5, 20.64, -6.5], "size": [13, 2, 13], "uv": [0, 0]}
					]
				},
				{
					"name": "brim_left_upper",
					"parent": "brim",
					"pivot": [6.5, 20.65, -2],
					"rotation": [0, 22.5, 22.5],
					"cubes": [
						{"origin": [6.5, 16.65, -6], "size": [4, 4, 4], "uv": [46, 122]}
					]
				},
				{
					"name": "brim_left_upper2",
					"parent": "brim_left_upper",
					"pivot": [10.5, 20.65, -6],
					"rotation": [0, 90, -45],
					"cubes": [
						{"origin": [10.5, 16.65, -6], "size": [4, 4, 4], "uv": [120, 101]}
					]
				},
				{
					"name": "brim_left_middle",
					"parent": "brim",
					"pivot": [6.5, 20.65, 2],
					"rotation": [0, 0, -22.5],
					"cubes": [
						{"origin": [6.5, 16.65, -2], "size": [4, 4, 4], "uv": [120, 101]}
					]
				},
				{
					"name": "brim_left_middle2",
					"parent": "brim_left_middle",
					"pivot": [10.5, 20.65, 0],
					"rotation": [0, -45, -45],
					"cubes": [
						{"origin": [10.5, 16.65, -4], "size": [4, 4, 4], "uv": [120, 101]}
					]
				},
				{
					"name": "brim_left_lower",
					"parent": "brim",
					"pivot": [6.5, 20.65, 2],
					"rotation": [0, -22.5, 22.5],
					"cubes": [
						{"origin": [6.5, 16.65, 2], "size": [4, 4, 4], "uv": [120, 101]}
					]
				},
				{
					"name": "brim_left_lower2",
					"parent": "brim_left_lower",
					"pivot": [10.5, 20.65, 6],
					"rotation": [0, -90, -45],
					"cubes": [
						{"origin": [10.5, 16.65, 2], "size": [4, 4, 4], "uv": [120, 101]}
					]
				},
				{
					"name": "brim_right_upper",
					"parent": "brim",
					"pivot": [-6.5, 20.65, -2],
					"rotation": [0, -22.5, -22.5],
					"cubes": [
						{"origin": [-10.5, 16.65, -6], "size": [4, 4, 4], "uv": [120, 101]}
					]
				},
				{
					"name": "brim_right_upper2",
					"parent": "brim_right_upper",
					"pivot": [-10.5, 20.65, -6],
					"rotation": [0, -90, 45],
					"cubes": [
						{"origin": [-14.5, 16.65, -6], "size": [4, 4, 4], "uv": [120, 101]}
					]
				},
				{
					"name": "brim_right_lower",
					"parent": "brim",
					"pivot": [-6.5, 20.65, 2],
					"rotation": [0, 22.5, -22.5],
					"cubes": [
						{"origin": [-10.5, 16.65, 2], "size": [4, 4, 4], "uv": [120, 101]}
					]
				},
				{
					"name": "brim_right_lower2",
					"parent": "brim_right_lower",
					"pivot": [-10.5, 20.65, 6],
					"rotation": [0, 90, 45],
					"cubes": [
						{"origin": [-14.5, 16.65, 2], "size": [4, 4, 4], "uv": [120, 101]}
					]
				},
				{
					"name": "brim_right_middle",
					"parent": "brim",
					"pivot": [-6.5, 20.65, -2],
					"rotation": [0, 0, 22.5],
					"cubes": [
						{"origin": [-10.5, 16.65, -2], "size": [4, 4, 4], "uv": [120, 101]}
					]
				},
				{
					"name": "brim_right_middle2",
					"parent": "brim_right_middle",
					"pivot": [-10.5, 20.65, 0],
					"rotation": [0, 45, 45],
					"cubes": [
						{"origin": [-14.5, 16.65, -4], "size": [4, 4, 4], "uv": [120, 101]}
					]
				},
				{
					"name": "arms",
					"parent": "upper_torso",
					"pivot": [8.5, 11.25, -0.5]
				},
				{
					"name": "arm_right",
					"parent": "arms",
					"pivot": [-1.5, 13.25, 0],
					"rotation": [0, 0, -82.5],
					"cubes": [
						{"origin": [-2.5, 13.25, -1], "size": [1, 0, 1], "uv": [56, 14]}
					]
				},
				{
					"name": "arm_right2",
					"parent": "arm_right",
					"pivot": [-2.5, 13.25, 0],
					"rotation": [0, 0, 42.5],
					"cubes": [
						{"origin": [-4.5, 13.25, -1.5], "size": [2, 0, 2], "inflate": 0.01, "uv": [16, 128]}
					]
				},
				{
					"name": "arm_right3",
					"parent": "arm_right2",
					"pivot": [-4.5, 13.25, 0.5],
					"rotation": [0, 0, 25],
					"cubes": [
						{"origin": [-7.5, 13.25, -2], "size": [3, 0, 3], "inflate": 0.02, "uv": [128, 117]}
					]
				},
				{
					"name": "arm_right4",
					"parent": "arm_right3",
					"pivot": [-7.5, 13.25, 1],
					"rotation": [0, 0, 50],
					"cubes": [
						{"origin": [-11.5, 13.25, -2.5], "size": [4, 0, 4], "inflate": 0.03, "uv": [15, 115]}
					]
				},
				{
					"name": "arm_left",
					"parent": "arms",
					"pivot": [1.5, 13.25, 0],
					"rotation": [0, 0, 82.5],
					"cubes": [
						{"origin": [1.5, 13.25, -1], "size": [1, 0, 1], "uv": [52, 14]}
					]
				},
				{
					"name": "arm_left2",
					"parent": "arm_left",
					"pivot": [2.5, 13.25, 0],
					"rotation": [0, 0, -42.5],
					"cubes": [
						{"origin": [2.5, 13.25, -1.5], "size": [2, 0, 2], "inflate": 0.01, "uv": [110, 92]}
					]
				},
				{
					"name": "arm_left3",
					"parent": "arm_left2",
					"pivot": [4.5, 13.25, 0.5],
					"rotation": [0, 0, -25],
					"cubes": [
						{"origin": [4.5, 13.25, -2], "size": [3, 0, 3], "inflate": 0.02, "uv": [16, 125]}
					]
				},
				{
					"name": "arm_left4",
					"parent": "arm_left3",
					"pivot": [7.5, 13.25, 1],
					"rotation": [0, 0, -50],
					"cubes": [
						{"origin": [7.5, 13.25, -2.5], "size": [4, 0, 4], "inflate": 0.03, "uv": [15, 120]}
					]
				},
				{
					"name": "appiritions",
					"parent": "body",
					"pivot": [0, 0, 0],
					"rotation": [0, 30, 0]
				},
				{
					"name": "appirition_right_lower",
					"parent": "appiritions",
					"pivot": [0, 5.25, 0],
					"rotation": [0, 120, 0],
					"cubes": [
						{"origin": [-0.5, 5.094, -7.42376], "size": [1, 1, 8], "pivot": [0.5, 4.594, -3.42376], "rotation": [-145, 0, 0], "uv": [120, 35]}
					]
				},
				{
					"name": "appirition_right_lower2",
					"parent": "appirition_right_lower",
					"pivot": [0, 0.94818, -5.14364],
					"rotation": [-179.9916, -0.8962, 0.2707],
					"cubes": [
						{"origin": [-2, -2.05182, -5.14364], "size": [4, 4, 8], "uv": [56, 110]}
					]
				},
				{
					"name": "appirition_right_lower3",
					"parent": "appirition_right_lower2",
					"pivot": [0, 1.94818, 2.60636],
					"rotation": [-67.5, 0, 0],
					"cubes": [
						{"origin": [-3, -3.05182, 2.65636], "size": [6, 6, 9], "uv": [80, 80]}
					]
				},
				{
					"name": "appirition_right_lower4",
					"parent": "appirition_right_lower3",
					"pivot": [0, -3.05182, 11.60636],
					"rotation": [47.5, 0, 0],
					"cubes": [
						{"origin": [-4, -4.05182, 11.60636], "size": [8, 8, 12], "uv": [0, 15]}
					]
				},
				{
					"name": "appirition_right_lower5",
					"parent": "appirition_right_lower4",
					"pivot": [0, -4.05182, 23.60636],
					"rotation": [22.5, 0, 0],
					"cubes": [
						{"origin": [-5, -5.05182, 23.60636], "size": [10, 10, 10], "uv": [0, 35]}
					]
				},
				{
					"name": "appirition_right_middle",
					"parent": "appiritions",
					"pivot": [0, 5.25, 0],
					"rotation": [0, 60, 0],
					"cubes": [
						{"origin": [-0.5, 5.094, -7.42376], "size": [1, 1, 8], "pivot": [-0.5, 4.594, -3.42376], "rotation": [-145, 0, 0], "uv": [120, 35]}
					]
				},
				{
					"name": "appirition_right_middle2",
					"parent": "appirition_right_middle",
					"pivot": [0, 0.94818, -5.14364],
					"rotation": [-179.9916, -0.8962, 0.2707],
					"cubes": [
						{"origin": [-2, -2.05182, -5.14364], "size": [4, 4, 8], "uv": [56, 110]}
					]
				},
				{
					"name": "appirition_right_middle3",
					"parent": "appirition_right_middle2",
					"pivot": [0, 1.94818, 2.60636],
					"rotation": [-67.5, 0, 0],
					"cubes": [
						{"origin": [-3, -3.05182, 2.65636], "size": [6, 6, 9], "uv": [80, 80]}
					]
				},
				{
					"name": "appirition_right_middle4",
					"parent": "appirition_right_middle3",
					"pivot": [0, -3.05182, 11.60636],
					"rotation": [47.5, 0, 0],
					"cubes": [
						{"origin": [-4, -4.05182, 11.60636], "size": [8, 8, 12], "uv": [0, 15]}
					]
				},
				{
					"name": "appirition_right_middle5",
					"parent": "appirition_right_middle4",
					"pivot": [0, -4.05182, 23.60636],
					"rotation": [22.5, 0, 0],
					"cubes": [
						{"origin": [-5, -5.05182, 23.60636], "size": [10, 10, 10], "uv": [0, 35]}
					]
				},
				{
					"name": "appirition_left_lower",
					"parent": "appiritions",
					"pivot": [0, 5.25, 0],
					"rotation": [0, 180, 0],
					"cubes": [
						{"origin": [-0.5, 5.094, -7.42376], "size": [1, 1, 8], "pivot": [-0.5, 4.594, -3.42376], "rotation": [-145, 0, 0], "uv": [120, 35]}
					]
				},
				{
					"name": "appirition_left_lower2",
					"parent": "appirition_left_lower",
					"pivot": [0, 0.94818, -5.14364],
					"rotation": [-179.9916, -0.8962, 0.2707],
					"cubes": [
						{"origin": [-2, -2.05182, -5.14364], "size": [4, 4, 8], "uv": [56, 110]}
					]
				},
				{
					"name": "appirition_left_lower3",
					"parent": "appirition_left_lower2",
					"pivot": [0, 1.94818, 2.60636],
					"rotation": [-67.5, 0, 0],
					"cubes": [
						{"origin": [-3, -3.05182, 2.65636], "size": [6, 6, 9], "uv": [80, 80]}
					]
				},
				{
					"name": "appirition_left_lower4",
					"parent": "appirition_left_lower3",
					"pivot": [0, -3.05182, 11.60636],
					"rotation": [47.5, 0, 0],
					"cubes": [
						{"origin": [-4, -4.05182, 11.60636], "size": [8, 8, 12], "uv": [0, 15]}
					]
				},
				{
					"name": "appirition_left_lower5",
					"parent": "appirition_left_lower4",
					"pivot": [0, -4.05182, 23.60636],
					"rotation": [22.5, 0, 0],
					"cubes": [
						{"origin": [-5, -5.05182, 23.60636], "size": [10, 10, 10], "uv": [0, 35]}
					]
				},
				{
					"name": "appirition_left_middle",
					"parent": "appiritions",
					"pivot": [0, 5.25, 0],
					"rotation": [0, -120, 0],
					"cubes": [
						{"origin": [-0.5, 5.094, -7.42376], "size": [1, 1, 8], "pivot": [-0.5, 4.594, -3.42376], "rotation": [-145, 0, 0], "uv": [120, 35]}
					]
				},
				{
					"name": "appirition_left_middle2",
					"parent": "appirition_left_middle",
					"pivot": [0, 0.94818, -5.14364],
					"rotation": [-179.9916, -0.8962, 0.2707],
					"cubes": [
						{"origin": [-2, -2.05182, -5.14364], "size": [4, 4, 8], "uv": [56, 110]}
					]
				},
				{
					"name": "appirition_left_middle3",
					"parent": "appirition_left_middle2",
					"pivot": [0, 1.94818, 2.60636],
					"rotation": [-67.5, 0, 0],
					"cubes": [
						{"origin": [-3, -3.05182, 2.65636], "size": [6, 6, 9], "uv": [80, 80]}
					]
				},
				{
					"name": "appirition_left_middle4",
					"parent": "appirition_left_middle3",
					"pivot": [0, -3.05182, 11.60636],
					"rotation": [47.5, 0, 0],
					"cubes": [
						{"origin": [-4, -4.05182, 11.60636], "size": [8, 8, 12], "uv": [0, 15]}
					]
				},
				{
					"name": "appirition_left_middle5",
					"parent": "appirition_left_middle4",
					"pivot": [0, -4.05182, 23.60636],
					"rotation": [22.5, 0, 0],
					"cubes": [
						{"origin": [-5, -5.05182, 23.60636], "size": [10, 10, 10], "uv": [0, 35]}
					]
				},
				{
					"name": "appirition_right_upper",
					"parent": "appiritions",
					"pivot": [0, 5.25, 0],
					"cubes": [
						{"origin": [-0.5, 5.094, -7.42376], "size": [1, 1, 8], "pivot": [-0.5, 4.594, -3.42376], "rotation": [-145, 0, 0], "uv": [120, 35]}
					]
				},
				{
					"name": "appirition_right_upper2",
					"parent": "appirition_right_upper",
					"pivot": [0, 0.94818, -5.14364],
					"rotation": [-179.9916, -0.8962, 0.2707],
					"cubes": [
						{"origin": [-2, -2.05182, -5.14364], "size": [4, 4, 8], "uv": [56, 110]}
					]
				},
				{
					"name": "appirition_right_upper3",
					"parent": "appirition_right_upper2",
					"pivot": [0, 1.94818, 2.60636],
					"rotation": [-67.5, 0, 0],
					"cubes": [
						{"origin": [-3, -3.05182, 2.65636], "size": [6, 6, 9], "uv": [80, 80]}
					]
				},
				{
					"name": "appirition_right_upper4",
					"parent": "appirition_right_upper3",
					"pivot": [0, -3.05182, 11.60636],
					"rotation": [47.5, 0, 0],
					"cubes": [
						{"origin": [-4, -4.05182, 11.60636], "size": [8, 8, 12], "uv": [0, 15]}
					]
				},
				{
					"name": "appirition_right_upper5",
					"parent": "appirition_right_upper4",
					"pivot": [0, -4.05182, 23.60636],
					"rotation": [22.5, 0, 0],
					"cubes": [
						{"origin": [-5, -5.05182, 23.60636], "size": [10, 10, 10], "uv": [0, 35]}
					]
				},
				{
					"name": "appirition_left_upper",
					"parent": "appiritions",
					"pivot": [0, 5.25, 0],
					"rotation": [0, -60, 0],
					"cubes": [
						{"origin": [-0.5, 5.094, -7.42376], "size": [1, 1, 8], "pivot": [-0.5, 4.594, -3.42376], "rotation": [-145, 0, 0], "uv": [120, 35]}
					]
				},
				{
					"name": "appirition_left_upper2",
					"parent": "appirition_left_upper",
					"pivot": [0, 0.94818, -5.14364],
					"rotation": [-179.9916, -0.8962, 0.2707],
					"cubes": [
						{"origin": [-2, -2.05182, -5.14364], "size": [4, 4, 8], "uv": [56, 110]}
					]
				},
				{
					"name": "appirition_left_upper3",
					"parent": "appirition_left_upper2",
					"pivot": [0, 1.94818, 2.60636],
					"rotation": [-67.5, 0, 0],
					"cubes": [
						{"origin": [-3, -3.05182, 2.65636], "size": [6, 6, 9], "uv": [80, 80]}
					]
				},
				{
					"name": "appirition_left_upper4",
					"parent": "appirition_left_upper3",
					"pivot": [0, -3.05182, 11.60636],
					"rotation": [47.5, 0, 0],
					"cubes": [
						{"origin": [-4, -4.05182, 11.60636], "size": [8, 8, 12], "uv": [0, 15]}
					]
				},
				{
					"name": "appirition_left_upper5",
					"parent": "appirition_left_upper4",
					"pivot": [0, -4.05182, 23.60636],
					"rotation": [22.5, 0, 0],
					"cubes": [
						{"origin": [-5, -5.05182, 23.60636], "size": [10, 10, 10], "uv": [0, 35]}
					]
				}
			]
		}
	]
}