{
	"format_version": "1.8.0",
	"animations": {
		"animation.duskel.ground_idle": {
			"loop": true,
			"animation_length": 1.28,
			"bones": {
				"head": {
					"rotation": {
						"0.0": [0, 0, 0],
						"0.32": [5, 0, 0],
						"0.64": [0, 0, 0],
						"0.96": [-5, 0, 0],
						"1.28": [0, 0, 0]
					},
					"position": {
						"0.0": [0, 4, 0],
						"0.32": [0, 3, 0],
						"0.64": [0, 4, 0],
						"0.96": [0, 5, 0],
						"1.28": [0, 4, 0]
					}
				},
				"bone": {
					"rotation": {
						"0.0": [0, 0, 0],
						"0.32": [0, 12.5, 0],
						"0.64": [0, 0, 0],
						"0.96": [0, -12.5, 0],
						"1.28": [0, 0, 0]
					},
					"position": {
						"0.0": [0, 4, 0],
						"0.32": [0, 3, 0],
						"0.64": [0, 4, 0],
						"0.96": [0, 5, 0],
						"1.28": [0, 4, 0]
					}
				},
				"tail": {
					"rotation": {
						"0.0": [0, 0, 0],
						"0.32": [12.5, 0, 0],
						"0.64": [0, 0, 0],
						"0.96": [-12.5, 0, 0],
						"1.28": [0, 0, 0]
					}
				},
				"wing": {
					"rotation": {
						"0.0": [0, 0, 0],
						"0.32": [0, 57.5, 0],
						"0.64": [0, 0, 0],
						"0.96": [0, -57.5, 0],
						"1.28": [0, 0, 0]
					},
					"position": [-0.5, 0, 0]
				},
				"wing2": {
					"rotation": {
						"0.0": [0.5, 0, 0],
						"0.32": [0, -57.5, 0],
						"0.64": [0, 0, 0],
						"0.96": [0, 57.5, 0],
						"1.28": [0, 0, 0]
					},
					"position": [0.5, 0, 0]
				}
			}
		},
		"animation.duskel.ground_walk": {
			"loop": true,
			"animation_length": 1,
			"bones": {
				"head": {
					"rotation": {
						"0.0": [0, 0, 0],
						"0.24": [7.5, 0, 0],
						"0.48": [0, 0, 0],
						"0.76": [-7.5, 0, 0],
						"1.0": [0, 0, 0]
					},
					"position": [0, 2, 0]
				},
				"bone": {
					"rotation": {
						"0.0": [35, 0, 0],
						"0.24": [30, 0, 0],
						"0.48": [35, 0, 0],
						"0.76": [40, 0, 0],
						"1.0": [35, 0, 0]
					},
					"position": [0, 3, 0]
				},
				"tail": {
					"rotation": {
						"0.0": [25, 0, 0],
						"0.24": [23.66235, -8.31087, 18.25612],
						"0.48": [25, 0, 0],
						"0.76": [23.66235, 8.31087, -18.25612],
						"1.0": [25, 0, 0]
					}
				},
				"wing": {
					"rotation": {
						"0.0": [0, 0, 0],
						"0.24": [0, -35, 0],
						"0.48": [0, 0, 0],
						"0.76": [0, 35, 0],
						"1.0": [0, 0, 0]
					},
					"position": [-0.5, 0, 0]
				},
				"wing2": {
					"rotation": {
						"0.0": [0, 0, 0],
						"0.24": [0, 35, 0],
						"0.48": [0, 0, 0],
						"0.76": [0, -35, 0],
						"1.0": [0, 0, 0]
					},
					"position": [0.5, 0, 0]
				}
			}
		}
	}
}