{
	"format_version": "1.8.0",
	"animations": {
		"animation.victaxen.ground_idle": {
			"loop": true,
			"animation_length": 14,
			"bones": {
				"bone": {
					"rotation": {
						"0.0": [0, 0, 0],
						"1.0": [2.5, 0, 0],
						"2.0": [0, 0, 0],
						"3.0": [2.5, 0, 0],
						"4.0": [0, 0, 0],
						"5.0": [-2.5, 0, 0],
						"6.0": [2.5, 0, 0],
						"7.0": [0, 0, 0],
						"8.0": [2.5, 0, 0],
						"9.0": [0, 0, 0],
						"10.0": [-2.5, 0, 0],
						"11.0": [2.5, 0, 0],
						"12.0": [0, 0, 0],
						"13.0": [2.5, 0, 0],
						"14.0": [0, 0, 0]
					}
				},
				"head": {
					"rotation": {
						"0.0": [0, 0, 0],
						"1.0": [-5, 0, 0],
						"2.0": [0, 0, 0],
						"3.0": [-5, 0, 0],
						"4.0": [0, 0, 0],
						"5.0": [2.5, 0, 0],
						"6.0": [-5, 0, 0],
						"7.0": [0, 0, 0],
						"8.0": [-5, 0, 0],
						"9.0": [0, 0, 0],
						"10.0": [0, 0, 0],
						"11.0": [-5, 0, 0],
						"12.0": [0, 0, 0],
						"13.0": [-5, 0, 0],
						"14.0": [0, 0, 0]
					}
				},
				"ear": {
					"rotation": {
						"0.0": [0, 0, 0],
						"4.0": [0, 0, 0],
						"5.0": [-5, 0, 0],
						"6.0": [0, 0, 0],
						"10.0": [-7.5, 0, 0],
						"14.0": [0, 0, 0]
					}
				},
				"ear2": {
					"rotation": {
						"0.0": [0, 0, 0],
						"4.0": [0, 0, 0],
						"5.0": [-5, 0, 0],
						"6.0": [0, 0, 0],
						"10.0": [-7.5, 0, 0],
						"14.0": [0, 0, 0]
					}
				},
				"tail": {
					"rotation": {
						"0.0": [0, 0, 0],
						"1.0": [0, -7.5, 0],
						"2.0": [0, 0, 0],
						"3.0": [0, 7.5, 0],
						"4.0": [0, 0, 0],
						"5.0": [0, 0, 0],
						"6.0": [0, -7.5, 0],
						"7.0": [0, 0, 0],
						"8.0": [0, 7.5, 0],
						"9.0": [0, 0, 0],
						"10.0": [0, 0, 0],
						"11.0": [0, -7.5, 0],
						"12.0": [0, 0, 0],
						"13.0": [0, 7.5, 0],
						"14.0": [0, 0, 0]
					}
				}
			}
		},
		"animation.victaxen.ground_walk": {
			"loop": true,
			"animation_length": 0.76,
			"bones": {
				"victaxen": {
					"rotation": {
						"0.0": [2.5, 0, 0],
						"0.28": [-2.5, 0, 0],
						"0.76": [2.5, 0, 0]
					}
				},
				"body": {
					"rotation": {
						"0.0": [0, 0, 0],
						"0.28": [-5, 0, 0],
						"0.52": [22.5, 0, 0],
						"0.76": [0, 0, 0]
					},
					"position": {
						"0.0": [0, -1, 0],
						"0.28": [0, 1, -1],
						"0.52": [0, 1, -1],
						"0.76": [0, -1, 0]
					}
				},
				"bone": {
					"rotation": {
						"0.0": [-7.5, 0, 0],
						"0.28": [-7.5, 0, 0],
						"0.76": [-7.5, 0, 0]
					}
				},
				"leg": {
					"rotation": {
						"0.0": [-22.5, 0, 0],
						"0.28": [-45, 0, 0],
						"0.76": [-22.5, 0, 0]
					}
				},
				"bone2": {
					"rotation": {
						"0.0": [0, 0, 0],
						"0.28": [0, 0, 0],
						"0.52": [22.5, 0, 0],
						"0.76": [0, 0, 0]
					},
					"position": {
						"0.0": [0, 0, 0],
						"0.28": [0, 0, 0],
						"0.52": [0, 1.1, -0.2],
						"0.76": [0, 0, 0]
					}
				},
				"leg2": {
					"rotation": {
						"0.0": [-22.5, 0, 0],
						"0.28": [-45, 0, 0],
						"0.76": [-22.5, 0, 0]
					}
				},
				"bone3": {
					"rotation": {
						"0.0": [0, 0, 0],
						"0.28": [0, 0, 0],
						"0.52": [22.5, 0, 0],
						"0.76": [0, 0, 0]
					},
					"position": {
						"0.0": [0, 0, 0],
						"0.28": [0, 0, 0],
						"0.52": [0, 1.1, -0.2],
						"0.76": [0, 0, 0]
					}
				},
				"leg3": {
					"rotation": {
						"0.0": [22.5, 0, 0],
						"0.28": [45, 0, 0],
						"0.76": [22.5, 0, 0]
					}
				},
				"bone4": {
					"rotation": {
						"0.0": [0, 0, 0],
						"0.28": [0, 0, 0],
						"0.52": [12.5, 0, 0],
						"0.76": [0, 0, 0]
					},
					"position": {
						"0.0": [0, 0, 0],
						"0.28": [0, 0, 0],
						"0.52": [0, 1, 0],
						"0.76": [0, 0, 0]
					}
				},
				"leg4": {
					"rotation": {
						"0.0": [22.5, 0, 0],
						"0.28": [45, 0, 0],
						"0.76": [22.5, 0, 0]
					}
				},
				"bone5": {
					"rotation": {
						"0.0": [0, 0, 0],
						"0.28": [0, 0, 0],
						"0.52": [12.5, 0, 0],
						"0.76": [0, 0, 0]
					},
					"position": {
						"0.0": [0, 0, 0],
						"0.28": [0, 0, 0],
						"0.52": [0, 1, 0],
						"0.76": [0, 0, 0]
					}
				}
			}
		}
	}
}