{
  "enabled": true,
  "neededInstalledMods": [],
  "neededUninstalledMods": [],
  "spawns": [
    {
      "id": "jibanyan-1",
      "pokemon": "jibanyan",
      "presets": [
        "natural"
      ],
      "type": "pokemon",
      "context": "grounded",
      "bucket": "uncommon",
      "level": "5-32",
      "weight": 5.0,
      "condition": {
        "canSeeSky": true,
        "biomes": [
          "minecraft:meadow",
          "minecraft:plains",
          "minecraft:savanna",
          "minecraft:sunflower_plains",
          "terralith:blooming_plateau"
        ]
      }
    }
  ]
}
