{
    "enabled": true,
    "neededInstalledMods": [],
    "neededUninstalledMods": [],
    "spawns": [
        {
            "id": "spoilerina-1",
            "pokemon": "spoilerina",
            "type": "pokemon",
            "context": "grounded",
            "bucket": "ultra-rare",
            "level": "70",
            "weight": 5.0,
            "condition": {
                "canSeeSky": true,
                "biomes": [
                    "minecraft:plains",
                    "minecraft:meadow",
                    "minecraft:cherry_grove"
                ]
            }
        }
    ]
}