{
  "enabled": true,
  "neededInstalledMods": [],
  "neededUninstalledMods": [],
  "spawns": [
    {
      "id": "whisper-1",
      "pokemon": "whisper",
      "presets": [
        "natural"
      ],
      "type": "pokemon",
      "context": "grounded",
      "bucket": "uncommon",
      "level": "5-32",
      "weight": 5.0,
      "condition": {
        "canSeeSky": true,
        "biomes": [
          "minecraft:badlands",
          "minecraft:tiaga",
          "minecraft:savanna",
          "minecraft:eroded_badlands"
        ]
      }
    }
  ]
}
