{
	"format_version": "1.12.0",
	"minecraft:geometry": [
		{
			"description": {
				"identifier": "geometry.gemmi",
				"texture_width": 64,
				"texture_height": 64,
				"visible_bounds_width": 2,
				"visible_bounds_height": 1.5,
				"visible_bounds_offset": [0, 0.25, 0]
			},
			"bones": [
				{
					"name": "gemmi",
					"pivot": [0, 0, 0]
				},
				{
					"name": "bone",
					"parent": "gemmi",
					"pivot": [4, 0, 0],
					"cubes": [
						{"origin": [-4, 0, -1], "size": [8, 8, 2], "uv": [0, 0]}
					]
				},
				{
					"name": "bone2",
					"parent": "bone",
					"pivot": [-2, 4.5, -1.1],
					"cubes": [
						{"origin": [-3, 3, -1.1], "size": [2, 3, 0], "uv": [33, 7], "mirror": true}
					]
				},
				{
					"name": "bone3",
					"parent": "bone",
					"pivot": [2, 4.5, -1.1],
					"cubes": [
						{"origin": [1, 3, -1.1], "size": [2, 3, 0], "uv": [33, 7], "mirror": true}
					]
				},
				{
					"name": "bone4",
					"parent": "bone",
					"pivot": [0.5, 1.5, -1.1],
					"cubes": [
						{"origin": [0, 1, -1.1], "size": [1, 1, 0], "uv": [44, 6], "mirror": true}
					]
				}
			]
		}
	]
}