{
	"format_version": "1.12.0",
	"minecraft:geometry": [
		{
			"description": {
				"identifier": "geometry.sajonin",
				"texture_width": 128,
				"texture_height": 128,
				"visible_bounds_width": 6,
				"visible_bounds_height": 4.5,
				"visible_bounds_offset": [0, 1.75, 0]
			},
			"bones": [
				{
					"name": "sajonin",
					"pivot": [0, 0, 0]
				},
				{
					"name": "body",
					"parent": "sajonin",
					"pivot": [-1.75, 18.5, 0.25]
				},
				{
					"name": "torso",
					"parent": "body",
					"pivot": [0, 20, 1],
					"rotation": [-5, 0, 0],
					"cubes": [
						{"origin": [-2.5, 17, -3], "size": [5, 6, 6], "uv": [0, 0]}
					]
				},
				{
					"name": "neck",
					"parent": "torso",
					"pivot": [0, 18, -3],
					"rotation": [-40, 0, 0],
					"cubes": [
						{"origin": [-2, 18, -8], "size": [4, 5, 5], "uv": [24, 18]}
					]
				},
				{
					"name": "plume_right2",
					"parent": "neck",
					"pivot": [-2, 20.5, -8],
					"rotation": [0, 67.5, 0],
					"cubes": [
						{"origin": [-2, 18, -10], "size": [0, 5, 2], "uv": [54, 73]}
					]
				},
				{
					"name": "plume_top2",
					"parent": "neck",
					"pivot": [0, 23, -8],
					"rotation": [-67.5, 0, 0],
					"cubes": [
						{"origin": [-2, 23, -11], "size": [4, 0, 3], "uv": [60, 48]}
					]
				},
				{
					"name": "plume_bottom2",
					"parent": "neck",
					"pivot": [0, 18, -8],
					"rotation": [67.5, 0, 0],
					"cubes": [
						{"origin": [-2, 18, -9], "size": [4, 0, 1], "uv": [70, 29]}
					]
				},
				{
					"name": "neck2",
					"parent": "neck",
					"pivot": [0, 18.5, -8],
					"rotation": [-40, 0, 0],
					"cubes": [
						{"origin": [-1.5, 18.5, -13], "size": [3, 3, 5], "uv": [40, 33]}
					]
				},
				{
					"name": "plume_left",
					"parent": "neck2",
					"pivot": [1.5, 20, -13],
					"rotation": [0, -45, 0],
					"cubes": [
						{"origin": [1.5, 18.5, -16], "size": [0, 3, 3], "uv": [34, 43]}
					]
				},
				{
					"name": "plume_bottom",
					"parent": "neck2",
					"pivot": [0, 18.5, -13],
					"rotation": [45, 0, 0],
					"cubes": [
						{"origin": [-1.5, 18.5, -14], "size": [3, 0, 1], "uv": [26, 54]}
					]
				},
				{
					"name": "plume_top",
					"parent": "neck2",
					"pivot": [0, 21.5, -13],
					"rotation": [-45, 0, 0],
					"cubes": [
						{"origin": [-1.5, 21.5, -14], "size": [3, 0, 1], "uv": [74, 10]}
					]
				},
				{
					"name": "neck3",
					"parent": "neck2",
					"pivot": [0, 18.75, -13],
					"rotation": [-25, 0, 0],
					"cubes": [
						{"origin": [-1, 18.75, -19], "size": [2, 2, 6], "uv": [40, 41]}
					]
				},
				{
					"name": "head",
					"parent": "neck3",
					"pivot": [0, 19, -20],
					"rotation": [110, 0, 0]
				},
				{
					"name": "head_ai",
					"parent": "head",
					"pivot": [0, 19, -20],
					"rotation": [-90, 0, 0],
					"cubes": [
						{"origin": [1.91, 17.5, -20.5], "size": [0, 2, 1], "inflate": 0.1, "pivot": [2.01, 18.375, -20.05], "rotation": [5, 0, 0], "uv": [14, 80]},
						{"origin": [2.02, 17.75, -20.6], "size": [0, 1, 1], "pivot": [1.91, 18.375, -20.05], "rotation": [5, 0, 0], "uv": [30, 81]},
						{"origin": [-0.75, 15.5, -19], "size": [0, 1, 1], "pivot": [-0.75, 16.5, -19], "rotation": [-45, 0, 0], "uv": [42, 26]},
						{"origin": [0, 16.75, -21], "size": [0, 4, 2], "uv": [78, 57]},
						{"origin": [-2.02, 17.75, -20.6], "size": [0, 1, 1], "pivot": [-2.01, 18.375, -20.05], "rotation": [5, 0, 0], "uv": [6, 81]},
						{"origin": [-1.91, 17.5, -20.5], "size": [0, 2, 1], "inflate": 0.1, "pivot": [-2.01, 18.375, -20.05], "rotation": [5, 0, 0], "uv": [4, 81]},
						{"origin": [-2, 16.75, -22], "size": [4, 4, 4], "uv": [42, 18]}
					]
				},
				{
					"name": "headfeathers",
					"parent": "head_ai",
					"pivot": [0, 20.6, -20],
					"cubes": [
						{"origin": [-1, 20.6, -21], "size": [2, 1, 2], "uv": [74, 35]}
					]
				},
				{
					"name": "headfeather_bottom",
					"parent": "headfeathers",
					"pivot": [0, 20.6, -20],
					"rotation": [-47.5, 0, 0],
					"cubes": [
						{"origin": [-1.5, 20.6, -20], "size": [3, 6, 0], "uv": [18, 71]}
					]
				},
				{
					"name": "headfeather_bottom2",
					"parent": "headfeather_bottom",
					"pivot": [0, 26.6, -20],
					"cubes": [
						{"origin": [-1.5, 26.6, -20], "size": [3, 6, 0], "uv": [72, 53]}
					]
				},
				{
					"name": "headfeather_right",
					"parent": "headfeathers",
					"pivot": [0, 20.6, -20],
					"rotation": [0, 0, -47.5],
					"cubes": [
						{"origin": [0, 20.6, -21.5], "size": [0, 6, 3], "uv": [18, 68]}
					]
				},
				{
					"name": "headfeather_right2",
					"parent": "headfeather_right",
					"pivot": [0, 26.6, -20],
					"cubes": [
						{"origin": [0, 26.6, -21.5], "size": [0, 6, 3], "uv": [72, 50]}
					]
				},
				{
					"name": "headfeather_left",
					"parent": "headfeathers",
					"pivot": [0, 20.6, -20],
					"rotation": [0, 0, 47.5],
					"cubes": [
						{"origin": [0, 20.6, -21.5], "size": [0, 6, 3], "uv": [18, 68]}
					]
				},
				{
					"name": "headfeather_left2",
					"parent": "headfeather_left",
					"pivot": [0, 26.6, -20],
					"cubes": [
						{"origin": [0, 26.6, -21.5], "size": [0, 6, 3], "uv": [72, 50]}
					]
				},
				{
					"name": "heafeather_inner_bottom_left",
					"parent": "headfeathers",
					"pivot": [0, 20.6, -20],
					"rotation": [-27.5, 45, 0],
					"cubes": [
						{"origin": [-1.5, 20.6, -19.75], "size": [3, 6, 0], "uv": [18, 71]}
					]
				},
				{
					"name": "heafeather_inner_bottom_left2",
					"parent": "heafeather_inner_bottom_left",
					"pivot": [0, 26.6, -19.75],
					"cubes": [
						{"origin": [-1.5, 26.6, -19.75], "size": [3, 6, 0], "uv": [72, 53]}
					]
				},
				{
					"name": "headfeather_inner_top_right",
					"parent": "headfeathers",
					"pivot": [0, 20.6, -20],
					"rotation": [27.5, 45, 0],
					"cubes": [
						{"origin": [-1.5, 20.6, -20.25], "size": [3, 6, 0], "uv": [18, 71]}
					]
				},
				{
					"name": "headfeather_inner_top_right2",
					"parent": "headfeather_inner_top_right",
					"pivot": [0, 26.6, -20.25],
					"cubes": [
						{"origin": [-1.5, 26.6, -20.25], "size": [3, 6, 0], "uv": [72, 53]}
					]
				},
				{
					"name": "headfeather_inner_bottom_right",
					"parent": "headfeathers",
					"pivot": [0, 20.6, -20],
					"rotation": [-27.5, -45, 0],
					"cubes": [
						{"origin": [-1.75, 20.6, -20], "size": [3, 6, 0], "uv": [18, 71]}
					]
				},
				{
					"name": "headfeather_inner_bottom_right2",
					"parent": "headfeather_inner_bottom_right",
					"pivot": [-0.25, 26.6, -20],
					"cubes": [
						{"origin": [-1.75, 26.6, -20], "size": [3, 6, 0], "uv": [72, 53]}
					]
				},
				{
					"name": "headfeather_inner_top_left",
					"parent": "headfeathers",
					"pivot": [0, 20.6, -20],
					"rotation": [27.5, -45, 0],
					"cubes": [
						{"origin": [-1.25, 20.6, -20], "size": [3, 6, 0], "uv": [18, 71]}
					]
				},
				{
					"name": "headfeather_inner_top_left2",
					"parent": "headfeather_inner_top_left",
					"pivot": [0.25, 26.6, -20],
					"cubes": [
						{"origin": [-1.25, 26.6, -20], "size": [3, 6, 0], "uv": [72, 53]}
					]
				},
				{
					"name": "headfeather_top",
					"parent": "headfeathers",
					"pivot": [0, 20.6, -20],
					"rotation": [47.5, 0, 0],
					"cubes": [
						{"origin": [-1.5, 20.6, -20], "size": [3, 6, 0], "uv": [18, 71]}
					]
				},
				{
					"name": "headfeather_top2",
					"parent": "headfeather_top",
					"pivot": [0, 26.6, -20],
					"cubes": [
						{"origin": [-1.5, 26.6, -20], "size": [3, 6, 0], "uv": [72, 53]}
					]
				},
				{
					"name": "headfeather_top_right",
					"parent": "headfeathers",
					"pivot": [0, 20.6, -20],
					"rotation": [70, 45, 0],
					"cubes": [
						{"origin": [-1.5, 20.6, -20], "size": [3, 5, 0], "uv": [68, 6], "mirror": true}
					]
				},
				{
					"name": "headfeather_top_right2",
					"parent": "headfeather_top_right",
					"pivot": [0, 25.6, -20],
					"cubes": [
						{"origin": [-1.5, 25.6, -20], "size": [3, 5, 0], "uv": [68, 33]}
					]
				},
				{
					"name": "headfeather_top_left",
					"parent": "headfeathers",
					"pivot": [0, 20.6, -20],
					"rotation": [70, -45, 0],
					"cubes": [
						{"origin": [-1.5, 20.6, -20], "size": [3, 5, 0], "uv": [68, 6]}
					]
				},
				{
					"name": "headfeather_top_left2",
					"parent": "headfeather_top_left",
					"pivot": [0, 25.6, -20],
					"cubes": [
						{"origin": [-1.5, 25.6, -20], "size": [3, 5, 0], "uv": [68, 33]}
					]
				},
				{
					"name": "headfeather_bottom_right",
					"parent": "headfeathers",
					"pivot": [0, 20.6, -20],
					"rotation": [-70, -45, 0],
					"cubes": [
						{"origin": [-1.5, 20.6, -20], "size": [3, 5, 0], "uv": [68, 6]}
					]
				},
				{
					"name": "headfeather_bottom_right2",
					"parent": "headfeather_bottom_right",
					"pivot": [0, 25.6, -20],
					"cubes": [
						{"origin": [-1.5, 25.6, -20], "size": [3, 5, 0], "uv": [68, 33]}
					]
				},
				{
					"name": "headfeather_bottom_left",
					"parent": "headfeathers",
					"pivot": [0, 20.6, -20],
					"rotation": [-70, 45, 0],
					"cubes": [
						{"origin": [-1.5, 20.6, -20], "size": [3, 5, 0], "uv": [68, 6]}
					]
				},
				{
					"name": "headfeather_bottom_left2",
					"parent": "headfeather_bottom_left",
					"pivot": [0, 25.6, -20],
					"cubes": [
						{"origin": [-1.5, 25.6, -20], "size": [3, 5, 0], "uv": [68, 33]}
					]
				},
				{
					"name": "beak_top",
					"parent": "head_ai",
					"pivot": [0, 16.75, -21],
					"rotation": [5, 0, 0],
					"cubes": [
						{"origin": [-1, 14.75, -21], "size": [2, 2, 2], "uv": [26, 50]},
						{"origin": [0.75, 15.5, -19], "size": [0, 1, 1], "pivot": [0.75, 16.5, -19], "rotation": [-45, 0, 0], "uv": [78, 19]},
						{"origin": [-0.5, 13.75, -20.5], "size": [1, 1, 3], "inflate": 0.2, "pivot": [0, 14.75, -20.7], "rotation": [10, 0, 0], "uv": [70, 17]}
					]
				},
				{
					"name": "jaw",
					"parent": "head_ai",
					"pivot": [0, 16.75, -19],
					"cubes": [
						{"origin": [-0.5, 14.75, -19], "size": [1, 2, 1], "uv": [0, 81]}
					]
				},
				{
					"name": "eyelid_right",
					"parent": "head_ai",
					"pivot": [-2.01, 18.375, -20.05],
					"cubes": [
						{"origin": [-0.92, 17.5, -20.5], "size": [0, 2, 1], "inflate": 0.11, "pivot": [-1.01, 18.375, -20.05], "rotation": [5, 0, 0], "uv": [8, 83]}
					]
				},
				{
					"name": "eyelid_left",
					"parent": "head_ai",
					"pivot": [2.01, 18.375, -20.05],
					"cubes": [
						{"origin": [0.92, 17.5, -20.5], "size": [0, 2, 1], "inflate": 0.11, "pivot": [1.01, 18.375, -20.05], "rotation": [5, 0, 0], "uv": [8, 83], "mirror": true}
					]
				},
				{
					"name": "plume_right",
					"parent": "neck2",
					"pivot": [-1.5, 20, -13],
					"rotation": [0, 45, 0],
					"cubes": [
						{"origin": [-1.5, 18.5, -16], "size": [0, 3, 3], "uv": [66, 70]}
					]
				},
				{
					"name": "plume_left2",
					"parent": "neck",
					"pivot": [2, 20.5, -8],
					"rotation": [0, -67.5, 0],
					"cubes": [
						{"origin": [2, 18, -10], "size": [0, 5, 2], "uv": [0, 74]}
					]
				},
				{
					"name": "plume_top4",
					"parent": "torso",
					"pivot": [0, 23, 3],
					"rotation": [45, 0, 0],
					"cubes": [
						{"origin": [-2.5, 23, 3], "size": [5, 0, 1], "uv": [68, 11]}
					]
				},
				{
					"name": "plume_bottom3",
					"parent": "torso",
					"pivot": [0, 17, -3],
					"rotation": [45, 0, 0],
					"cubes": [
						{"origin": [-2.5, 17, -5], "size": [5, 0, 2], "uv": [60, 51]}
					]
				},
				{
					"name": "plume_bottom4",
					"parent": "torso",
					"pivot": [0, 17, 3],
					"rotation": [-45, 0, 0],
					"cubes": [
						{"origin": [-2.5, 17, 3], "size": [5, 0, 1], "uv": [68, 38]}
					]
				},
				{
					"name": "tail",
					"parent": "torso",
					"pivot": [0, 18.5, 3],
					"rotation": [5, 0, 0],
					"cubes": [
						{"origin": [-2, 18.5, 3], "size": [4, 4, 2], "uv": [36, 55]}
					]
				},
				{
					"name": "plume_top5",
					"parent": "tail",
					"pivot": [0, 22.5, 5],
					"rotation": [45, 0, 0],
					"cubes": [
						{"origin": [-2, 22.5, 5], "size": [4, 0, 2], "uv": [48, 16]}
					]
				},
				{
					"name": "plume_right5",
					"parent": "tail",
					"pivot": [-2, 20.5, 5],
					"rotation": [0, -45, 0],
					"cubes": [
						{"origin": [-2, 18.5, 5], "size": [0, 4, 1], "uv": [64, 71]}
					]
				},
				{
					"name": "plume_bottom5",
					"parent": "tail",
					"pivot": [0, 18.5, 5],
					"rotation": [-45, 0, 0],
					"cubes": [
						{"origin": [-2, 18.5, 5], "size": [4, 0, 2], "uv": [64, 12]}
					]
				},
				{
					"name": "tail2",
					"parent": "tail",
					"pivot": [0, 19.5, 5],
					"cubes": [
						{"origin": [-1, 19.5, 5], "size": [2, 2, 5], "uv": [20, 43]}
					]
				},
				{
					"name": "tailfeather_left2",
					"parent": "tail2",
					"pivot": [1, 20.5, 7.5],
					"cubes": [
						{"origin": [1, 20.5, 1.5], "size": [6, 0, 6], "pivot": [1, 20.5, 7.5], "rotation": [0, -45, 0], "uv": [0, 18], "mirror": true}
					]
				},
				{
					"name": "tailfeather_right2",
					"parent": "tail2",
					"pivot": [-1, 20.5, 7.5],
					"cubes": [
						{"origin": [-7, 20.5, 1.5], "size": [6, 0, 6], "pivot": [-1, 20.5, 7.5], "rotation": [0, 45, 0], "uv": [0, 18]}
					]
				},
				{
					"name": "tailfeather_top2",
					"parent": "tail2",
					"pivot": [0, 21.5, 10],
					"cubes": [
						{"origin": [-5, 21.5, 5], "size": [5, 0, 5], "pivot": [0, 21.5, 10], "rotation": [-180, 45, 0], "uv": [24, 28]}
					]
				},
				{
					"name": "tailfeather_bottom2",
					"parent": "tail2",
					"pivot": [0, 19.5, 10],
					"cubes": [
						{"origin": [-5, 19.5, 5], "size": [5, 0, 5], "pivot": [0, 19.5, 10], "rotation": [-180, 45, 0], "uv": [24, 28]}
					]
				},
				{
					"name": "plume_top6",
					"parent": "tail2",
					"pivot": [0, 21.5, 10],
					"rotation": [45, 0, 0],
					"cubes": [
						{"origin": [-1, 21.5, 10], "size": [2, 0, 1], "uv": [14, 49]}
					]
				},
				{
					"name": "plume_bottom6",
					"parent": "tail2",
					"pivot": [0, 19.5, 10],
					"rotation": [-45, 0, 0],
					"cubes": [
						{"origin": [-1, 19.5, 10], "size": [2, 0, 1], "uv": [78, 6]}
					]
				},
				{
					"name": "plume_right6",
					"parent": "tail2",
					"pivot": [-1, 20.5, 10],
					"rotation": [0, -45, 0],
					"cubes": [
						{"origin": [-1, 19.5, 10], "size": [0, 2, 1], "uv": [30, 72]}
					]
				},
				{
					"name": "plume_left6",
					"parent": "tail2",
					"pivot": [1, 20.5, 10],
					"rotation": [0, 45, 0],
					"cubes": [
						{"origin": [1, 19.5, 10], "size": [0, 2, 1], "uv": [8, 74]}
					]
				},
				{
					"name": "tail3",
					"parent": "tail2",
					"pivot": [0, 19.75, 10],
					"cubes": [
						{"origin": [-0.5, 20, 10], "size": [1, 1, 5], "inflate": 0.25, "uv": [56, 30]}
					]
				},
				{
					"name": "tailfeather_bottom3",
					"parent": "tail3",
					"pivot": [0, 19.75, 15.25],
					"cubes": [
						{"origin": [-4, 19.75, 11.25], "size": [4, 0, 4], "pivot": [0, 19.75, 15.25], "rotation": [-180, 45, 0], "uv": [0, 45]}
					]
				},
				{
					"name": "tailfeather_top3",
					"parent": "tail3",
					"pivot": [0, 21.25, 15.25],
					"cubes": [
						{"origin": [-4, 21.25, 11.25], "size": [4, 0, 4], "pivot": [0, 21.25, 15.25], "rotation": [-180, 45, 0], "uv": [0, 45]}
					]
				},
				{
					"name": "tailfeather_right3",
					"parent": "tail3",
					"pivot": [-0.75, 20.5, 12.625],
					"cubes": [
						{"origin": [-5.75, 20.5, 7.625], "size": [5, 0, 5], "pivot": [-0.75, 20.5, 12.625], "rotation": [0, 45, 0], "uv": [24, 28]}
					]
				},
				{
					"name": "tailfeather_left3",
					"parent": "tail3",
					"pivot": [0.75, 20.5, 12.625],
					"cubes": [
						{"origin": [0.75, 20.5, 7.625], "size": [5, 0, 5], "pivot": [0.75, 20.5, 12.625], "rotation": [0, -45, 0], "uv": [24, 28], "mirror": true}
					]
				},
				{
					"name": "tail4",
					"parent": "tail3",
					"pivot": [0, 19.875, 15.25],
					"cubes": [
						{"origin": [-0.5, 20, 15], "size": [1, 1, 5], "inflate": 0.125, "uv": [56, 36]}
					]
				},
				{
					"name": "tailfeather_top4",
					"parent": "tail4",
					"pivot": [0, 21.125, 20.125],
					"cubes": [
						{"origin": [-3, 21.125, 17.125], "size": [3, 0, 3], "pivot": [0, 21.125, 20.125], "rotation": [-180, 45, 0], "uv": [60, 53]}
					]
				},
				{
					"name": "tailfeather_bottom4",
					"parent": "tail4",
					"pivot": [0, 19.875, 20.125],
					"cubes": [
						{"origin": [-3, 19.875, 17.125], "size": [3, 0, 3], "pivot": [0, 19.875, 20.125], "rotation": [-180, 45, 0], "uv": [60, 53]}
					]
				},
				{
					"name": "tailfeather_left4",
					"parent": "tail4",
					"pivot": [0.625, 20.5, 17.625],
					"cubes": [
						{"origin": [0.625, 20.5, 13.625], "size": [4, 0, 4], "pivot": [0.625, 20.5, 17.625], "rotation": [0, -45, 0], "uv": [0, 45], "mirror": true}
					]
				},
				{
					"name": "tailfeather_right4",
					"parent": "tail4",
					"pivot": [-0.625, 20.5, 17.625],
					"cubes": [
						{"origin": [-4.625, 20.5, 13.625], "size": [4, 0, 4], "pivot": [-0.625, 20.5, 17.625], "rotation": [0, 45, 0], "uv": [0, 45]}
					]
				},
				{
					"name": "tail5",
					"parent": "tail4",
					"pivot": [0, 20, 20.125],
					"cubes": [
						{"origin": [-0.5, 20, 20], "size": [1, 1, 5], "uv": [56, 42]}
					]
				},
				{
					"name": "tailfeather_left5",
					"parent": "tail5",
					"pivot": [0.5, 20.5, 22.525],
					"cubes": [
						{"origin": [0.5, 20.5, 19.525], "size": [3, 0, 3], "pivot": [0.5, 20.5, 22.525], "rotation": [0, -45, 0], "uv": [60, 53], "mirror": true}
					]
				},
				{
					"name": "plume_left7",
					"parent": "tail5",
					"pivot": [0.5, 20.5, 25],
					"rotation": [0, 45, 0],
					"cubes": [
						{"origin": [0.5, 20, 25], "size": [0, 1, 1], "uv": [80, 33]}
					]
				},
				{
					"name": "plume_right7",
					"parent": "tail5",
					"pivot": [-0.5, 20.5, 25],
					"rotation": [0, -45, 0],
					"cubes": [
						{"origin": [-0.5, 20, 25], "size": [0, 1, 1], "uv": [80, 38]}
					]
				},
				{
					"name": "plume_bottom7",
					"parent": "tail5",
					"pivot": [0, 20, 25],
					"rotation": [-45, 0, 0],
					"cubes": [
						{"origin": [-0.5, 20, 25], "size": [1, 0, 1], "uv": [78, 76]}
					]
				},
				{
					"name": "plume_top7",
					"parent": "tail5",
					"pivot": [0, 21, 25],
					"rotation": [45, 0, 0],
					"cubes": [
						{"origin": [-0.5, 21, 25], "size": [1, 0, 1], "uv": [78, 75]}
					]
				},
				{
					"name": "tailfeather_right5",
					"parent": "tail5",
					"pivot": [-0.5, 20.5, 22.525],
					"cubes": [
						{"origin": [-3.5, 20.5, 19.525], "size": [3, 0, 3], "pivot": [-0.5, 20.5, 22.525], "rotation": [0, 45, 0], "uv": [60, 53]}
					]
				},
				{
					"name": "tailfeather_top5",
					"parent": "tail5",
					"pivot": [0, 21, 25],
					"cubes": [
						{"origin": [-2, 21, 23], "size": [2, 0, 2], "pivot": [0, 21, 25], "rotation": [-180, 45, 0], "uv": [78, 0]}
					]
				},
				{
					"name": "tailfeather_bottom5",
					"parent": "tail5",
					"pivot": [0, 20, 25],
					"cubes": [
						{"origin": [-2, 20, 23], "size": [2, 0, 2], "pivot": [0, 20, 25], "rotation": [-180, 45, 0], "uv": [78, 0]}
					]
				},
				{
					"name": "tail6",
					"parent": "tail5",
					"pivot": [0, 20.125, 25],
					"cubes": [
						{"origin": [-0.5, 20, 24.75], "size": [1, 1, 5], "inflate": -0.125, "uv": [48, 56]}
					]
				},
				{
					"name": "tailfeather_left6",
					"parent": "tail6",
					"pivot": [0.375, 20.5, 27.275],
					"cubes": [
						{"origin": [0.375, 20.5, 25.275], "size": [2, 0, 2], "pivot": [0.375, 20.5, 27.275], "rotation": [0, -45, 0], "uv": [78, 0], "mirror": true}
					]
				},
				{
					"name": "tailfeather_top6",
					"parent": "tail6",
					"pivot": [0, 20.875, 29.625],
					"cubes": [
						{"origin": [-1, 20.875, 28.625], "size": [1, 0, 1], "pivot": [0, 20.875, 29.625], "rotation": [-180, 45, 0], "uv": [10, 55]}
					]
				},
				{
					"name": "tailfeather_bottom6",
					"parent": "tail6",
					"pivot": [0, 20.125, 29.625],
					"cubes": [
						{"origin": [-1, 20.125, 28.625], "size": [1, 0, 1], "pivot": [0, 20.125, 29.625], "rotation": [-180, 45, 0], "uv": [10, 55]}
					]
				},
				{
					"name": "tailfeather_right6",
					"parent": "tail6",
					"pivot": [-0.375, 20.5, 27.275],
					"cubes": [
						{"origin": [-2.375, 20.5, 25.275], "size": [2, 0, 2], "pivot": [-0.375, 20.5, 27.275], "rotation": [0, 45, 0], "uv": [78, 0]}
					]
				},
				{
					"name": "tail7",
					"parent": "tail6",
					"pivot": [0, 20.25, 29.625],
					"cubes": [
						{"origin": [-0.5, 20, 29.25], "size": [1, 1, 5], "inflate": -0.25, "uv": [10, 57]}
					]
				},
				{
					"name": "tailfeather_right7",
					"parent": "tail7",
					"pivot": [-0.25, 20.5, 31.775],
					"cubes": [
						{"origin": [-1.25, 20.5, 30.775], "size": [1, 0, 1], "pivot": [-0.25, 20.5, 31.775], "rotation": [0, 45, 0], "uv": [10, 55]}
					]
				},
				{
					"name": "tailfeather_left7",
					"parent": "tail7",
					"pivot": [0.25, 20.5, 31.775],
					"cubes": [
						{"origin": [0.25, 20.5, 30.775], "size": [1, 0, 1], "pivot": [0.25, 20.5, 31.775], "rotation": [0, -45, 0], "uv": [10, 55], "mirror": true}
					]
				},
				{
					"name": "tailfeather_bottom",
					"parent": "tail",
					"pivot": [0, 18.5, 5],
					"cubes": [
						{"origin": [0, 18.5, -1], "size": [6, 0, 6], "pivot": [0, 18.5, 5], "rotation": [-180, -45, 0], "uv": [0, 18], "mirror": true}
					]
				},
				{
					"name": "tailfeather_top",
					"parent": "tail",
					"pivot": [0, 22.5, 5],
					"cubes": [
						{"origin": [-6, 22.5, -1], "size": [6, 0, 6], "pivot": [0, 22.5, 5], "rotation": [-180, 45, 0], "uv": [0, 18]}
					]
				},
				{
					"name": "plume_left5",
					"parent": "tail",
					"pivot": [2, 20.5, 5],
					"rotation": [0, 45, 0],
					"cubes": [
						{"origin": [2, 18.5, 5], "size": [0, 4, 1], "uv": [16, 72]}
					]
				},
				{
					"name": "plume_right4",
					"parent": "torso",
					"pivot": [-2.5, 20, 3],
					"rotation": [0, -45, 0],
					"cubes": [
						{"origin": [-2.5, 17, 3], "size": [0, 6, 2], "uv": [18, 63]}
					]
				},
				{
					"name": "plume_right3",
					"parent": "torso",
					"pivot": [-2.5, 20, -3],
					"rotation": [0, 45, 0],
					"cubes": [
						{"origin": [-2.5, 17, -4], "size": [0, 6, 1], "uv": [58, 18]}
					]
				},
				{
					"name": "plume_left4",
					"parent": "torso",
					"pivot": [2.5, 20, 3],
					"rotation": [0, 45, 0],
					"cubes": [
						{"origin": [2.5, 17, 3], "size": [0, 6, 2], "uv": [70, 21]}
					]
				},
				{
					"name": "plume_left3",
					"parent": "torso",
					"pivot": [2.5, 20, -3],
					"rotation": [0, -45, 0],
					"cubes": [
						{"origin": [2.5, 17, -4], "size": [0, 6, 1], "uv": [28, 78]}
					]
				},
				{
					"name": "legs",
					"parent": "body",
					"pivot": [1.75, 18.5, 0.25]
				},
				{
					"name": "leg_left",
					"parent": "legs",
					"pivot": [2, 18.5, -0.75],
					"cubes": [
						{"origin": [1.5, 12, -1.25], "size": [1, 2, 1], "inflate": 0.02, "uv": [20, 30]},
						{"origin": [1, 14, -1.75], "size": [2, 5, 3], "inflate": 0.001, "uv": [0, 55]}
					]
				},
				{
					"name": "leg_left2",
					"parent": "leg_left",
					"pivot": [2, 12, -0.25],
					"cubes": [
						{"origin": [1.5, 0, -1.25], "size": [1, 12, 1], "inflate": 0.01, "uv": [60, 16]}
					]
				},
				{
					"name": "foot_left",
					"parent": "leg_left2",
					"pivot": [2, 0.06031, -0.26702],
					"cubes": [
						{"origin": [1, 0, -2.25], "size": [2, 1, 2], "inflate": 0.001, "uv": [38, 73]}
					]
				},
				{
					"name": "toe_left",
					"parent": "foot_left",
					"pivot": [1.1, 1, -2],
					"rotation": [-12.5, 12.5, 0],
					"cubes": [
						{"origin": [1.1, -1, -6], "size": [0, 2, 2], "uv": [16, 45]},
						{"origin": [0.6, 0, -4], "size": [1, 1, 2], "inflate": -0.001, "uv": [78, 63]}
					]
				},
				{
					"name": "toe_left3",
					"parent": "foot_left",
					"pivot": [2, 1, -0.5],
					"rotation": [12.5, 0, 0],
					"cubes": [
						{"origin": [2, -1, 1.5], "size": [0, 2, 2], "uv": [44, 64]},
						{"origin": [1.5, 0, -0.5], "size": [1, 1, 2], "inflate": -0.001, "uv": [78, 66]}
					]
				},
				{
					"name": "toe_left4",
					"parent": "foot_left",
					"pivot": [2.9, 1, -2],
					"rotation": [-12.5, -12.5, 0],
					"cubes": [
						{"origin": [2.9, -1, -6], "size": [0, 2, 2], "uv": [80, 19]},
						{"origin": [2.4, 0, -4], "size": [1, 1, 2], "inflate": -0.001, "uv": [78, 69]}
					]
				},
				{
					"name": "leg_plume_left_front",
					"parent": "leg_left",
					"pivot": [3, 19, 1.25],
					"rotation": [-15, 77.5, 0],
					"cubes": [
						{"origin": [3, 15, 1.25], "size": [0, 5, 2], "inflate": 0.001, "uv": [4, 74]}
					]
				},
				{
					"name": "leg_plume_left_back",
					"parent": "leg_left",
					"pivot": [3, 19.5, 1.25],
					"rotation": [-20, 45, 0],
					"cubes": [
						{"origin": [3, 14, 1.25], "size": [0, 5, 3], "inflate": 0.001, "uv": [64, 14]}
					]
				},
				{
					"name": "leg_right",
					"parent": "legs",
					"pivot": [-2, 18.5, -0.75],
					"cubes": [
						{"origin": [-2.5, 12, -1.25], "size": [1, 2, 1], "inflate": 0.02, "uv": [80, 23]},
						{"origin": [-3, 14, -1.75], "size": [2, 5, 3], "inflate": 0.001, "uv": [26, 55]}
					]
				},
				{
					"name": "leg_right2",
					"parent": "leg_right",
					"pivot": [-2, 12, -0.25],
					"cubes": [
						{"origin": [-2.5, 0, -1.25], "size": [1, 12, 1], "inflate": 0.01, "uv": [22, 57]}
					]
				},
				{
					"name": "foot_right",
					"parent": "leg_right2",
					"pivot": [-2, 0.06031, -0.26702],
					"cubes": [
						{"origin": [-3, 0, -2.25], "size": [2, 1, 2], "inflate": 0.001, "uv": [46, 73]}
					]
				},
				{
					"name": "toe_right",
					"parent": "foot_right",
					"pivot": [-1.1, 1, -2],
					"rotation": [-12.5, -12.5, 0],
					"cubes": [
						{"origin": [-1.1, -1, -6], "size": [0, 2, 2], "uv": [80, 29]},
						{"origin": [-1.6, 0, -4], "size": [1, 1, 2], "inflate": -0.001, "uv": [78, 72]}
					]
				},
				{
					"name": "toe_right3",
					"parent": "foot_right",
					"pivot": [-2, 1, -0.5],
					"rotation": [12.5, 0, 0],
					"cubes": [
						{"origin": [-2, -1, 1.5], "size": [0, 2, 2], "uv": [80, 48]},
						{"origin": [-2.5, 0, -0.5], "size": [1, 1, 2], "inflate": -0.001, "uv": [8, 80]}
					]
				},
				{
					"name": "toe_right4",
					"parent": "foot_right",
					"pivot": [-2.9, 1, -2],
					"rotation": [-12.5, 12.5, 0],
					"cubes": [
						{"origin": [-2.9, -1, -6], "size": [0, 2, 2], "uv": [54, 80]},
						{"origin": [-3.4, 0, -4], "size": [1, 1, 2], "inflate": -0.001, "uv": [80, 14]}
					]
				},
				{
					"name": "leg_plume_right_back",
					"parent": "leg_right",
					"pivot": [-3, 19.5, 1.25],
					"rotation": [-20, -45, 0],
					"cubes": [
						{"origin": [-3, 14, 1.25], "size": [0, 5, 3], "inflate": 0.001, "uv": [64, 22]}
					]
				},
				{
					"name": "leg_plume_right_front",
					"parent": "leg_right",
					"pivot": [-3, 19, 1.25],
					"rotation": [-15, -77.5, 0],
					"cubes": [
						{"origin": [-3, 15, 1.25], "size": [0, 5, 2], "inflate": 0.001, "uv": [74, 0]}
					]
				}
			]
		}
	]
}