{
	"format_version": "1.12.0",
	"minecraft:geometry": [
		{
			"description": {
				"identifier": "geometry.tumbell",
				"texture_width": 64,
				"texture_height": 64,
				"visible_bounds_width": 2,
				"visible_bounds_height": 2.5,
				"visible_bounds_offset": [0, 0.75, 0]
			},
			"bones": [
				{
					"name": "tumbell",
					"pivot": [0, 0, 0]
				},
				{
					"name": "body",
					"parent": "tumbell",
					"pivot": [0, 7.5, 0]
				},
				{
					"name": "foot_left",
					"parent": "body",
					"pivot": [2, 1, 1],
					"cubes": [
						{"origin": [0.5, 0, -1], "size": [3, 1, 2], "uv": [28, 20], "mirror": true}
					]
				},
				{
					"name": "foot_right",
					"parent": "body",
					"pivot": [-2, 1, 1],
					"cubes": [
						{"origin": [-3.5, 0, -1], "size": [3, 1, 2], "uv": [28, 20]}
					]
				},
				{
					"name": "torso",
					"parent": "body",
					"pivot": [0, 7.5, 0],
					"cubes": [
						{"origin": [-4, 1, -4], "size": [8, 6, 8], "uv": [0, 0]},
						{"origin": [-0.5, 4, -4], "size": [1, 3, 1], "inflate": 0.01, "uv": [13, 43]},
						{"origin": [1.1, 4, -4], "size": [1, 2, 0], "inflate": 0.01, "pivot": [1.6, 5, -4], "rotation": [0, 0, 7.5], "uv": [20, 48]},
						{"origin": [3.5, 4.6, -0.7], "size": [1, 2, 0], "inflate": 0.01, "pivot": [4, 5.6, -0.7], "rotation": [90, -72.5, -90], "uv": [20, 48]},
						{"origin": [3.5, 1.6, 1.3], "size": [1, 2, 0], "inflate": 0.01, "pivot": [4, 2.6, 1.3], "rotation": [-89.99999, -72.5, 89.99999], "uv": [20, 48]},
						{"origin": [3.5, 1.3, -3], "size": [1, 2, 0], "inflate": 0.01, "pivot": [4, 2.3, -3], "rotation": [-89.99999, -82.5, 89.99999], "uv": [20, 48]},
						{"origin": [-4.5, 4.6, -0.7], "size": [1, 2, 0], "inflate": 0.01, "pivot": [-4, 5.6, -0.7], "rotation": [90, 72.5, 90], "uv": [20, 48], "mirror": true},
						{"origin": [-4.5, 1.3, -3], "size": [1, 2, 0], "inflate": 0.01, "pivot": [-4, 2.3, -3], "rotation": [-89.99999, 82.5, -89.99999], "uv": [20, 48], "mirror": true},
						{"origin": [-4.5, 1.6, 1.3], "size": [1, 2, 0], "inflate": 0.01, "pivot": [-4, 2.6, 1.3], "rotation": [-89.99999, 72.5, -89.99999], "uv": [20, 48], "mirror": true},
						{"origin": [-0.6, 1.1, -4], "size": [1, 2, 0], "inflate": 0.01, "pivot": [-0.1, 2.1, -4], "rotation": [0, 0, 7.5], "uv": [20, 48]},
						{"origin": [-2.4, 3.6, -4], "size": [1, 2, 0], "inflate": 0.01, "pivot": [-1.9, 4.6, -4], "rotation": [0, 0, -12.5], "uv": [20, 48]},
						{"origin": [0.2, 4.4, 4], "size": [1, 2, 0], "inflate": 0.01, "pivot": [0.7, 5.4, 4], "rotation": [0, 0, 7.5], "uv": [20, 48]},
						{"origin": [-1.2, 1.4, 4], "size": [1, 2, 0], "inflate": 0.01, "pivot": [-0.7, 2.4, 4], "rotation": [0, 0, 7.5], "uv": [20, 48]},
						{"origin": [2.3, 1.7, 4], "size": [1, 2, 0], "inflate": 0.01, "pivot": [2.8, 2.7, 4], "rotation": [0, 0, -17.5], "uv": [20, 48]},
						{"origin": [-3.3, 3.3, 4], "size": [1, 2, 0], "inflate": 0.01, "pivot": [-2.8, 4.3, 4], "rotation": [0, 0, -12.5], "uv": [20, 48]},
						{"origin": [-3, 6.46386, -2.87193], "size": [6, 2, 6], "pivot": [-0.5, 7.46386, 0.12807], "rotation": [-10, 0, 0], "uv": [0, 27]},
						{"origin": [-0.5, 6.46386, -2.87193], "size": [1, 1, 0], "inflate": 0.01, "pivot": [2, 7.46386, 0.12807], "rotation": [-10, 0, 0], "uv": [19, 42]}
					]
				},
				{
					"name": "head",
					"parent": "torso",
					"pivot": [0, 10.8, 0],
					"cubes": [
						{"origin": [3.2, 8, 1.3], "size": [1, 2, 0], "inflate": 0.01, "pivot": [3.7, 9, 1.3], "rotation": [-89.99999, -72.5, 89.99999], "uv": [20, 48]},
						{"origin": [3.2, 10, 0.5], "size": [1, 2, 0], "inflate": 0.01, "pivot": [3.7, 11, 0.5], "rotation": [-89.99999, -72.5, 89.99999], "uv": [20, 48]},
						{"origin": [3.2, 7.9, -2.7], "size": [1, 2, 0], "inflate": 0.01, "pivot": [3.7, 8.9, -2.7], "rotation": [89.99999, -82.5, -89.99999], "uv": [20, 48]},
						{"origin": [-4.2, 7.9, -2.7], "size": [1, 2, 0], "inflate": 0.01, "pivot": [-3.7, 8.9, -2.7], "rotation": [89.99999, 82.5, 89.99999], "uv": [20, 48], "mirror": true},
						{"origin": [-4.2, 10.4, 0.2], "size": [1, 2, 0], "inflate": 0.01, "pivot": [-3.7, 11.4, 0.2], "rotation": [-89.99999, 72.5, -89.99999], "uv": [20, 48], "mirror": true},
						{"origin": [-4.2, 8, 1.3], "size": [1, 2, 0], "inflate": 0.01, "pivot": [-3.7, 9, 1.3], "rotation": [-89.99999, 72.5, -89.99999], "uv": [20, 48], "mirror": true},
						{"origin": [-0.4, 9.7, 3.7], "size": [1, 2, 0], "inflate": 0.01, "pivot": [0.1, 10.7, 3.7], "rotation": [0, 0, 7.5], "uv": [20, 48]},
						{"origin": [-2.6, 10.2, 3.7], "size": [1, 2, 0], "inflate": 0.01, "pivot": [-2.1, 11.2, 3.7], "rotation": [0, 0, -10], "uv": [20, 48]},
						{"origin": [1.4, 8.2, 3.7], "size": [1, 2, 0], "inflate": 0.01, "pivot": [1.9, 9.2, 3.7], "rotation": [0, 0, 7.5], "uv": [20, 48]},
						{"origin": [-3.5, 7.8, -3.5], "size": [7, 6, 7], "inflate": 0.2, "uv": [24, 36]},
						{"origin": [-3.5, 7.8, -3.5], "size": [7, 6, 7], "uv": [0, 14]}
					]
				},
				{
					"name": "sprout",
					"parent": "head",
					"pivot": [0, 13.8, -1],
					"cubes": [
						{"origin": [-0.5, 13.8, -1.5], "size": [1, 2, 1], "uv": [32, 0]}
					]
				},
				{
					"name": "sprout2",
					"parent": "sprout",
					"pivot": [0, 15.8, -1],
					"cubes": [
						{"origin": [-0.5, 15.8, -1], "size": [1, 2, 0], "uv": [30, 31]}
					]
				},
				{
					"name": "leaf_left",
					"parent": "sprout2",
					"pivot": [0.5, 16.8, -1],
					"cubes": [
						{"origin": [0.5, 15.3, -1], "size": [6, 6, 0], "uv": [28, 14]}
					]
				},
				{
					"name": "leaf_right",
					"parent": "sprout2",
					"pivot": [-0.5, 16.8, -1],
					"cubes": [
						{"origin": [-6.5, 15.3, -1], "size": [6, 6, 0], "uv": [28, 14], "mirror": true}
					]
				},
				{
					"name": "mouth",
					"parent": "head",
					"pivot": [0, 9.1, -3.5],
					"cubes": [
						{"origin": [-0.5, 8.6, -3.5], "size": [1, 1, 0], "inflate": 0.01, "uv": [28, 26]}
					]
				},
				{
					"name": "mouth_happy",
					"parent": "mouth",
					"pivot": [0, 9.15, -2.5],
					"cubes": [
						{"origin": [-1, 8.9, -2.5], "size": [2, 1, 0], "inflate": 0.02, "uv": [24, 39]},
						{"origin": [-0.5, 8.4, -2.5], "size": [1, 1, 0], "inflate": 0.01, "uv": [28, 26]}
					]
				},
				{
					"name": "eye_left",
					"parent": "head",
					"pivot": [1.9128, 10.31337, -3.5],
					"cubes": [
						{"origin": [1.4, 9.3, -3.5], "size": [1, 2, 0], "inflate": 0.01, "pivot": [1.6, 10.6, -3.5], "rotation": [0, 0, -2.5], "uv": [32, 3]}
					]
				},
				{
					"name": "eyelid_left",
					"parent": "eye_left",
					"pivot": [1.9128, 10.31337, -2.5],
					"cubes": [
						{"origin": [1.4, 9.3, -2.5], "size": [1, 2, 0], "inflate": 0.02, "pivot": [1.6, 10.6, -2.5], "rotation": [0, 0, -2.5], "uv": [35, 4]}
					]
				},
				{
					"name": "eye_right",
					"parent": "head",
					"pivot": [-1.9128, 10.31337, -3.5],
					"cubes": [
						{"origin": [-2.4, 9.3, -3.5], "size": [1, 2, 0], "inflate": 0.01, "pivot": [-1.6, 10.6, -3.5], "rotation": [0, 0, 2.5], "uv": [32, 3], "mirror": true}
					]
				},
				{
					"name": "eyelid_right",
					"parent": "eye_right",
					"pivot": [-1.9128, 10.31337, -2.5],
					"cubes": [
						{"origin": [-2.4, 9.3, -2.5], "size": [1, 2, 0], "inflate": 0.02, "pivot": [-1.6, 10.6, -2.5], "rotation": [0, 0, 2.5], "uv": [35, 4], "mirror": true}
					]
				}
			]
		}
	]
}