{
	"format_version": "1.12.0",
	"minecraft:geometry": [
		{
			"description": {
				"identifier": "geometry.gematon",
				"texture_width": 128,
				"texture_height": 128,
				"visible_bounds_width": 4,
				"visible_bounds_height": 3.5,
				"visible_bounds_offset": [0, 1.25, 0]
			},
			"bones": [
				{
					"name": "gematon",
					"pivot": [0, 0, 0]
				},
				{
					"name": "bone",
					"parent": "gematon",
					"pivot": [0, 13, 0],
					"cubes": [
						{"origin": [-12, 13, 3], "size": [24, 7, 7], "uv": [2, 50]}
					]
				},
				{
					"name": "head",
					"parent": "gematon",
					"pivot": [0, 18, 3],
					"cubes": [
						{"origin": [-5, 15, -1], "size": [10, 10, 2], "pivot": [0, 20, 0], "rotation": [0, 0, 45], "uv": [58, 7]},
						{"origin": [-7, 13, 1], "size": [14, 14, 2], "uv": [6, 2]}
					]
				},
				{
					"name": "eye",
					"parent": "head",
					"pivot": [2, 20.5, -1.1],
					"cubes": [
						{"origin": [1, 17, -1.1], "size": [2, 5, 0], "uv": [73, 32]}
					]
				},
				{
					"name": "eye2",
					"parent": "head",
					"pivot": [-2, 20.5, -1.1],
					"cubes": [
						{"origin": [-3, 17, -1.1], "size": [2, 5, 0], "uv": [73, 32]}
					]
				},
				{
					"name": "bone2",
					"parent": "head",
					"pivot": [0, 18, 3]
				},
				{
					"name": "bone3",
					"parent": "gematon",
					"pivot": [0, 0, 0],
					"cubes": [
						{"origin": [-8, 7, -6], "size": [16, 6, 11], "uv": [10, 22]}
					]
				},
				{
					"name": "arm",
					"parent": "gematon",
					"pivot": [12, 16.5, 6.5],
					"cubes": [
						{"origin": [12, 14, 4], "size": [5, 5, 5], "uv": [95, 11]}
					]
				},
				{
					"name": "bone4",
					"parent": "arm",
					"pivot": [17, 17, 7],
					"cubes": [
						{"origin": [17, 14, -6], "size": [6, 6, 16], "uv": [74, 30]},
						{"origin": [19, 19, -12], "size": [2, 2, 10], "uv": [74, 63]},
						{"origin": [19, 13, -12], "size": [2, 2, 10], "uv": [74, 63]}
					]
				},
				{
					"name": "arm2",
					"parent": "gematon",
					"pivot": [-12, 16.5, 6.5],
					"cubes": [
						{"origin": [-17, 14, 4], "size": [5, 5, 5], "uv": [95, 11], "mirror": true}
					]
				},
				{
					"name": "bone5",
					"parent": "arm2",
					"pivot": [-17, 17, 7],
					"cubes": [
						{"origin": [-23, 14, -6], "size": [6, 6, 16], "uv": [74, 30], "mirror": true},
						{"origin": [-21, 19, -12], "size": [2, 2, 10], "uv": [74, 63]},
						{"origin": [-21, 13, -12], "size": [2, 2, 10], "uv": [74, 63]}
					]
				},
				{
					"name": "leg",
					"parent": "gematon",
					"pivot": [6, 7, 3],
					"cubes": [
						{"origin": [5, 0, 2], "size": [2, 9, 2], "uv": [16, 77]}
					]
				},
				{
					"name": "leg2",
					"parent": "gematon",
					"pivot": [-6, 7, -4],
					"cubes": [
						{"origin": [-7, 0, -5], "size": [2, 9, 2], "uv": [16, 77], "mirror": true}
					]
				},
				{
					"name": "leg3",
					"parent": "gematon",
					"pivot": [-6, 7, 3],
					"cubes": [
						{"origin": [-7, 0, 2], "size": [2, 9, 2], "uv": [16, 77], "mirror": true}
					]
				},
				{
					"name": "leg4",
					"parent": "gematon",
					"pivot": [6, 7, -4],
					"cubes": [
						{"origin": [5, 0, -5], "size": [2, 9, 2], "uv": [16, 77]}
					]
				}
			]
		}
	]
}