{
	"format_version": "1.12.0",
	"minecraft:geometry": [
		{
			"description": {
				"identifier": "geometry.dollamb",
				"texture_width": 64,
				"texture_height": 64,
				"visible_bounds_width": 3,
				"visible_bounds_height": 2.5,
				"visible_bounds_offset": [0, 0.75, 0]
			},
			"bones": [
				{
					"name": "dollamb",
					"pivot": [0, 0, 0]
				},
				{
					"name": "body",
					"parent": "dollamb",
					"pivot": [0, 6, 1]
				},
				{
					"name": "torso",
					"parent": "body",
					"pivot": [0, 7, -2],
					"cubes": [
						{"origin": [-3, 5, -3], "size": [6, 6, 6], "uv": [0, 16]},
						{"origin": [-1.5, 11, -1.5], "size": [3, 2, 3], "uv": [12, 36]}
					]
				},
				{
					"name": "neck",
					"parent": "torso",
					"pivot": [0, 6, -3],
					"cubes": [
						{"origin": [-1.5, 6, -6], "size": [3, 3, 5], "inflate": 0.1, "uv": [0, 28]}
					]
				},
				{
					"name": "neck2",
					"parent": "neck",
					"pivot": [0, 6, -5.9],
					"cubes": [
						{"origin": [-1.5, 6, -8.9], "size": [3, 3, 3], "inflate": -0.1, "uv": [0, 36]}
					]
				},
				{
					"name": "head",
					"parent": "neck2",
					"pivot": [0, 7.5, -11.9],
					"cubes": [
						{"origin": [-4, 4.00002, -16.4], "size": [8, 8, 8], "uv": [0, 0]},
						{"origin": [-3, 13.00002, -11.4], "size": [2, 2, 2], "pivot": [-0.5, 12, -10.4], "rotation": [0, 0, -7.5], "uv": [16, 28]},
						{"origin": [-3.5, 12.00002, -11.9], "size": [3, 1, 3], "pivot": [-0.5, 12, -10.4], "rotation": [0, 0, -7.5], "uv": [24, 36]},
						{"origin": [-2.5, 15.00002, -10.9], "size": [1, 1, 1], "pivot": [-0.5, 12, -10.4], "rotation": [0, 0, -7.5], "uv": [20, 44]},
						{"origin": [1, 11.00002, -11.4], "size": [2, 3, 2], "pivot": [1, 12.00002, -10.4], "rotation": [0, 0, 7.5], "uv": [32, 42]},
						{"origin": [1.5, 14.00002, -10.9], "size": [1, 1, 1], "pivot": [1, 12.00002, -10.4], "rotation": [0, 0, 7.5], "uv": [32, 40]},
						{"origin": [-3.5, 5.00002, -18.4], "size": [7, 3, 2], "uv": [32, 0]}
					]
				},
				{
					"name": "ears",
					"parent": "head",
					"pivot": [0, -1.4, -0.9]
				},
				{
					"name": "ear_left",
					"parent": "ears",
					"pivot": [4, 11.6, -11.4],
					"cubes": [
						{"origin": [4, 11.6, -12.4], "size": [4, 0, 4], "uv": [32, 12]}
					]
				},
				{
					"name": "ear_left2",
					"parent": "ear_left",
					"pivot": [8, 11.6, -10.4],
					"cubes": [
						{"origin": [8, 11.6, -12.4], "size": [4, 0, 4], "uv": [32, 8]}
					]
				},
				{
					"name": "ear_right",
					"parent": "ears",
					"pivot": [-4, 11.6, -11.4],
					"cubes": [
						{"origin": [-7, 11.6, -12.4], "size": [3, 0, 4], "uv": [30, 32]}
					]
				},
				{
					"name": "ear_right2",
					"parent": "ear_right",
					"pivot": [-7, 11.6, -10.4],
					"cubes": [
						{"origin": [-10, 11.6, -12.4], "size": [3, 0, 4], "uv": [16, 32]}
					]
				},
				{
					"name": "eyes",
					"parent": "head",
					"pivot": [-2, 7.00002, -13.49702],
					"rotation": [-2.5, 0, 0],
					"cubes": [
						{"origin": [-5.01, 5.60002, -13.9], "size": [0, 3, 1], "uv": [8, 42]},
						{"origin": [-5.01, 6.60002, -14.9], "size": [0, 1, 1], "uv": [8, 46]},
						{"origin": [-5.01, 6.60002, -12.9], "size": [0, 1, 1], "uv": [10, 46]},
						{"origin": [-5, 5.00002, -15.4], "size": [10, 4, 4], "uv": [24, 16]},
						{"origin": [5.01, -20.39998, -13.9], "size": [0, 3, 1], "pivot": [0, -5.89998, -0.49702], "rotation": [-90, 0, 0], "uv": [10, 42]}
					]
				},
				{
					"name": "eyelid_right",
					"parent": "eyes",
					"pivot": [-2, 7.00002, -13.4],
					"cubes": [
						{"origin": [-5, 5.00002, -15.4], "size": [6, 4, 4], "inflate": -0.1, "uv": [24, 24]}
					]
				},
				{
					"name": "eyelid_left",
					"parent": "eyes",
					"pivot": [2, 7.00002, -13.4],
					"cubes": [
						{"origin": [-1, 5.00002, -15.4], "size": [6, 4, 4], "inflate": -0.1, "uv": [24, 24]}
					]
				},
				{
					"name": "jaw",
					"parent": "head",
					"pivot": [0, 5.00002, -16.4],
					"cubes": [
						{"origin": [-3.5, 4.00002, -18.4], "size": [7, 1, 2], "uv": [32, 5]}
					]
				},
				{
					"name": "goatee",
					"parent": "head",
					"pivot": [0, 4.00002, -15.4],
					"cubes": [
						{"origin": [-1.5, 1.00002, -15.4], "size": [3, 3, 0], "uv": [14, 51]}
					]
				},
				{
					"name": "tail",
					"parent": "torso",
					"pivot": [0, 9, 2.25]
				},
				{
					"name": "tail_right",
					"parent": "tail",
					"pivot": [0, 8, 3],
					"rotation": [0, -22.5, 0],
					"cubes": [
						{"origin": [-1, 8, 3], "size": [1, 0, 2], "inflate": 0.02, "uv": [44, 40]}
					]
				},
				{
					"name": "tail_right2",
					"parent": "tail_right",
					"pivot": [-0.5, 8, 5],
					"cubes": [
						{"origin": [-1, 8, 5], "size": [1, 0, 2], "inflate": 0.01, "uv": [26, 46]}
					]
				},
				{
					"name": "tail_right3",
					"parent": "tail_right2",
					"pivot": [-0.5, 8, 7],
					"cubes": [
						{"origin": [-1, 8, 7], "size": [1, 0, 2], "uv": [40, 46]}
					]
				},
				{
					"name": "tail_right4",
					"parent": "tail_right3",
					"pivot": [-0.5, 8, 9],
					"cubes": [
						{"origin": [-1.5, 7, 9], "size": [2, 2, 2], "uv": [40, 42]}
					]
				},
				{
					"name": "tail_left",
					"parent": "tail",
					"pivot": [0, 8, 3],
					"rotation": [0, 22.5, 0],
					"cubes": [
						{"origin": [0, 8, 3], "size": [1, 0, 2], "inflate": 0.01, "uv": [46, 46]}
					]
				},
				{
					"name": "tail_left2",
					"parent": "tail_left",
					"pivot": [0.5, 8, 5],
					"cubes": [
						{"origin": [0, 8, 5], "size": [1, 0, 2], "uv": [20, 46]}
					]
				},
				{
					"name": "tail_left3",
					"parent": "tail_left2",
					"pivot": [0.5, 8, 7],
					"cubes": [
						{"origin": [-0.5, 7, 7], "size": [2, 2, 2], "uv": [40, 42], "mirror": true}
					]
				},
				{
					"name": "legs",
					"parent": "body",
					"pivot": [0, 10, 2]
				},
				{
					"name": "leg_front_left",
					"parent": "legs",
					"pivot": [2, 8.5, -0.75]
				},
				{
					"name": "leg_front_left2",
					"parent": "leg_front_left",
					"pivot": [1.75, 5, -2.5],
					"cubes": [
						{"origin": [0.75, 1.25, -2.5], "size": [2, 4, 2], "uv": [36, 36]}
					]
				},
				{
					"name": "leg_front_left3",
					"parent": "leg_front_left2",
					"pivot": [1.75, 2.25, -1.5],
					"cubes": [
						{"origin": [0.75, 0, -2.75], "size": [2, 2, 2], "inflate": 0.01, "pivot": [1.75, 1, -1.75], "rotation": [-180, 0, 0], "uv": [44, 24]}
					]
				},
				{
					"name": "leg_back_left",
					"parent": "legs",
					"pivot": [2, 8.5, 3.75]
				},
				{
					"name": "leg_back_left2",
					"parent": "leg_back_left",
					"pivot": [1.75, 5.25, 1.75],
					"cubes": [
						{"origin": [0.75, 1.25, 0.5], "size": [2, 4, 2], "uv": [24, 40]}
					]
				},
				{
					"name": "leg_back_left3",
					"parent": "leg_back_left2",
					"pivot": [1.75, 2.25, 1.5],
					"cubes": [
						{"origin": [0.75, 0, 0.25], "size": [2, 2, 2], "inflate": 0.01, "pivot": [1.75, 1, 1.25], "rotation": [-180, 0, 0], "uv": [44, 28]}
					]
				},
				{
					"name": "leg_front_right",
					"parent": "legs",
					"pivot": [-2, 8.5, -0.75]
				},
				{
					"name": "leg_front_right2",
					"parent": "leg_front_right",
					"pivot": [-1.75, 5, -2.5],
					"cubes": [
						{"origin": [-2.75, 1.25, -2.5], "size": [2, 4, 2], "uv": [12, 41]}
					]
				},
				{
					"name": "leg_front_right3",
					"parent": "leg_front_right2",
					"pivot": [-1.75, 2.25, -1.5],
					"cubes": [
						{"origin": [-2.75, 0, -2.75], "size": [2, 2, 2], "inflate": 0.01, "pivot": [-1.75, 1, -1.75], "rotation": [-180, 0, 0], "uv": [44, 32]}
					]
				},
				{
					"name": "leg_back_right",
					"parent": "legs",
					"pivot": [-2, 8.5, 3.75]
				},
				{
					"name": "leg_back_right2",
					"parent": "leg_back_right",
					"pivot": [-1.75, 5.25, 1.75],
					"cubes": [
						{"origin": [-2.75, 1.25, 0.5], "size": [2, 4, 2], "uv": [0, 42]}
					]
				},
				{
					"name": "leg_back_right3",
					"parent": "leg_back_right2",
					"pivot": [-1.75, 2.25, 1.5],
					"cubes": [
						{"origin": [-2.75, 0, 0.25], "size": [2, 2, 2], "inflate": 0.01, "pivot": [-1.75, 1, 1.25], "rotation": [-180, 0, 0], "uv": [44, 36]}
					]
				}
			]
		}
	]
}