{
    "enabled": true,
    "neededInstalledMods": [],
    "neededUninstalledMods": [],
    "spawns": [
        {
            "id": "chikorita-jetian-1",
            "pokemon": "chikorita jetian",
            "presets": [],
            "type": "pokemon",
            "context": "grounded",
            "bucket": "rare",
            "level": "5-20",
            "weight": 10.0,
            "condition": {
                "structures": [
                    "#minecraft:village"
                ],
                "timeRange": "day",
                "canSeeSky": true,
                "isRaining": false,
                "isThundering": false
            }
        }
    ]
}