{
    "enabled": true,
    "neededInstalledMods": [],
    "neededUninstalledMods": [],
    "spawns": [
        {
            "id": "feebas-jetian-1",
            "pokemon": "feebas jetian",
            "presets": [
                "water"
            ],
            "type": "pokemon",
            "context": "submerged",
            "bucket": "uncommon",
            "level": "23-48",
            "weight": 10.0,
            "condition": {
                "canSeeSky": true,
                "biomes": [
                    "#cobblemon:is_warm_ocean"
                ]
            }
        },
        {
            "id": "feebas-jetian-2",
            "pokemon": "feebas jetian",
            "type": "pokemon",
            "context": "fishing",
            "bucket": "uncommon",
            "level": "23-48",
            "weight": 10.0,
            "condition": {
                "canSeeSky": true,
                "biomes": [
                    "#cobblemon:is_warm_ocean"
                ]
            },
            "anticondition": {
                "minLureLevel": 1
            }
        },
        {
            "id": "feebas-jetian-3",
            "pokemon": "feebas jetian",
            "type": "pokemon",
            "context": "fishing",
            "bucket": "common",
            "level": "23-48",
            "weight": 10.0,
            "weightMultiplier": {
                "multiplier": 0.6,
                "condition": {
                    "minLureLevel": 1,
                    "maxLureLevel": 2
                }
            },
            "condition": {
                "canSeeSky": true,
                "biomes": [
                    "#cobblemon:is_warm_ocean"
                ],
                "minLureLevel": 1
            }
        },
        {
            "id": "feebas-jetian-4",
            "pokemon": "feebas jetian",
            "presets": [
                "water"
            ],
            "type": "pokemon",
            "context": "submerged",
            "bucket": "uncommon",
            "level": "23-48",
            "weight": 10.0,
            "condition": {
                "canSeeSky": false,
                "minSkyLight": 8,
                "maxSkyLight": 15,
                "biomes": [
                    "#cobblemon:is_warm_ocean"
                ]
            }
        },
        {
            "id": "feebas-jetian-5",
            "pokemon": "feebas jetian",
            "type": "pokemon",
            "context": "fishing",
            "bucket": "uncommon",
            "level": "23-48",
            "weight": 10.0,
            "condition": {
                "canSeeSky": false,
                "minSkyLight": 8,
                "maxSkyLight": 15,
                "biomes": [
                    "#cobblemon:is_warm_ocean"
                ]
            },
            "anticondition": {
                "minLureLevel": 1
            }
        },
        {
            "id": "feebas-jetian-6",
            "pokemon": "feebas jetian",
            "type": "pokemon",
            "context": "fishing",
            "bucket": "common",
            "level": "23-48",
            "weight": 10.0,
            "weightMultiplier": {
                "multiplier": 0.6,
                "condition": {
                    "minLureLevel": 1,
                    "maxLureLevel": 2
                }
            },
            "condition": {
                "canSeeSky": false,
                "minSkyLight": 8,
                "maxSkyLight": 15,
                "biomes": [
                    "#cobblemon:is_warm_ocean"
                ],
                "minLureLevel": 1
            }
        }
    ]
}
