{
    "enabled": true,
    "neededInstalledMods": [],
    "neededUninstalledMods": [],
    "spawns": [
        {
            "id": "pumpkaboo-jetian-1",
            "pokemon": "pumpkaboo jetian",
            "presets": [],
            "type": "pokemon",
            "context": "grounded",
            "bucket": "common",
            "level": "5-20",
            "weight": 10.0,
            "condition": {
                "neededNearbyBlocks": [
                    "minecraft:pumpkin"
                ],
                "biomes": [
                    "#cobblemon:is_savanna"
                ],
                "timeRange": "day",
                "canSeeSky": true
            }
        }
    ]
}