{
    "enabled": true,
    "neededInstalledMods": [],
    "neededUninstalledMods": [],
    "spawns": [
        {
            "id": "stufful-jetian-1",
            "pokemon": "stufful jetian",
            "presets": [
                "natural"
            ],
            "type": "pokemon",
            "context": "grounded",
            "bucket": "common",
            "level": "9-34",
            "weight": 9.0,
            "condition": {
                "neededNearbyBlocks": [
                    "minecraft:spruce_log"
                ],
                "minSkyLight": 8,
                "maxSkyLight": 15,
                "biomes": [
                    "#cobblemon:is_forest",
                    "#cobblemon:is_freezing"
                ]
            }
        }
    ]
}
