{
    "enabled": true,
    "neededInstalledMods": [],
    "neededUninstalledMods": [],
    "spawns": [
        {
            "id": "todlbug-1",
            "pokemon": "todlbug",
            "presets": [
                "natural",
                "wild"
            ],
            "type": "pokemon",
            "context": "grounded",
            "bucket": "uncommon",
            "level": "5-50",
            "weight": 10.0,
            "condition": {
                "minSkyLight": 8,
                "maxSkyLight": 15,
                "biomes": [
                    "#cobblemon:is_jungle",
                    "#cobblemon:is_tropical_island"
                ],
                "timeRange": "night"
            }
        },
        {
            "id": "todlbug-2",
            "pokemon": "todlbug",
            "presets": [
                "natural",
                "treetop",
                "wild"
            ],
            "type": "pokemon",
            "context": "grounded",
            "bucket": "common",
            "level": "5-50",
            "weight": 2.0,
            "weightMultiplier": {
                "multiplier": 5.0,
                "condition": {
                    "timeRange": "twilight"
                }
            },
            "condition": {
                "minSkyLight": 8,
                "maxSkyLight": 15,
                "biomes": [
                    "#cobblemon:is_forest"
                ]
            },
            "anticondition": {
                "biomes": [
                    "#cobblemon:is_freezing",
                    "#cobblemon:is_spooky"
                ]
            }
        }
    ]
}
