{
    "head": "head",
    "portraitScale": 1.25,
    "portraitTranslation": [ 0, -0.5, 0 ],
    "profileScale": 0.8,
    "profileTranslation": [ 0, 0.3, 0 ],
    "faint": "bedrock(leliellegend, faint)",
    "poses": {
    "standing": {
        "poseName": "standing",
        "transformTicks": 10,
        "poseTypes": [
        "STAND",
        "NONE",
        "PORTRAIT",
        "PROFILE"
        ],
        "animations": [
        "look",
        "bedrock(leliellegend, ground_idle)"
        ]
    },
    "walking": {
        "poseName": "walking",
        "transformTicks": 10,
        "poseTypes": [ "WALK" ],
        "animations": [ "bedrock(leliellegend, ground_walk)" ]
    },
    "floating": {
        "poseName": "floating",
        "transformTicks": 10,
        "poseTypes": [ "FLOAT" ],
        "animations": [ "bedrock(leliellegend, ground_idle)" ]
    },
    "swimming": {
        "poseName": "swimming",
        "transformTicks": 10,
        "poseTypes": [ "SWIM" ],
        "animations": [ "bedrock(leliellegend, ground_walk)" ]
        }
    }
}