{
    "head": "head",
    "portraitScale": 1.25,
    "portraitTranslation": [ 0, -0.5, 0 ],
    "profileScale": 0.8,
    "profileTranslation": [ 0, 0.1, 0 ],
    "faint": "bedrock(tabris, faint)",
    "poses": {
    "standing": {
        "poseName": "standing",
        "transformTicks": 10,
        "poseTypes": ["STAND", "FLOAT", "HOVER", "NONE", "PORTRAIT", "PROFILE", "FLY", "WALK"],
        "animations": [
        "look",
        "bedrock(tabris, all)"
        ]
    }
    }
}