{
	"format_version": "1.12.0",
	"minecraft:geometry": [
		{
			"description": {
				"identifier": "geometry.upsigenia_fetus",
				"texture_width": 64,
				"texture_height": 64,
				"visible_bounds_width": 3,
				"visible_bounds_height": 2.5,
				"visible_bounds_offset": [0, 0.75, 0]
			},
			"bones": [
				{
					"name": "upsigenia_fetus",
					"pivot": [0, 0, 0]
				},
				{
					"name": "body",
					"parent": "upsigenia_fetus",
					"pivot": [0, 10, 2]
				},
				{
					"name": "torso",
					"parent": "body",
					"pivot": [0, 10, 2],
					"cubes": [
						{"origin": [-3, 7, 0], "size": [6, 6, 6], "uv": [0, 0]}
					]
				},
				{
					"name": "spike_left_front",
					"parent": "torso",
					"pivot": [2.5, 7, 1.25],
					"cubes": [
						{"origin": [2.5, 4, 0.25], "size": [0, 4, 2], "uv": [4, 20]}
					]
				},
				{
					"name": "spike_left_back",
					"parent": "torso",
					"pivot": [2.5, 7, 4.75],
					"cubes": [
						{"origin": [2.5, 4, 3.75], "size": [0, 4, 2], "uv": [0, 10]}
					]
				},
				{
					"name": "spike_right_back",
					"parent": "torso",
					"pivot": [-2.5, 7, 4.75],
					"cubes": [
						{"origin": [-2.5, 4, 3.75], "size": [0, 4, 2], "uv": [0, 0]}
					]
				},
				{
					"name": "spike_right_front",
					"parent": "torso",
					"pivot": [-2.5, 7, 1.25],
					"cubes": [
						{"origin": [-2.5, 4, 0.25], "size": [0, 4, 2], "uv": [0, 20]}
					]
				},
				{
					"name": "leg_left_front",
					"parent": "torso",
					"pivot": [2.5, 13, 0],
					"cubes": [
						{"origin": [2.5, 13, 0], "size": [0, 2, 1], "uv": [4, 13]}
					]
				},
				{
					"name": "foot_left_front",
					"parent": "leg_left_front",
					"pivot": [2.5, 15, 0],
					"cubes": [
						{"origin": [2, 15, 0], "size": [1, 1, 1], "uv": [12, 22]}
					]
				},
				{
					"name": "leg_left_back",
					"parent": "torso",
					"pivot": [2.5, 13, 6],
					"cubes": [
						{"origin": [2.5, 13, 5], "size": [0, 2, 1], "uv": [4, 2]}
					]
				},
				{
					"name": "foot_left_back",
					"parent": "leg_left_back",
					"pivot": [2.5, 15, 6],
					"cubes": [
						{"origin": [2, 15, 5], "size": [1, 1, 1], "uv": [22, 4]}
					]
				},
				{
					"name": "leg_right_back",
					"parent": "torso",
					"pivot": [-2.5, 13, 6],
					"cubes": [
						{"origin": [-2.5, 13, 5], "size": [0, 2, 1], "uv": [4, 0]}
					]
				},
				{
					"name": "foot_right_back",
					"parent": "leg_right_back",
					"pivot": [-2.5, 15, 6],
					"cubes": [
						{"origin": [-3, 15, 5], "size": [1, 1, 1], "uv": [18, 4]}
					]
				},
				{
					"name": "leg_right_front",
					"parent": "torso",
					"pivot": [-2.5, 13, 0],
					"cubes": [
						{"origin": [-2.5, 13, 0], "size": [0, 2, 1], "uv": [4, 11]}
					]
				},
				{
					"name": "foot_right_front",
					"parent": "leg_right_front",
					"pivot": [-2.5, 15, 0],
					"cubes": [
						{"origin": [-3, 15, 0], "size": [1, 1, 1], "uv": [8, 22]}
					]
				},
				{
					"name": "tail1",
					"parent": "torso",
					"pivot": [0, 10, 6],
					"cubes": [
						{"origin": [-0.5, 9.5, 5], "size": [1, 1, 3], "uv": [18, 0]}
					]
				},
				{
					"name": "tail2",
					"parent": "tail1",
					"pivot": [0, 9.5, 8],
					"cubes": [
						{"origin": [0, 9.5, 8], "size": [0, 1, 2], "uv": [0, 14]}
					]
				},
				{
					"name": "neck",
					"parent": "torso",
					"pivot": [0, 10, 0],
					"cubes": [
						{"origin": [-0.5, 9.5, -1.75], "size": [1, 1, 2], "uv": [18, 15]},
						{"origin": [-1.5, 9.5, -0.75], "size": [3, 1, 0], "uv": [0, 0]}
					]
				},
				{
					"name": "head",
					"parent": "neck",
					"pivot": [0, 10, -1.5],
					"cubes": [
						{"origin": [-2, 8.5, -5.5], "size": [4, 3, 4], "uv": [20, 8]},
						{"origin": [-2.25, 8.75, -5.525], "size": [2, 1, 0], "pivot": [-1.25, 9.25, -5.525], "rotation": [0, 0, 10], "uv": [22, 15]},
						{"origin": [-2.25, 10, -5.525], "size": [2, 1, 0], "pivot": [-1.25, 10.5, -5.525], "rotation": [0, 0, 5], "uv": [15, 22]},
						{"origin": [0.25, 10, -5.525], "size": [2, 1, 0], "pivot": [1.25, 10.5, -5.525], "rotation": [0, 0, -5], "uv": [0, 1]},
						{"origin": [0.25, 8.75, -5.525], "size": [2, 1, 0], "pivot": [1.25, 9.25, -5.525], "rotation": [0, 0, -10], "uv": [0, 17]},
						{"origin": [-3, 4.5, -6.5], "size": [6, 4, 6], "uv": [0, 12]},
						{"origin": [2, 4, -6.5], "size": [3, 3, 4], "pivot": [5, 6, -3.5], "rotation": [0, 17.5, 20], "uv": [20, 18]}
					]
				}
			]
		}
	]
}