{
	"format_version": "1.8.0",
	"animations": {
		"animation.squelio.ground_idle": {
			"loop": true,
			"animation_length": 2.52,
			"bones": {
				"head": {
					"rotation": {
						"0.0": [-2.5, 0, 0],
						"1.48": [0, 0, 0],
						"2.52": [-2.5, 0, 0]
					}
				},
				"bone2": {
					"rotation": {
						"0.0": [10, 0, 0],
						"1.48": [0, 0, 0],
						"2.52": [10, 0, 0]
					}
				},
				"bone3": {
					"rotation": {
						"0.0": [15, 0, 0],
						"1.48": [2.5, 0, 0],
						"2.52": [15, 0, 0]
					},
					"position": {
						"0.0": [0, 1, 0],
						"2.52": [0, 1, 0]
					}
				},
				"bone4": {
					"rotation": {
						"0.0": [20, 0, 0],
						"1.48": [15, 0, 0],
						"2.52": [20, 0, 0]
					}
				},
				"bone5": {
					"rotation": {
						"0.0": [27.5, 0, 0],
						"1.48": [15, 0, 0],
						"2.52": [27.5, 0, 0]
					},
					"position": {
						"0.0": [0, 1, 0],
						"2.52": [0, 1, 0]
					}
				},
				"bone6": {
					"rotation": {
						"0.0": [20, 0, 0],
						"1.48": [10, 0, 0],
						"2.52": [20, 0, 0]
					}
				},
				"bone8": {
					"rotation": {
						"0.0": [27.5, 0, 0],
						"1.48": [15, 0, 0],
						"2.52": [27.5, 0, 0]
					},
					"position": {
						"0.0": [0, 1, 0],
						"2.52": [0, 1, 0]
					}
				},
				"bone7": {
					"rotation": {
						"0.0": [15, 0, 0],
						"1.48": [5, 0, 0],
						"2.52": [15, 0, 0]
					}
				},
				"bone9": {
					"rotation": {
						"0.0": [30, 0, 0],
						"1.48": [17.5, 0, 0],
						"2.52": [30, 0, 0]
					},
					"position": {
						"0.0": [0, 1, 0],
						"2.52": [0, 1, 0]
					}
				},
				"bone10": {
					"rotation": {
						"0.0": [15, 0, 0],
						"1.48": [5, 0, 0],
						"2.52": [15, 0, 0]
					}
				},
				"bone11": {
					"rotation": {
						"0.0": [30, 0, 0],
						"1.48": [17.5, 0, 0],
						"2.52": [30, 0, 0]
					},
					"position": {
						"0.0": [0, 1, 0],
						"2.52": [0, 1, 0]
					}
				}
			}
		},
		"animation.squelio.ground_walk": {
			"loop": true,
			"animation_length": 0.48,
			"bones": {
				"head": {
					"rotation": {
						"0.0": [0, 0, 0],
						"0.24": [10, 0, 0],
						"0.48": [0, 0, 0]
					},
					"position": {
						"0.0": [0, -1, 0],
						"0.48": [0, -1, 0]
					}
				},
				"bone2": {
					"rotation": {
						"0.0": [45, 0, 0],
						"0.24": [67.5, 0, 0],
						"0.48": [45, 0, 0]
					}
				},
				"bone3": {
					"rotation": {
						"0.0": [22.5, 0, 0],
						"0.24": [45, 0, 0],
						"0.48": [22.5, 0, 0]
					},
					"position": {
						"0.0": [0, 1, 0],
						"0.48": [0, 1, 0]
					}
				},
				"bone4": {
					"rotation": {
						"0.0": [40, 0, 0],
						"0.24": [62.5, 0, 0],
						"0.48": [40, 0, 0]
					}
				},
				"bone5": {
					"rotation": {
						"0.0": [22.5, 0, 0],
						"0.24": [45, 0, 0],
						"0.48": [22.5, 0, 0]
					},
					"position": {
						"0.0": [0, 1, 0],
						"0.48": [0, 1, 0]
					}
				},
				"bone6": {
					"rotation": {
						"0.0": [40, 0, 0],
						"0.24": [62.5, 0, 0],
						"0.48": [40, 0, 0]
					}
				},
				"bone8": {
					"rotation": {
						"0.0": [22.5, 0, 0],
						"0.24": [45, 0, 0],
						"0.48": [22.5, 0, 0]
					},
					"position": {
						"0.0": [0, 1, 0],
						"0.48": [0, 1, 0]
					}
				},
				"bone7": {
					"rotation": {
						"0.0": [45, 0, 0],
						"0.24": [67.5, 0, 0],
						"0.48": [45, 0, 0]
					}
				},
				"bone9": {
					"rotation": {
						"0.0": [22.5, 0, 0],
						"0.24": [45, 0, 0],
						"0.48": [22.5, 0, 0]
					},
					"position": {
						"0.0": [0, 1, 0],
						"0.48": [0, 1, 0]
					}
				},
				"bone10": {
					"rotation": {
						"0.0": [45, 0, 0],
						"0.24": [67.5, 0, 0],
						"0.48": [45, 0, 0]
					}
				},
				"bone11": {
					"rotation": {
						"0.0": [22.5, 0, 0],
						"0.24": [45, 0, 0],
						"0.48": [22.5, 0, 0]
					},
					"position": {
						"0.0": [0, 1, 0],
						"0.48": [0, 1, 0]
					}
				}
			}
		}
	}
}