{
	"format_version": "1.12.0",
	"minecraft:geometry": [
		{
			"description": {
				"identifier": "geometry.hollorn",
				"texture_width": 64,
				"texture_height": 64,
				"visible_bounds_width": 3,
				"visible_bounds_height": 2.5,
				"visible_bounds_offset": [0, 0.75, 0]
			},
			"bones": [
				{
					"name": "hollorn",
					"pivot": [0, 0, 0]
				},
				{
					"name": "body",
					"parent": "hollorn",
					"pivot": [0, -1.25, 0]
				},
				{
					"name": "torso",
					"parent": "body",
					"pivot": [0, 5.9, 1],
					"rotation": [-12.5, 0, 0],
					"cubes": [
						{"origin": [-2.5, 3.9, -2.75], "size": [5, 4, 7], "uv": [0, 0]},
						{"origin": [-1.5, 7.4, -0.75], "size": [3, 2, 4], "uv": [20, 18]},
						{"origin": [-1, 9.42, 0.25], "size": [2, 0, 2], "uv": [22, 36]}
					],
					"locators": {
						"quirk4": [0, 9.45, 1.25]
					}
				},
				{
					"name": "tail",
					"parent": "torso",
					"pivot": [0, 4.9, 4.25],
					"rotation": [10, 0, 0],
					"cubes": [
						{"origin": [-1.5, 4.9, 4.25], "size": [3, 3, 3], "uv": [0, 23]}
					],
					"locators": {
						"quirk5": [0, 7.95, 5.8]
					}
				},
				{
					"name": "tail2",
					"parent": "tail",
					"pivot": [0, 5.9, 7.25],
					"rotation": [10, 0, 0],
					"cubes": [
						{"origin": [-0.5, 5.9, 7.25], "size": [1, 2, 2], "uv": [16, 36]}
					]
				},
				{
					"name": "neck",
					"parent": "torso",
					"pivot": [0, 3.9, -2.75],
					"rotation": [-37.5, 0, 0],
					"cubes": [
						{"origin": [-1.5, 3.9, -6.75], "size": [3, 3, 4], "uv": [20, 11]}
					]
				},
				{
					"name": "head",
					"parent": "neck",
					"pivot": [0, 6.9, -6.75],
					"rotation": [50, 0, 0],
					"cubes": [
						{"origin": [-2.5, 3.9, -11.75], "size": [5, 1, 5], "uv": [0, 11]},
						{"origin": [-2.5, 7.9, -11.75], "size": [5, 1, 5], "uv": [0, 17]},
						{"origin": [-2.5, 4.9, -11.75], "size": [5, 3, 1], "uv": [32, 30]},
						{"origin": [-2.5, 4.9, -7.75], "size": [5, 3, 1], "uv": [34, 11]},
						{"origin": [-1.5, 4.9, -10.75], "size": [3, 3, 3], "inflate": 0.1, "uv": [0, 29]},
						{"origin": [-2, 4.15, -13.25], "size": [4, 3, 2], "uv": [24, 6]},
						{"origin": [-0.5, 8.5786, -11.9607], "size": [1, 0, 1], "pivot": [0.5, 10.5686, -12.9607], "rotation": [50, 0, 0], "uv": [12, 23]},
						{"origin": [-1, 7.66604, -3.24049], "size": [2, 2, 0], "pivot": [0, 9.66604, -3.25049], "rotation": [-50, 0, 0], "uv": [34, 39]},
						{"origin": [-1.5, 9.64278, -5.56187], "size": [3, 3, 3], "pivot": [-0.5, 11.64278, -5.56187], "rotation": [-50, 0, 0], "uv": [12, 24]},
						{"origin": [-1, 9.955, -9.17], "size": [2, 2, 4], "inflate": 0.01, "uv": [24, 24]},
						{"origin": [-0.5, 11.98, -7.67885], "size": [1, 0, 1], "uv": [12, 23]},
						{"origin": [-1, 6.9, -11.75], "size": [2, 2, 4], "pivot": [0, 8.9, -11.75], "rotation": [50, 0, 0], "uv": [24, 0]}
					],
					"locators": {
						"quirk1": {
							"offset": [0, 10.5, -10.5],
							"rotation": [50, 0, 0]
						},
						"quirk2": [0, 12, -7.15],
						"quirk3": {
							"offset": [0, 11.1, -3.8],
							"rotation": [-50, 0, 0]
						}
					}
				},
				{
					"name": "arm_left",
					"parent": "torso",
					"pivot": [2.5, 4.75, -0.75],
					"rotation": [20, 0, 15],
					"cubes": [
						{"origin": [2, 3.5, -2], "size": [1, 1, 1], "inflate": 0.25, "uv": [26, 38]}
					]
				},
				{
					"name": "hand_left",
					"parent": "arm_left",
					"pivot": [2.5, 3.25, -0.75],
					"rotation": [-25, 0, 0],
					"cubes": [
						{"origin": [1.5, 1.25, -2.75], "size": [2, 2, 2], "uv": [36, 0]},
						{"origin": [2.75, 1, -3], "size": [1, 1, 1], "uv": [0, 39]},
						{"origin": [2, 1.24, -2.25], "size": [1, 0, 1], "uv": [12, 23]},
						{"origin": [1.25, 1, -3], "size": [1, 1, 1], "uv": [4, 39]}
					]
				},
				{
					"name": "arm_right",
					"parent": "torso",
					"pivot": [-2.5, 4.75, -0.75],
					"rotation": [20, 0, -15],
					"cubes": [
						{"origin": [-3, 3.5, -2], "size": [1, 1, 1], "inflate": 0.25, "uv": [30, 39]}
					]
				},
				{
					"name": "hand_right",
					"parent": "arm_right",
					"pivot": [-2.5, 3.25, -0.75],
					"rotation": [-25, 0, 0],
					"cubes": [
						{"origin": [-3.5, 1.25, -2.75], "size": [2, 2, 2], "uv": [36, 4]},
						{"origin": [-3, 1.24, -2.25], "size": [1, 0, 1], "uv": [12, 23]},
						{"origin": [-2.25, 1, -3], "size": [1, 1, 1], "uv": [8, 39]},
						{"origin": [-3.75, 1, -3], "size": [1, 1, 1], "uv": [12, 39]}
					]
				},
				{
					"name": "legs",
					"parent": "body",
					"pivot": [0, -1.25, 0]
				},
				{
					"name": "leg_right",
					"parent": "legs",
					"pivot": [-2.5, 4.4, 2],
					"rotation": [-10, 0, 0],
					"cubes": [
						{"origin": [-3.5, 2.9, 0.5], "size": [2, 3, 3], "inflate": 0.25, "uv": [22, 30]}
					],
					"locators": {
						"quirk6": {
							"offset": [-3.75, 4.5, 2],
							"rotation": [0, 0, -90]
						}
					}
				},
				{
					"name": "leg_right2",
					"parent": "leg_right",
					"pivot": [-2.5, 2.9, 0.5],
					"rotation": [62.5, 0, 0],
					"cubes": [
						{"origin": [-3.5, -0.1, 0.5], "size": [2, 3, 2], "inflate": 0.01, "uv": [32, 34]}
					]
				},
				{
					"name": "leg_right3",
					"parent": "leg_right2",
					"pivot": [-2.5, -0.1, 2.5],
					"rotation": [-52.5, 0, 0],
					"cubes": [
						{"origin": [-3.5, -2.1, 0.5], "size": [2, 2, 2], "uv": [0, 35]}
					]
				},
				{
					"name": "foot_right",
					"parent": "leg_right3",
					"pivot": [-2.5, -2.1, 0.5],
					"cubes": [
						{"origin": [-3, -3.12, 1], "size": [1, 0, 1], "uv": [12, 23]},
						{"origin": [-3.5, -3.1, 0.5], "size": [2, 1, 2], "inflate": 0.01, "uv": [36, 8]}
					]
				},
				{
					"name": "toe_right_inner",
					"parent": "foot_right",
					"pivot": [-2.5, -2.1, 0.5],
					"rotation": [0, -22.5, 0],
					"cubes": [
						{"origin": [-2.5, -3.1, -0.5], "size": [1, 1, 1], "uv": [36, 28]}
					]
				},
				{
					"name": "toe_right_outer",
					"parent": "foot_right",
					"pivot": [-2.5, -2.1, 0.5],
					"rotation": [0, 22.5, 0],
					"cubes": [
						{"origin": [-3.5, -3.1, -0.5], "size": [1, 1, 1], "uv": [22, 38]}
					]
				},
				{
					"name": "leg_left",
					"parent": "legs",
					"pivot": [2.5, 4.4, 2],
					"rotation": [-10, 0, 0],
					"cubes": [
						{"origin": [1.5, 2.9, 0.5], "size": [2, 3, 3], "inflate": 0.25, "uv": [12, 30]}
					],
					"locators": {
						"quirk7": {
							"offset": [3.75, 4.5, 2],
							"rotation": [0, 0, -90]
						}
					}
				},
				{
					"name": "leg_left2",
					"parent": "leg_left",
					"pivot": [2.5, 2.9, 0.5],
					"rotation": [62.5, 0, 0],
					"cubes": [
						{"origin": [1.5, -0.1, 0.5], "size": [2, 3, 2], "inflate": 0.01, "uv": [34, 15]}
					]
				},
				{
					"name": "leg_left3",
					"parent": "leg_left2",
					"pivot": [2.5, -0.1, 2.5],
					"rotation": [-52.5, 0, 0],
					"cubes": [
						{"origin": [1.5, -2.1, 0.5], "size": [2, 2, 2], "uv": [34, 20]}
					]
				},
				{
					"name": "foot_left",
					"parent": "leg_left3",
					"pivot": [2.5, -2.1, 0.5],
					"cubes": [
						{"origin": [1.5, -3.1, 0.5], "size": [2, 1, 2], "inflate": 0.01, "uv": [8, 36]},
						{"origin": [2, -3.12, 1], "size": [1, 0, 1], "uv": [12, 23]}
					]
				},
				{
					"name": "toe_left_outer",
					"parent": "foot_left",
					"pivot": [2.5, -2.1, 0.5],
					"rotation": [0, -22.5, 0],
					"cubes": [
						{"origin": [2.5, -3.1, -0.5], "size": [1, 1, 1], "uv": [36, 24]}
					]
				},
				{
					"name": "toe_left_inner",
					"parent": "foot_left",
					"pivot": [2.5, -2.1, 0.5],
					"rotation": [0, 22.5, 0],
					"cubes": [
						{"origin": [1.5, -3.1, -0.5], "size": [1, 1, 1], "uv": [36, 26]}
					]
				}
			]
		}
	]
}