{
	"format_version": "1.12.0",
	"minecraft:geometry": [
		{
			"description": {
				"identifier": "geometry.mounstle",
				"texture_width": 128,
				"texture_height": 128,
				"visible_bounds_width": 3,
				"visible_bounds_height": 3.5,
				"visible_bounds_offset": [0, 1.25, 0]
			},
			"bones": [
				{
					"name": "mounstle",
					"pivot": [0, 0, 0]
				},
				{
					"name": "bone",
					"parent": "mounstle",
					"pivot": [0, 7, 0],
					"cubes": [
						{"origin": [-10, 7, -10], "size": [20, 14, 20], "uv": [0, 0]},
						{"origin": [-7, 21, -7], "size": [14, 4, 14], "uv": [47, 55]},
						{"origin": [-2, 22, -8], "size": [4, 8, 4], "uv": [19, 69]},
						{"origin": [-2, 23, 4], "size": [4, 8, 4], "uv": [19, 69]},
						{"origin": [-2, 25, -2], "size": [4, 8, 4], "uv": [19, 69]}
					]
				},
				{
					"name": "head",
					"parent": "mounstle",
					"pivot": [0, 13.5, -10],
					"cubes": [
						{"origin": [-4, 10, -15], "size": [8, 7, 8], "uv": [82, 4]}
					]
				},
				{
					"name": "leg",
					"parent": "mounstle",
					"pivot": [5.5, 7, -5.5],
					"cubes": [
						{"origin": [3, 0, -8], "size": [5, 9, 5], "uv": [10, 40]}
					]
				},
				{
					"name": "leg2",
					"parent": "mounstle",
					"pivot": [-5.5, 7, -5.5],
					"cubes": [
						{"origin": [-8, 0, -8], "size": [5, 9, 5], "uv": [10, 40]}
					]
				},
				{
					"name": "leg3",
					"parent": "mounstle",
					"pivot": [-5.5, 7, 5.5],
					"cubes": [
						{"origin": [-8, 0, 3], "size": [5, 9, 5], "uv": [10, 40]}
					]
				},
				{
					"name": "leg4",
					"parent": "mounstle",
					"pivot": [5.5, 7, 5.5],
					"cubes": [
						{"origin": [3, 0, 3], "size": [5, 9, 5], "uv": [10, 40]}
					]
				}
			]
		}
	]
}