{
	"format_version": "1.12.0",
	"minecraft:geometry": [
		{
			"description": {
				"identifier": "geometry.spinospecter",
				"texture_width": 512,
				"texture_height": 256,
				"visible_bounds_width": 16,
				"visible_bounds_height": 6.5,
				"visible_bounds_offset": [0, 2.75, 0]
			},
			"bones": [
				{
					"name": "spinospecter",
					"pivot": [0, 0, 0]
				},
				{
					"name": "body",
					"parent": "spinospecter",
					"pivot": [0, 0, 0]
				},
				{
					"name": "torso",
					"parent": "body",
					"pivot": [-0.25, 58.75, 7.5],
					"cubes": [
						{"origin": [-13.5, 29, -4], "size": [26, 30, 23], "uv": [158, 109]},
						{"origin": [0, 59, -4], "size": [0, 29, 23], "uv": [142, 177]}
					]
				},
				{
					"name": "tail",
					"parent": "torso",
					"pivot": [-0.25, 57.5, 32],
					"cubes": [
						{"origin": [-11.5, 31, 19], "size": [22, 28, 26], "uv": [0, 105]},
						{"origin": [0, 59, 19], "size": [0, 22, 26], "uv": [61, 182]}
					]
				},
				{
					"name": "tail2",
					"parent": "tail",
					"pivot": [-0.25, 57.5, 55],
					"cubes": [
						{"origin": [-8.5, 36, 45], "size": [16, 23, 20], "uv": [64, 51]},
						{"origin": [0, 59, 45], "size": [0, 17, 20], "uv": [77, 75]}
					]
				},
				{
					"name": "tail3",
					"parent": "tail2",
					"pivot": [-0.25, 58, 73.5],
					"cubes": [
						{"origin": [-6.5, 41, 65], "size": [12, 18, 17], "uv": [195, 163]},
						{"origin": [0, 59, 65], "size": [0, 14, 17], "uv": [160, 167]}
					]
				},
				{
					"name": "tail4",
					"parent": "tail3",
					"pivot": [-0.25, 58, 91],
					"cubes": [
						{"origin": [-4.5, 46, 82], "size": [8, 13, 18], "uv": [239, 147]},
						{"origin": [0, 59, 82], "size": [0, 9, 18], "uv": [0, 68]}
					]
				},
				{
					"name": "tail5",
					"parent": "tail4",
					"pivot": [-0.25, 58.25, 107.5],
					"cubes": [
						{"origin": [-2.5, 50, 100], "size": [4, 9, 15], "uv": [121, 174]},
						{"origin": [0, 59, 100], "size": [0, 6, 15], "uv": [33, 83]}
					]
				},
				{
					"name": "torso2",
					"parent": "torso",
					"pivot": [-1, 19, 1],
					"cubes": [
						{"origin": [-12, 29, -32], "size": [23, 30, 28], "uv": [154, 51]},
						{"origin": [0, 59, -30], "size": [0, 29, 26], "uv": [68, -26]}
					]
				},
				{
					"name": "arm_left",
					"parent": "torso2",
					"pivot": [14.5, 25.5, -27.5],
					"cubes": [
						{"origin": [11, 17, -31], "size": [7, 17, 7], "uv": [243, 205]}
					]
				},
				{
					"name": "arm_left2",
					"parent": "arm_left",
					"pivot": [14.5, 20.5, -38.5],
					"cubes": [
						{"origin": [12, 17, -46], "size": [5, 7, 15], "uv": [211, 234]}
					]
				},
				{
					"name": "hand_left",
					"parent": "arm_left2",
					"pivot": [-1, 59, 1],
					"cubes": [
						{"origin": [13, 17, -53], "size": [3, 7, 7], "uv": [0, 16]}
					]
				},
				{
					"name": "finger_top_left",
					"parent": "hand_left",
					"pivot": [14, 23, -55.5],
					"cubes": [
						{"origin": [13, 22, -58], "size": [2, 2, 5], "uv": [0, 96]}
					]
				},
				{
					"name": "finger_top_left2",
					"parent": "finger_top_left",
					"pivot": [-1, 59, 1],
					"cubes": [
						{"origin": [10, 23, -58], "size": [3, 0, 2], "uv": [35, 87]}
					]
				},
				{
					"name": "finger_bottom_left",
					"parent": "hand_left",
					"pivot": [14, 18, -55.5],
					"cubes": [
						{"origin": [13, 17, -58], "size": [2, 2, 5], "uv": [0, 96]}
					]
				},
				{
					"name": "finger_bottom_left2",
					"parent": "finger_bottom_left",
					"pivot": [-1, 59, 1],
					"cubes": [
						{"origin": [10, 18, -58], "size": [3, 0, 2], "uv": [35, 87]}
					]
				},
				{
					"name": "thumb_left",
					"parent": "hand_left",
					"pivot": [14, 26, -47.5],
					"cubes": [
						{"origin": [13, 24, -49], "size": [2, 4, 3], "uv": [22, 97]}
					]
				},
				{
					"name": "thumb_left2",
					"parent": "thumb_left",
					"pivot": [-1, 59, 1],
					"cubes": [
						{"origin": [14, 28, -52], "size": [0, 4, 6], "uv": [14, 5]}
					]
				},
				{
					"name": "arm_right",
					"parent": "torso2",
					"pivot": [-15.5, 25.5, -27.5],
					"cubes": [
						{"origin": [-19, 17, -31], "size": [7, 17, 7], "uv": [243, 205]}
					]
				},
				{
					"name": "arm_right2",
					"parent": "arm_right",
					"pivot": [-15.5, 20.5, -38.5],
					"cubes": [
						{"origin": [-18, 17, -46], "size": [5, 7, 15], "uv": [137, 56]}
					]
				},
				{
					"name": "hand_right",
					"parent": "arm_right2",
					"pivot": [-1, 59, 1],
					"cubes": [
						{"origin": [-17, 17, -53], "size": [3, 7, 7], "uv": [0, 16]}
					]
				},
				{
					"name": "finger_top_right",
					"parent": "hand_right",
					"pivot": [-15, 23, -55.5],
					"cubes": [
						{"origin": [-16, 22, -58], "size": [2, 2, 5], "uv": [0, 96]}
					]
				},
				{
					"name": "finger_top_right2",
					"parent": "finger_top_right",
					"pivot": [-1, 59, 1],
					"cubes": [
						{"origin": [-14, 23, -58], "size": [3, 0, 2], "uv": [42, 87]}
					]
				},
				{
					"name": "finger_bottom_right",
					"parent": "hand_right",
					"pivot": [-15, 18, -55.5],
					"cubes": [
						{"origin": [-16, 17, -58], "size": [2, 2, 5], "uv": [0, 96]}
					]
				},
				{
					"name": "finger_bottom_right2",
					"parent": "finger_bottom_right",
					"pivot": [-1, 59, 1],
					"cubes": [
						{"origin": [-14, 18, -58], "size": [3, 0, 2], "uv": [42, 87]}
					]
				},
				{
					"name": "thumb_right",
					"parent": "hand_right",
					"pivot": [-15, 26, -47.5],
					"cubes": [
						{"origin": [-16, 24, -49], "size": [2, 4, 3], "uv": [22, 97]}
					]
				},
				{
					"name": "thumb_right2",
					"parent": "thumb_right",
					"pivot": [-1, 59, 1],
					"cubes": [
						{"origin": [-15, 28, -52], "size": [0, 4, 6], "uv": [14, 5]}
					]
				},
				{
					"name": "neck",
					"parent": "torso2",
					"pivot": [0, 46, -33],
					"rotation": [-30, 0, 0],
					"cubes": [
						{"origin": [-10, 37, -54], "size": [19, 21, 30], "uv": [0, 0]}
					]
				},
				{
					"name": "collar",
					"parent": "neck",
					"pivot": [0, 58, -36],
					"cubes": [
						{"origin": [-13, 35, -39], "size": [25, 26, 9], "uv": [234, 9]},
						{"origin": [-3.5, 28, -35], "size": [6, 8, 2], "pivot": [-1, 35, -34], "rotation": [37.5, 0, 0], "uv": [5, 0]}
					]
				},
				{
					"name": "head",
					"parent": "neck",
					"pivot": [0, 49.5, -47],
					"rotation": [40, 0, 0],
					"cubes": [
						{"origin": [-13, 39.5, -65], "size": [25, 23, 18], "inflate": 0.01, "uv": [0, 159]},
						{"origin": [-11, 58.5, -64], "size": [6, 6, 20], "inflate": 0.01, "pivot": [-9, 62.5, -58.5], "rotation": [20, 0, 0], "uv": [159, 230]},
						{"origin": [4, 58.5, -64], "size": [6, 6, 20], "inflate": 0.01, "pivot": [6, 62.5, -58.5], "rotation": [20, 0, 0], "uv": [159, 230]},
						{"origin": [-5, 58.5, -65], "size": [9, 7, 26], "inflate": 0.01, "pivot": [0, 64.5, -58.5], "rotation": [27.5, 0, 0], "uv": [228, 46]},
						{"origin": [-13.5, 37.5, -66], "size": [26, 14, 11], "inflate": 0.01, "uv": [160, 12]}
					]
				},
				{
					"name": "eye_left",
					"parent": "head",
					"pivot": [12.52, 57, -58.5],
					"cubes": [
						{"origin": [12.1, 53.5, -64], "size": [0, 7, 11], "uv": [117, 154], "mirror": true}
					]
				},
				{
					"name": "eyelid_left",
					"parent": "eye_left",
					"pivot": [11.91, 57.5, -58.5],
					"cubes": [
						{"origin": [10.97, 54.5, -63], "size": [1, 5, 9], "inflate": 0.025, "uv": [152, 168], "mirror": true}
					]
				},
				{
					"name": "pupil_left",
					"parent": "eye_left",
					"pivot": [12.53, 57.5, -59.5],
					"cubes": [
						{"origin": [12.11, 57.02094, -62.95442], "size": [0, 2, 1], "uv": [2, 0], "mirror": true}
					]
				},
				{
					"name": "pupil_small_left",
					"parent": "eye_left",
					"pivot": [12.43, 58, -59.5],
					"cubes": [
						{"origin": [11.8, 58.02094, -62.95442], "size": [0, 1, 1], "uv": [2, -1], "mirror": true}
					]
				},
				{
					"name": "eye_right",
					"parent": "head",
					"pivot": [-13.52, 57, -58.5],
					"cubes": [
						{"origin": [-13.1, 54.5, -64], "size": [0, 7, 11], "uv": [117, 147]}
					]
				},
				{
					"name": "eyelid_right",
					"parent": "eye_right",
					"pivot": [-12.91, 57.5, -58.5],
					"cubes": [
						{"origin": [-12.98, 55.5, -63], "size": [1, 5, 9], "inflate": 0.025, "uv": [173, 170]}
					]
				},
				{
					"name": "pupil_right",
					"parent": "eye_right",
					"pivot": [-13.53, 57.5, -59.5],
					"cubes": [
						{"origin": [-13.11, 58.02094, -62.95442], "size": [0, 2, 1], "uv": [0, 0]}
					]
				},
				{
					"name": "pupil_small_right",
					"parent": "eye_right",
					"pivot": [-13.43, 58, -59.5],
					"cubes": [
						{"origin": [-13, 59.02094, -62.95442], "size": [0, 1, 1], "uv": [0, -1]}
					]
				},
				{
					"name": "jaw",
					"parent": "head",
					"pivot": [0, 42.5, -59.5],
					"cubes": [
						{"origin": [-6.5, 37.5, -97], "size": [12, 10, 36], "uv": [0, 210]}
					]
				},
				{
					"name": "tongue",
					"parent": "jaw",
					"pivot": [0, 48, -62],
					"cubes": [
						{"origin": [-3, 46.5, -94], "size": [6, 3, 33], "uv": [259, 162]}
					]
				},
				{
					"name": "snout",
					"parent": "head",
					"pivot": [0, 54.5, -64],
					"rotation": [5, 0, 0],
					"cubes": [
						{"origin": [-7, 47.5, -99], "size": [13, 14, 36], "uv": [98, 1]},
						{"origin": [-5.5, 59.5, -95], "size": [11, 2, 4], "pivot": [0, 61.5, -95], "rotation": [25, 0, 0], "uv": [120, 96]},
						{"origin": [-5.5, 59.5, -99], "size": [11, 2, 4], "pivot": [0, 61.5, -99], "rotation": [20, 0, 0], "uv": [120, 96]}
					]
				},
				{
					"name": "leg_right",
					"parent": "body",
					"pivot": [-13.5, 29.2, 1.5],
					"rotation": [-25, 20, 15],
					"cubes": [
						{"origin": [-23.55212, 19.08279, -1.8901], "size": [14, 26, 17], "uv": [96, 213]},
						{"origin": [-22.55212, 12.67906, 0.5525], "size": [12, 5, 13], "pivot": [-14, 17.7, -5], "rotation": [15, 0, 0], "uv": [234, 113]}
					]
				},
				{
					"name": "leg_right2",
					"parent": "leg_right",
					"pivot": [-14, 14.8, 2.5],
					"rotation": [7, 0, -16],
					"cubes": [
						{"origin": [-19.31584, 13.51209, 4.41989], "size": [7, 7, 20], "uv": [257, 85]}
					]
				},
				{
					"name": "leg_right3",
					"parent": "leg_right2",
					"pivot": [-14, 18.3, 19],
					"rotation": [12, 0, 0],
					"cubes": [
						{"origin": [-20.81584, 5.3369, 17.76137], "size": [10, 14, 7], "inflate": 0.01, "uv": [86, 170]}
					]
				},
				{
					"name": "foot_right",
					"parent": "leg_right3",
					"pivot": [-13.5, 4.3, 19],
					"rotation": [10, 0, 0],
					"cubes": [
						{"origin": [-22.81584, 4.32069, 19.8539], "size": [14, 6, 5], "inflate": 0.01, "uv": [73, 120]}
					]
				},
				{
					"name": "toes_right",
					"parent": "foot_right",
					"pivot": [-14.5, 4.3, 14],
					"cubes": [
						{"origin": [-22.81584, 4.32069, 16.8539], "size": [14, 6, 3], "inflate": 0.01, "uv": [118, 103]}
					]
				},
				{
					"name": "toe_middle_right",
					"parent": "toes_right",
					"pivot": [-14.5, 10.3, 11],
					"cubes": [
						{"origin": [-19.31584, 4.32069, 10.8539], "size": [7, 6, 6], "inflate": 0.02, "uv": [141, 118]}
					]
				},
				{
					"name": "toe_middle_right2",
					"parent": "toe_middle_right",
					"pivot": [-14.5, 4.3, 5],
					"cubes": [
						{"origin": [-17.31584, 4.32069, 3.8539], "size": [3, 3, 3], "uv": [271, 244]},
						{"origin": [-18.31584, 4.32069, 6.8539], "size": [5, 5, 4], "uv": [0, 214]}
					]
				},
				{
					"name": "toe_outer_right",
					"parent": "toes_right",
					"pivot": [-14.5, 4.3, 12],
					"rotation": [0, 30, 0]
				},
				{
					"name": "toe_outer_right_rotation",
					"parent": "toe_outer_right",
					"pivot": [-18.5, 10.3, 12],
					"cubes": [
						{"origin": [-25.5665, 4.32069, 9.41171], "size": [7, 6, 7], "uv": [0, 232]}
					]
				},
				{
					"name": "toe_outer_right2",
					"parent": "toe_outer_right_rotation",
					"pivot": [-18, 4.3, 5],
					"cubes": [
						{"origin": [-23.5665, 4.32069, 2.41171], "size": [3, 3, 3], "uv": [271, 238]},
						{"origin": [-24.5665, 4.32069, 5.41171], "size": [5, 5, 4], "uv": [0, 104]}
					]
				},
				{
					"name": "toe_inner_right",
					"parent": "toes_right",
					"pivot": [-14.5, 4.3, 12],
					"rotation": [0, -30, 0]
				},
				{
					"name": "toe_inner_right_rotation",
					"parent": "toe_inner_right",
					"pivot": [-11.5, 10.3, 12],
					"cubes": [
						{"origin": [-12.7126, 4.32069, 10.72755], "size": [7, 6, 7], "uv": [0, 200]}
					]
				},
				{
					"name": "toe_inner_right2",
					"parent": "toe_inner_right_rotation",
					"pivot": [-11, 4.3, 5],
					"cubes": [
						{"origin": [-10.7126, 4.32069, 3.72755], "size": [3, 3, 3], "uv": [271, 250]},
						{"origin": [-11.7126, 4.32069, 6.72755], "size": [5, 5, 4], "uv": [0, 214]}
					]
				},
				{
					"name": "leg_left",
					"parent": "body",
					"pivot": [16.71845, 23.95533, 5.61198],
					"rotation": [-25, -20, -15],
					"cubes": [
						{"origin": [9.71845, 17.80454, -3.23021], "size": [14, 26, 17], "uv": [96, 114]},
						{"origin": [10.71845, 11.40081, -0.78762], "size": [12, 5, 13], "pivot": [14.16633, 16.42175, -6.34012], "rotation": [15, 0, 0], "uv": [234, 113]}
					]
				},
				{
					"name": "leg_left2",
					"parent": "leg_left",
					"pivot": [14.16633, 13.52175, 1.15988],
					"rotation": [7, 0, 16],
					"cubes": [
						{"origin": [12.48217, 12.23385, 3.07977], "size": [7, 7, 20], "uv": [188, 202]}
					]
				},
				{
					"name": "leg_left3",
					"parent": "leg_left2",
					"pivot": [14.16633, 17.02175, 17.65988],
					"rotation": [12, 0, 0],
					"cubes": [
						{"origin": [10.98217, 4.05865, 16.42126], "size": [10, 14, 7], "inflate": 0.01, "uv": [86, 170]}
					]
				},
				{
					"name": "foot_left",
					"parent": "leg_left3",
					"pivot": [13.66633, 3.02175, 17.65988],
					"rotation": [10, 0, 0],
					"cubes": [
						{"origin": [8.98217, 3.04245, 18.51378], "size": [14, 6, 5], "inflate": 0.01, "uv": [73, 120]}
					]
				},
				{
					"name": "toes_left",
					"parent": "foot_left",
					"pivot": [14.66633, 3.02175, 12.65988],
					"cubes": [
						{"origin": [8.98217, 3.04245, 15.51378], "size": [14, 6, 3], "inflate": 0.01, "uv": [118, 103]}
					]
				},
				{
					"name": "toe_middle_left",
					"parent": "toes_left",
					"pivot": [14.66633, 9.02175, 9.65988],
					"cubes": [
						{"origin": [12.48217, 3.04245, 9.51378], "size": [7, 6, 6], "inflate": 0.02, "uv": [141, 118]}
					]
				},
				{
					"name": "toe_middle_left2",
					"parent": "toe_middle_left",
					"pivot": [14.66633, 3.02175, 3.65988],
					"cubes": [
						{"origin": [14.48217, 3.04245, 2.51378], "size": [3, 3, 3], "uv": [271, 226]},
						{"origin": [13.48217, 3.04245, 5.51378], "size": [5, 5, 4], "uv": [16, 220]}
					]
				},
				{
					"name": "toe_outer_left",
					"parent": "toes_left",
					"pivot": [14.66633, 3.02175, 10.65988],
					"rotation": [0, -30, 0]
				},
				{
					"name": "toe_outer_left_rotation",
					"parent": "toe_outer_left",
					"pivot": [18.66633, 9.02175, 10.65988],
					"cubes": [
						{"origin": [18.73283, 3.04245, 8.07159], "size": [7, 6, 7], "uv": [0, 232]}
					]
				},
				{
					"name": "toe_outer_left2",
					"parent": "toe_outer_left_rotation",
					"pivot": [18.16633, 3.02175, 3.65988],
					"cubes": [
						{"origin": [20.73283, 3.04245, 1.07159], "size": [3, 3, 3], "uv": [271, 220]},
						{"origin": [19.73283, 3.04245, 4.07159], "size": [5, 5, 4], "uv": [0, 104]}
					]
				},
				{
					"name": "toe_inner_left",
					"parent": "toes_left",
					"pivot": [14.66633, 3.02175, 10.65988],
					"rotation": [0, 30, 0]
				},
				{
					"name": "toe_inner_left_rotation",
					"parent": "toe_inner_left",
					"pivot": [11.66633, 9.02175, 10.65988],
					"cubes": [
						{"origin": [5.87893, 3.04245, 9.38743], "size": [7, 6, 7], "uv": [0, 200]}
					]
				},
				{
					"name": "toe_inner_left2",
					"parent": "toe_inner_left_rotation",
					"pivot": [11.16633, 3.02175, 3.65988],
					"cubes": [
						{"origin": [7.87893, 3.04245, 2.38743], "size": [3, 3, 3], "uv": [271, 232]},
						{"origin": [6.87893, 3.04245, 5.38743], "size": [5, 5, 4], "uv": [16, 220]}
					]
				}
			]
		}
	]
}