{
	"format_version": "1.12.0",
	"minecraft:geometry": [
		{
			"description": {
				"identifier": "geometry.clovour",
				"texture_width": 64,
				"texture_height": 64,
				"visible_bounds_width": 3,
				"visible_bounds_height": 3.5,
				"visible_bounds_offset": [0, 1.25, 0]
			},
			"bones": [
				{
					"name": "clovour",
					"pivot": [0, 0, 0]
				},
				{
					"name": "bone",
					"parent": "clovour",
					"pivot": [0, 0, 0]
				},
				{
					"name": "head",
					"parent": "bone",
					"pivot": [0, 20.5, 0],
					"cubes": [
						{"origin": [-3.5, 17, -3.5], "size": [7, 7, 7], "uv": [0, 0]}
					]
				},
				{
					"name": "bone2",
					"parent": "head",
					"pivot": [0, 17, 0],
					"rotation": [22.5, 0, 0],
					"cubes": [
						{"origin": [-3, 10.5, 0], "size": [6, 7, 0], "uv": [34, 2]}
					]
				},
				{
					"name": "bone3",
					"parent": "head",
					"pivot": [2.5, 22.5, 0],
					"rotation": [0, 0, -45],
					"cubes": [
						{"origin": [2, 19.5, 0], "size": [7, 6, 0], "pivot": [2.5, 22.5, 0], "rotation": [0, -22.5, 0], "uv": [37, 11], "mirror": true}
					]
				},
				{
					"name": "bone4",
					"parent": "head",
					"pivot": [-2.5, 22.5, 0],
					"rotation": [0, 0, 45],
					"cubes": [
						{"origin": [-9, 19.5, 0], "size": [7, 6, 0], "pivot": [-2.5, 22.5, 0], "rotation": [0, 22.5, 0], "uv": [37, 11]}
					]
				}
			]
		}
	]
}