{
	"format_version": "1.12.0",
	"minecraft:geometry": [
		{
			"description": {
				"identifier": "geometry.charcadet_lol",
				"texture_width": 64,
				"texture_height": 64,
				"visible_bounds_width": 3,
				"visible_bounds_height": 3.5,
				"visible_bounds_offset": [0, 1.25, 0]
			},
			"bones": [
				{
					"name": "charcadet_lol",
					"pivot": [0, 0, 0]
				},
				{
					"name": "body",
					"parent": "charcadet_lol",
					"pivot": [0, 9, 0]
				},
				{
					"name": "hips",
					"parent": "body",
					"pivot": [0, 7.39237, -0.42375],
					"rotation": [1, 0, 0],
					"cubes": [
						{"origin": [-1.5, 6.39985, -1.48255], "size": [3, 2, 2.1], "inflate": 0.01, "uv": [52, 5]}
					]
				},
				{
					"name": "hips_flame_left",
					"parent": "hips",
					"pivot": [1.50104, 7.3311, -0.58621],
					"cubes": [
						{"origin": [1.8106, 6.49332, -0.63817], "size": [0, 3, 4], "inflate": 0.01, "pivot": [1.45061, 7.99332, 1.26183], "rotation": [4.67088, 7.07682, -0.28948], "uv": [56, 8]}
					]
				},
				{
					"name": "hips_flame_right",
					"parent": "hips",
					"pivot": [-1.50104, 7.3311, -0.58621],
					"cubes": [
						{"origin": [-1.8106, 6.49332, -0.63817], "size": [0, 3, 4], "inflate": 0.01, "pivot": [-1.45061, 7.99332, 1.26183], "rotation": [4.67088, -7.07682, 0.28948], "uv": [56, 5], "mirror": true}
					]
				},
				{
					"name": "torso",
					"parent": "hips",
					"pivot": [0, 8.39985, 0.53745],
					"cubes": [
						{"origin": [-1.5, 8.39985, -1.48255], "size": [3, 1, 2], "uv": [51, 24]},
						{"origin": [-0.5, 7.70023, -1.51255], "size": [1, 2, 0], "uv": [0, 20]}
					]
				},
				{
					"name": "chest",
					"parent": "torso",
					"pivot": [0, 9.39985, 0.51537],
					"rotation": [-10, 0, 0],
					"cubes": [
						{"origin": [-1.5, 9.0631, -1.44556], "size": [3, 2, 3], "inflate": 0.01, "uv": [42, 24]},
						{"origin": [-0.61701, 9.2631, -1.85273], "size": [1, 2, 1], "pivot": [0.0707, 9.86158, -1.26501], "rotation": [0, -45, 0], "uv": [0, 16]},
						{"origin": [1.58217, 9.08512, -1.03126], "size": [0, 3, 4], "pivot": [0, 10.33379, -1.17645], "rotation": [17.53693, 4.22759, 3.94574], "uv": [32, 11]},
						{"origin": [-1.58217, 9.08512, -1.03126], "size": [0, 3, 4], "pivot": [0, 10.33379, -1.17645], "rotation": [17.53693, -4.22759, -3.94574], "uv": [32, 8], "mirror": true}
					]
				},
				{
					"name": "arms",
					"parent": "chest",
					"pivot": [0, 10.65832, -0.05881],
					"rotation": [10, 0, 0]
				},
				{
					"name": "arm_left",
					"parent": "arms",
					"pivot": [1.5, 10.46158, 0.13707],
					"cubes": [
						{"origin": [1.5, 9.96158, -0.36293], "size": [3, 1, 1], "uv": [44, 5]}
					]
				},
				{
					"name": "arm_left2",
					"parent": "arm_left",
					"pivot": [4.5, 10.99985, 0.16745],
					"cubes": [
						{"origin": [4.5, 9.09985, -0.75755], "size": [3, 2, 2], "uv": [44, 7]}
					]
				},
				{
					"name": "hand_left",
					"parent": "arm_left2",
					"pivot": [7.5, 11.09985, 0.24245],
					"cubes": [
						{"origin": [7.5, 9.09985, -0.75755], "size": [1, 2, 2], "uv": [40, 12]}
					]
				},
				{
					"name": "pistol",
					"parent": "hand_left",
					"pivot": [7.6, 9.39985, -0.75755],
					"cubes": [
						{"origin": [6.6, 8.89985, -1.85755], "size": [1, 1, 2], "pivot": [7.1, 9.39985, -0.85755], "rotation": [0, -25, 0], "uv": [25, 1]},
						{"origin": [9.9, 8.89985, -2.55755], "size": [2, 1, 1], "uv": [44, 2]},
						{"origin": [12, 8.89985, -2.55755], "size": [0.1, 1, 1], "inflate": 0.1, "uv": [53, 1]},
						{"origin": [9.9, 8.89985, -2.55755], "size": [0.1, 1, 1], "inflate": 0.1, "uv": [53, 1]},
						{"origin": [6.9, 9.49985, -2.55755], "size": [1, 1, 1], "inflate": -0.3, "pivot": [7.4, 10.44985, -2.05755], "rotation": [180, 0, 0], "uv": [52, 0]},
						{"origin": [6.9, 8.89985, -2.55755], "size": [3, 1, 1], "uv": [34, 9]},
						{"origin": [6.9, 8.89985, -2.55755], "size": [1, 1, 1], "inflate": 0.1, "uv": [19, 29]},
						{"origin": [6.9, 9.89985, -2.55755], "size": [1, 2, 1], "inflate": -0.3, "pivot": [7.4, 10.44985, -2.05755], "rotation": [180, 0, 0], "uv": [26, 29]},
						{"origin": [8.1, 8.89985, -2.55755], "size": [0.1, 1, 1], "inflate": 0.2, "uv": [53, 1]},
						{"origin": [12.11, 8.89985, -2.55755], "size": [0.1, 1, 1], "inflate": -0.1, "uv": [14, 29]},
						{"origin": [5.8, 8.89985, -2.95755], "size": [2, 1, 1], "inflate": -0.3, "pivot": [6.8, 9.39985, -2.45755], "rotation": [0, 32.5, 0], "uv": [4, 29]},
						{"origin": [7.1, 8.89985, -1.95755], "size": [2, 1, 1], "inflate": -0.4, "pivot": [8.1, 9.39985, -1.45755], "rotation": [0, 89.5, 0], "uv": [4, 29]},
						{"origin": [6.6, 8.89985, -1.25755], "size": [2, 1, 1], "inflate": -0.4, "pivot": [7.6, 9.39985, -0.75755], "rotation": [0, -0.5, 0], "uv": [4, 29]}
					]
				},
				{
					"name": "fingers_left",
					"parent": "arm_left2",
					"pivot": [6.7, 9.86158, -0.76293],
					"cubes": [
						{"origin": [6.7, 9.36158, -1.16293], "size": [1, 1, 1], "uv": [44, 11]}
					]
				},
				{
					"name": "arm_right",
					"parent": "arms",
					"pivot": [-1.5, 10.46158, 0.13707],
					"cubes": [
						{"origin": [-4.5, 9.96158, -0.36293], "size": [3, 1, 1], "uv": [24, 16], "mirror": true}
					]
				},
				{
					"name": "arm_right2",
					"parent": "arm_right",
					"pivot": [-4.5, 10.99985, 0.16745],
					"cubes": [
						{"origin": [-7.5, 9.09985, -0.75755], "size": [3, 2, 2], "uv": [24, 18], "mirror": true}
					]
				},
				{
					"name": "hand_right",
					"parent": "arm_right2",
					"pivot": [-7.5, 11.09985, 0.24245],
					"cubes": [
						{"origin": [-8.5, 9.09985, -0.75755], "size": [1, 2, 2], "uv": [30, 22], "mirror": true}
					]
				},
				{
					"name": "fingers_right",
					"parent": "arm_right2",
					"pivot": [-6.7, 9.86158, -0.76293],
					"cubes": [
						{"origin": [-7.7, 9.36158, -1.16293], "size": [1, 1, 1], "uv": [32, 18], "mirror": true}
					]
				},
				{
					"name": "neck",
					"parent": "chest",
					"pivot": [0, 11.19985, 0.21745],
					"cubes": [
						{"origin": [-0.5, 10.59985, -0.28255], "size": [1, 3, 1], "uv": [59, 28]}
					]
				},
				{
					"name": "head",
					"parent": "neck",
					"pivot": [0, 12.29985, 0.21745],
					"cubes": [
						{"origin": [-4, 12.29985, -3.98255], "size": [8, 8, 8], "uv": [0, 0]}
					]
				},
				{
					"name": "eyes",
					"parent": "head",
					"pivot": [0, 14.29985, -2.98255]
				},
				{
					"name": "eye_left",
					"parent": "eyes",
					"pivot": [3.01, 14.39985, -2.99255],
					"cubes": [
						{"origin": [2.01, 13.39985, -3.99255], "size": [2, 2, 2], "uv": [0, 4]}
					]
				},
				{
					"name": "eyelid_left",
					"parent": "eye_left",
					"pivot": [2.91, 14.39985, -2.89255],
					"cubes": [
						{"origin": [1.91, 13.39985, -3.89255], "size": [2, 2, 2], "inflate": 0.01, "uv": [34, 28]}
					]
				},
				{
					"name": "flame_left",
					"parent": "eye_left",
					"pivot": [3.96262, 14.33208, -3.95595],
					"rotation": [-38.88671, 12.02449, 60.78248],
					"cubes": [
						{"origin": [3.71621, 14.46945, -7.12974], "size": [0, 3, 3], "uv": [58, -3]}
					]
				},
				{
					"name": "eye_right",
					"parent": "eyes",
					"pivot": [-3.01, 14.39985, -2.99255],
					"cubes": [
						{"origin": [-4.01, 13.39985, -3.99255], "size": [2, 2, 2], "uv": [0, 0], "mirror": true}
					]
				},
				{
					"name": "eyelid_right",
					"parent": "eye_right",
					"pivot": [-2.91, 14.39985, -2.89255],
					"cubes": [
						{"origin": [-3.91, 13.39985, -3.89255], "size": [2, 2, 2], "inflate": 0.01, "uv": [34, 24], "mirror": true}
					]
				},
				{
					"name": "flame_right",
					"parent": "eye_right",
					"pivot": [-3.96262, 14.33208, -3.95595],
					"rotation": [-38.88671, -12.02449, -60.78248],
					"cubes": [
						{"origin": [-3.71621, 14.46945, -7.12974], "size": [0, 3, 3], "uv": [25, 2], "mirror": true}
					]
				},
				{
					"name": "helmet",
					"parent": "head",
					"pivot": [0, 20.29985, 0.51745],
					"cubes": [
						{"origin": [-4.5, 14.59985, -5.28255], "size": [9, 6, 6], "pivot": [0, 18.29985, -1.98255], "rotation": [7, 0, 0], "uv": [0, 16]},
						{"origin": [0.5, 15.19985, -6.38255], "size": [5, 5, 1], "inflate": -0.5, "pivot": [1, 18.89985, -3.08255], "rotation": [7, 0, 0], "uv": [31, 0]},
						{"origin": [4.5, 15.19985, -6.38255], "size": [1, 5, 1.5], "inflate": -0.5, "pivot": [1, 18.89985, -3.08255], "rotation": [7, 0, 0], "uv": [4, 42]},
						{"origin": [0.5, 15.19985, -6.38255], "size": [1, 5, 1.5], "inflate": -0.5, "pivot": [-3, 18.89985, -3.08255], "rotation": [7, 0, 0], "uv": [4, 42]},
						{"origin": [0.5, 14.89803, -6.2173], "size": [1, 5, 1.5], "inflate": -0.5, "pivot": [3, 17.39803, -5.4673], "rotation": [0, -7, 90], "uv": [4, 42]},
						{"origin": [4.5, 14.89803, -6.2173], "size": [1, 5, 1.5], "inflate": -0.5, "pivot": [3, 17.39803, -5.4673], "rotation": [0, -7, 90], "uv": [4, 42]},
						{"origin": [-5.5, 14.89803, -6.2173], "size": [1, 5, 1.5], "inflate": -0.5, "pivot": [-3, 17.39803, -5.4673], "rotation": [0, -7, 90], "uv": [4, 42]},
						{"origin": [-1.5, 14.89803, -6.2173], "size": [1, 5, 1.5], "inflate": -0.5, "pivot": [-3, 17.39803, -5.4673], "rotation": [0, -7, 90], "uv": [4, 42]},
						{"origin": [-1.5, 15.19985, -6.38255], "size": [1, 5, 1.5], "inflate": -0.5, "pivot": [-5, 18.89985, -3.08255], "rotation": [7, 0, 0], "uv": [4, 42]},
						{"origin": [-5.5, 15.19985, -6.38255], "size": [1, 5, 1.5], "inflate": -0.5, "pivot": [-9, 18.89985, -3.08255], "rotation": [7, 0, 0], "uv": [4, 42]},
						{"origin": [-5.5, 15.19985, -6.38255], "size": [5, 5, 1], "inflate": -0.5, "pivot": [-5, 18.89985, -3.08255], "rotation": [7, 0, 0], "uv": [31, 0]},
						{"origin": [-4.5, 14.59985, -2.28255], "size": [9, 1, 0], "pivot": [0, 18.29985, -1.98255], "rotation": [7, 0, 0], "uv": [46, 16]},
						{"origin": [-4.5, 15.59985, -5.28255], "size": [9, 0, 3], "pivot": [0, 18.29985, -1.98255], "rotation": [7, 0, 0], "uv": [43, 21]},
						{"origin": [2.5, 14.59985, -5.28255], "size": [0, 1, 3], "pivot": [0, 18.29985, -1.98255], "rotation": [7, 0, 0], "uv": [42, 14]},
						{"origin": [-2.5, 14.59985, -5.28255], "size": [0, 1, 3], "pivot": [0, 18.29985, -1.98255], "rotation": [7, 0, 0], "uv": [48, 14]}
					]
				},
				{
					"name": "flame_head",
					"parent": "head",
					"pivot": [0, 19.79985, 2.91745],
					"rotation": [-10, 0, 0]
				},
				{
					"name": "legs",
					"parent": "body",
					"pivot": [0, 6.4, -0.6]
				},
				{
					"name": "leg_left",
					"parent": "legs",
					"pivot": [1, 6.4, -0.5],
					"rotation": [-1, 0, 0],
					"cubes": [
						{"origin": [0.5, 3.4, -1], "size": [1, 4, 1], "uv": [35, 19]}
					]
				},
				{
					"name": "leg_left2",
					"parent": "leg_left",
					"pivot": [1, 3.4, -1],
					"cubes": [
						{"origin": [0.5, 0.4, -1.2], "size": [1, 3, 2], "inflate": 0.01, "uv": [39, 19]}
					]
				},
				{
					"name": "foot_left",
					"parent": "leg_left2",
					"pivot": [1.08716, 1, 0.79619],
					"cubes": [
						{"origin": [0.5, 0, -1.2], "size": [1, 1, 2], "inflate": 0.02, "uv": [43, 18]}
					]
				},
				{
					"name": "leg_right",
					"parent": "legs",
					"pivot": [-1, 6.4, -0.5],
					"rotation": [-1, 0, 0],
					"cubes": [
						{"origin": [-1.5, 3.4, -1], "size": [1, 4, 1], "uv": [52, 11], "mirror": true}
					]
				},
				{
					"name": "leg_right2",
					"parent": "leg_right",
					"pivot": [-1, 3.4, -1],
					"cubes": [
						{"origin": [-1.5, 0.4, -1.2], "size": [1, 3, 2], "inflate": 0.01, "uv": [46, 11], "mirror": true}
					]
				},
				{
					"name": "foot_right",
					"parent": "leg_right2",
					"pivot": [-1.08716, 1, 0.79619],
					"cubes": [
						{"origin": [-1.5, 0, -1.2], "size": [1, 1, 2], "inflate": 0.02, "uv": [38, 16], "mirror": true}
					]
				}
			]
		}
	]
}