{
	"format_version": "1.12.0",
	"minecraft:geometry": [
		{
			"description": {
				"identifier": "geometry.Typenull",
				"texture_width": 128,
				"texture_height": 128,
				"visible_bounds_width": 4,
				"visible_bounds_height": 3.5,
				"visible_bounds_offset": [0, 1.25, 0]
			},
			"bones": [
				{
					"name": "Body",
					"pivot": [0, -0.45, 0]
				},
				{
					"name": "Torso",
					"parent": "Body",
					"pivot": [0, 13.246, -3.22617],
					"cubes": [
						{"origin": [-2.55, 9.65, 3.15], "size": [5, 8, 6], "pivot": [-0.25, 13.475, 6.375], "rotation": [-5, 0, 0], "uv": [22, 9]},
						{"origin": [-2.05, 9.94622, -2.3802], "size": [4, 7, 7], "pivot": [-0.375, 12.94622, 1.3698], "rotation": [7.5, 0, 0], "uv": [0, 15]},
						{"origin": [-3.05, 9.2, -8], "size": [6, 8, 7], "pivot": [-0.55, 13.025, -4.175], "rotation": [2.5, 0, 0], "uv": [0, 0]}
					]
				},
				{
					"name": "Neck",
					"parent": "Torso",
					"pivot": [0, 15.26374, -7.43915],
					"cubes": [
						{"origin": [0.15, 8.36251, -9.3581], "size": [1, 10, 0], "pivot": [1.125, 16.18751, -9.9581], "rotation": [-16.33138, -1.57408, -3.39723], "uv": [14, 58]},
						{"origin": [2.77113, 10.61682, -9.09828], "size": [1, 8, 0], "pivot": [2.475, 16.58751, -9.6081], "rotation": [-11.47465, -57.95791, -12.35355], "uv": [22, 58]},
						{"origin": [3.15226, 12.48907, -7.32213], "size": [1, 8, 0], "pivot": [3.225, 18.33751, -8.1081], "rotation": [-22.89653, -86.37721, -8.28208], "uv": [20, 58]},
						{"origin": [-3.77113, 10.61682, -9.09828], "size": [1, 8, 0], "pivot": [-2.475, 16.58751, -9.6081], "rotation": [-11.47465, 57.95791, 12.35355], "uv": [18, 31]},
						{"origin": [-4.15226, 12.48907, -7.32213], "size": [1, 8, 0], "pivot": [-3.225, 18.33751, -8.1081], "rotation": [-22.89653, 86.37721, 8.28208], "uv": [26, 7]},
						{"origin": [-2.4, 9.11251, -9.3581], "size": [1, 9, 0], "pivot": [-1.125, 15.93751, -9.9581], "rotation": [-11.96269, 9.032, 10.14431], "uv": [18, 58]},
						{"origin": [-1.15, 8.36251, -9.3581], "size": [1, 10, 0], "pivot": [-1.125, 16.18751, -9.9581], "rotation": [-16.33138, 1.57408, 3.39723], "uv": [12, 50]},
						{"origin": [1.4, 9.11251, -9.3581], "size": [1, 9, 0], "pivot": [1.125, 15.93751, -9.9581], "rotation": [-11.96269, -9.032, -10.14431], "uv": [16, 58]},
						{"origin": [-1.95, 12.64149, -9.6048], "size": [4, 9, 4], "pivot": [0.05, 18.64149, -7.6048], "rotation": [15, 0, 0], "uv": [38, 0]}
					]
				},
				{
					"name": "Collar",
					"parent": "Neck",
					"pivot": [0, 20.95459, -8.69326],
					"rotation": [10, 0, 0]
				},
				{
					"name": "Head",
					"parent": "Collar",
					"pivot": [0, 24.7125, -7.13624],
					"cubes": [
						{"origin": [-2.5, 20.92588, -10.17267], "size": [5, 5, 4], "uv": [31, 32]},
						{"origin": [-0.5, 22.22125, -14.57611], "size": [1, 3, 2], "inflate": 0.2, "uv": [20, 0]},
						{"origin": [-1.25273, 23.94751, -11.53284], "size": [3, 2, 3], "pivot": [0.69636, 24.85876, -10.64441], "rotation": [3.53329, -44.94549, -2.49762], "uv": [65, 28]},
						{"origin": [0.5, 22.59412, -13.9167], "size": [1, 3, 5], "pivot": [0, 24.09412, -12.1667], "rotation": [7.70569, 22.47741, 1.03509], "uv": [65, 9]},
						{"origin": [-2.05, 25.42588, -9.92267], "size": [1, 2, 1], "uv": [22, 23]},
						{"origin": [1.25, 25.42588, -9.92267], "size": [1, 2, 1], "uv": [22, 23], "mirror": true},
						{"origin": [-3, 22.23071, -10.44057], "size": [6, 3, 3], "pivot": [0, 24.2125, -8.63624], "rotation": [52.5, 0, 0], "uv": [0, 44]},
						{"origin": [-1.5, 22.59412, -13.9167], "size": [1, 3, 5], "pivot": [0, 24.09412, -12.1667], "rotation": [7.70569, -22.47741, -1.03509], "uv": [65, 9], "mirror": true}
					]
				},
				{
					"name": "Eyes",
					"parent": "Head",
					"pivot": [0, 24.42588, -14.17267],
					"cubes": [
						{"origin": [1, 24.14432, -12.53656], "size": [1, 1, 2], "pivot": [2, 24.64432, -11.53656], "rotation": [5.40961, 22.40972, 2.06754], "uv": [45, 32]},
						{"origin": [-2, 24.14432, -12.53656], "size": [1, 1, 2], "pivot": [-2, 24.64432, -11.53656], "rotation": [5.40961, -22.40972, -2.06754], "uv": [45, 32], "mirror": true}
					]
				},
				{
					"name": "Jaw",
					"parent": "Head",
					"pivot": [0, 22.87588, -10.67267],
					"cubes": [
						{"origin": [-2.38051, 21.10048, -13.9208], "size": [1, 2, 5], "inflate": -0.1, "pivot": [0, 21.34412, -10.1167], "rotation": [-7.90961, -22.40972, 2.06754], "uv": [57, 30]},
						{"origin": [-0.5, 21.79043, -14.0682], "size": [1, 1, 1], "inflate": 0.2, "pivot": [0, 22.69043, -13.0682], "rotation": [-7.5, 0, 0], "uv": [60, 40]},
						{"origin": [-1, 21.59043, -13.3182], "size": [2, 1, 2], "pivot": [0, 22.69043, -13.0682], "rotation": [-7.5, 0, 0], "uv": [59, 39]},
						{"origin": [-1.5, 21.52385, -12.24641], "size": [3, 1, 2], "pivot": [-1.75, 21.59412, -11.3667], "rotation": [-7.5, 0, 0], "uv": [25, 25]},
						{"origin": [1.38051, 21.10048, -13.9208], "size": [1, 2, 5], "inflate": -0.1, "pivot": [0, 21.34412, -10.1167], "rotation": [-7.90961, 22.40972, -2.06754], "uv": [62, 38], "mirror": true}
					]
				},
				{
					"name": "CrestGR",
					"parent": "Head",
					"pivot": [0, 8.72588, -1.07267],
					"cubes": [
						{"origin": [-0.5, 25.37588, -11.42267], "size": [1, 3, 8], "inflate": -0.1, "pivot": [0.375, 29.30088, -5.67267], "rotation": [-15, 0, 0], "uv": [36, 15]},
						{"origin": [-0.45, 28.39921, -11.89377], "size": [1, 4, 8], "inflate": -0.1, "pivot": [0.05, 30.39921, -7.89377], "rotation": [27.5, 0, 0], "uv": [12, 31]},
						{"origin": [-0.5, 28.37588, -13.37267], "size": [1, 2, 2], "pivot": [0.375, 28.15088, -11.04767], "rotation": [15, 0, 0], "uv": [56, 48]},
						{"origin": [-1, 26.57978, -14.3344], "size": [2, 3, 1], "pivot": [-0.075, 28.57978, -13.6594], "rotation": [2.5, 0, 0], "uv": [0, 0]},
						{"origin": [-0.4, 24.92588, -10.12267], "size": [1, 2, 3], "pivot": [0.1, 26.92588, -9.62267], "rotation": [-77.5, 0, 0], "uv": [50, 54]}
					]
				},
				{
					"name": "CrestFeathers",
					"parent": "CrestGR",
					"pivot": [-0.2, 28.85088, -6.17267],
					"cubes": [
						{"origin": [0.05, 25.07812, -9.46454], "size": [0, 2, 10], "pivot": [0.05, 26.07812, -4.46454], "rotation": [-15, 0, 0], "uv": [0, 19]},
						{"origin": [0.05, 33.19704, -5.34852], "size": [0, 2, 6], "pivot": [0.05, 33.44704, -2.09852], "rotation": [27.5, 0, 0], "uv": [22, 25]},
						{"origin": [0.05, 28.42588, -7.92267], "size": [0, 2, 10], "pivot": [0.05, 28.92588, -2.67267], "rotation": [7.5, 0, 0], "uv": [20, 19]}
					]
				},
				{
					"name": "Feathers",
					"parent": "Collar",
					"pivot": [3, 23.22588, -7.07267],
					"cubes": [
						{"origin": [-0.32307, 16.74754, -6.81226], "size": [0, 5, 3], "pivot": [-1.125, 17.92588, -5.57267], "rotation": [129.32263, -63.22181, -123.05017], "uv": [22, 30]},
						{"origin": [0.32307, 16.74754, -6.81226], "size": [0, 5, 3], "pivot": [1.125, 17.92588, -5.57267], "rotation": [129.32263, 63.22181, 123.05017], "uv": [12, 28]},
						{"origin": [3.68095, 16.88688, -9.47668], "size": [0, 5, 3], "pivot": [3, 18.67588, -7.07267], "rotation": [4.99527, 0.21782, -24.9905], "uv": [15, 12]}
					]
				},
				{
					"name": "Feathers2",
					"parent": "Collar",
					"pivot": [-3, 23.22588, -7.07267],
					"cubes": [
						{"origin": [-3.68095, 16.88688, -9.47668], "size": [0, 5, 3], "pivot": [-3, 18.67588, -7.07267], "rotation": [4.99527, -0.21782, 24.9905], "uv": [0, 12]}
					]
				},
				{
					"name": "Hindlegs",
					"parent": "Torso",
					"pivot": [0, 5.35, -0.9]
				},
				{
					"name": "LTHip",
					"parent": "Hindlegs",
					"pivot": [3, 13.99316, 5.82186],
					"cubes": [
						{"origin": [1.5, 7.1, 4.8], "size": [3, 8, 4], "pivot": [3, 10.55, 6.9], "rotation": [10, 0, 0], "uv": [40, 41]}
					]
				},
				{
					"name": "LTHock",
					"parent": "LTHip",
					"pivot": [2.7, 8.18271, 8.85071],
					"cubes": [
						{"origin": [1.9, 1.7, 7.5], "size": [2, 7, 2], "pivot": [2.7, 5.15, 9.6], "rotation": [-2.5, 0, 0], "uv": [42, 53]}
					]
				},
				{
					"name": "LTFoot",
					"parent": "LTHock",
					"pivot": [2.7, 1.025, 7.6],
					"cubes": [
						{"origin": [1.45, -0.1, 4.85], "size": [3, 2, 4], "uv": [46, 13]}
					]
				},
				{
					"name": "RTHip",
					"parent": "Hindlegs",
					"pivot": [-3, 13.99316, 5.82186],
					"cubes": [
						{"origin": [-4.5, 7.1, 4.8], "size": [3, 8, 4], "pivot": [-3, 10.55, 6.9], "rotation": [10, 0, 0], "uv": [26, 41]}
					]
				},
				{
					"name": "RTHock",
					"parent": "RTHip",
					"pivot": [-2.7, 8.18271, 8.85071],
					"cubes": [
						{"origin": [-3.85, 1.7, 7.5], "size": [2, 7, 2], "pivot": [-2.7, 5.15, 9.6], "rotation": [-2.5, 0, 0], "uv": [34, 53]}
					]
				},
				{
					"name": "RTFoot",
					"parent": "RTHock",
					"pivot": [-2.7, 1.025, 7.6],
					"cubes": [
						{"origin": [-4.45, -0.1, 4.85], "size": [3, 2, 4], "uv": [45, 26]}
					]
				},
				{
					"name": "Forelegs",
					"parent": "Torso",
					"pivot": [0, 17.575, -4.425]
				},
				{
					"name": "LTShoulder",
					"parent": "Forelegs",
					"pivot": [3.25, 13.95, -5.05],
					"cubes": [
						{"origin": [2.2, 6.95, -7.1], "size": [2, 8, 4], "uv": [0, 50]}
					]
				},
				{
					"name": "LTForearm",
					"parent": "LTShoulder",
					"pivot": [3.1, 7.15799, -5.58303],
					"cubes": [
						{"origin": [2.25, 0.95, -6.3], "size": [2, 7, 2], "pivot": [2.85, 7.25, -5.4], "rotation": [-5, 0, 0], "uv": [26, 53]}
					]
				},
				{
					"name": "LTClaw",
					"parent": "LTForearm",
					"pivot": [3.1, 0.575, -6],
					"cubes": [
						{"origin": [2.2, -0.25, -7.05], "size": [2, 2, 2], "uv": [56, 10]}
					]
				},
				{
					"name": "LTHallux",
					"parent": "LTClaw",
					"pivot": [3.05, 0.275, -5.125],
					"cubes": [
						{"origin": [2.55, -0.25, -5.4], "size": [1, 1, 3], "uv": [55, 24]}
					]
				},
				{
					"name": "LTToes",
					"parent": "LTClaw",
					"pivot": [3.15, 0.275, -6.875],
					"cubes": [
						{"origin": [1.95, -0.25, -9.6], "size": [1, 1, 3], "uv": [54, 44]},
						{"origin": [3.35, -0.25, -9.3], "size": [1, 1, 3], "uv": [50, 0]}
					]
				},
				{
					"name": "RTShoulder",
					"parent": "Forelegs",
					"pivot": [-3.25, 13.95, -5.05],
					"cubes": [
						{"origin": [-4.2, 6.95, -7.1], "size": [2, 8, 4], "uv": [14, 46]}
					]
				},
				{
					"name": "RTForearm",
					"parent": "RTShoulder",
					"pivot": [-3.1, 7.15799, -5.58303],
					"cubes": [
						{"origin": [-4.25, 0.95, -6.3], "size": [2, 7, 2], "pivot": [-2.85, 7.25, -5.4], "rotation": [-5, 0, 0], "uv": [50, 35]}
					]
				},
				{
					"name": "RTClaw",
					"parent": "RTForearm",
					"pivot": [-3.1, 0.575, -6],
					"cubes": [
						{"origin": [-4.2, -0.25, -7.05], "size": [2, 2, 2], "uv": [46, 19]}
					]
				},
				{
					"name": "RTHallux",
					"parent": "RTClaw",
					"pivot": [-3.05, 0.275, -5.125],
					"cubes": [
						{"origin": [-3.55, -0.25, -5.4], "size": [1, 1, 3], "uv": [36, 41]}
					]
				},
				{
					"name": "RTToes",
					"parent": "RTClaw",
					"pivot": [-3.15, 0.275, -6.875],
					"cubes": [
						{"origin": [-4.35, -0.25, -9.3], "size": [1, 1, 3], "uv": [40, 26]},
						{"origin": [-2.95, -0.25, -9.6], "size": [1, 1, 3], "uv": [33, 0]}
					]
				},
				{
					"name": "Tail",
					"parent": "Torso",
					"pivot": [0.02, 16.49116, 8.3872],
					"cubes": [
						{"origin": [-0.5, 16.66652, 8.11596], "size": [1, 1, 5], "pivot": [-0.25, 16.77155, 8.36331], "rotation": [50, 0, 0], "uv": [49, 48]},
						{"origin": [0, 9.81665, 8.75619], "size": [0, 13, 6], "pivot": [0, 16.94165, 12.95619], "rotation": [5, 0, 0], "uv": [0, 25]},
						{"origin": [-0.45, 14.46652, 8.11596], "size": [1, 1, 4], "pivot": [0, 14.97155, 8.36331], "rotation": [-35, 0, 0], "uv": [54, 19]},
						{"origin": [-0.45, 20.86652, 10.51596], "size": [1, 1, 4], "pivot": [0, 21.27155, 12.26331], "rotation": [34.5, 0, 0], "uv": [54, 5]},
						{"origin": [-0.45, 12.26652, 11.26596], "size": [1, 1, 4], "pivot": [0, 12.67155, 11.71331], "rotation": [-18, 0, 0], "uv": [54, 0]}
					]
				}
			]
		}
	]
}