{
  "name": "Blitzle",
  "nationalPokedexNumber": 522,
  "primaryType": "electric",
  "abilities": [
    "lightningrod",
    "motordrive",
    "h:sapsipper"
  ],
  "baseStats": {
    "hp": 45,
    "attack": 60,
    "defence": 32,
    "special_attack": 50,
    "special_defence": 32,
    "speed": 76
  },
  "catchRate": 190,
  "maleRatio": 0.5,
  "shoulderMountable": false,
  "baseExperienceYield": 59,
  "experienceGroup": "medium_fast",
  "eggCycles": 20,
  "eggGroups": [
    "field"
  ],
  "moves": [
    "1:quickattack",
    "4:tailwhip",
    "8:charge",
    "11:shockwave",
    "15:thunderwave",
    "18:flamecharge",
    "22:pursuit",
    "25:spark",
    "29:stomp",
    "32:discharge",
    "36:agility",
    "39:wildcharge",
    "43:thrash",
    "egg:doubleedge",
    "egg:doublekick",
    "egg:endure",
    "egg:feint",
    "egg:mefirst",
    "egg:rage",
    "egg:sandattack",
    "egg:screech",
    "egg:shockwave",
    "egg:snatch",
    "egg:takedown",
    "tm:attract",
    "tm:chargebeam",
    "tm:confide",
    "tm:doubleteam",
    "tm:facade",
    "tm:flamecharge",
    "tm:flash",
    "tm:frustration",
    "tm:hiddenpower",
    "tm:lightscreen",
    "tm:protect",
    "tm:raindance",
    "tm:rest",
    "tm:return",
    "tm:round",
    "tm:secretpower",
    "tm:sleeptalk",
    "tm:substitute",
    "tm:swagger",
    "tm:thunder",
    "tm:thunderbolt",
    "tm:thunderwave",
    "tm:toxic",
    "tm:voltswitch",
    "tm:wildcharge",
    "tutor:bounce",
    "tutor:lowkick",
    "tutor:magnetrise",
    "tutor:shockwave",
    "tutor:signalbeam",
    "tutor:sleeptalk",
    "tutor:snatch",
    "tutor:snore"
  ],
  "labels": [
    "gen5"
  ],
  "pokedex": [
    "cobblemon.species.blitzle.desc"
  ],
  "evolutions": [
    {
      "id": "blitzle_zebstrika",
      "variant": "level_up",
      "result": "zebstrika",
      "consumeHeldItem": false,
      "learnableMoves": [],
      "requirements": [
        {
          "variant": "level",
          "minLevel": 27
        }
      ]
    }
  ],
  "baseScale": 1,
  "hitbox": {
    "width": 0.9,
    "height": 1.3,
    "fixed": false
  },
  "baseFriendship": 70,
  "evYield": {
    "hp": 0,
    "attack": 0,
    "defence": 0,
    "special_attack": 0,
    "special_defence": 0,
    "speed": 1
  },
  "height": 8,
  "weight": 298,
  "aspects": [],
  "cannotDynamax": false
}