{
    "enabled": true,
    "neededInstalledMods": [],
    "neededUninstalledMods": [],
    "spawns": [
      {
        "id": "dungeon-1",
        "pokemon": "dungeon",
        "type": "pokemon",
        "context": "grounded",
        "bucket": "ultra-rare",
        "level": "18-40",
        "weight": 8.0,
        "condition": {
          "canSeeSky": true,
          "biomes": [ "#cobblemon:is_badlands" ]
        }
      },
      {
        "id": "dungeon-2",
        "pokemon": "dungeon",
        "type": "pokemon",
        "context": "grounded",
        "bucket": "rare",
        "level": "18-40",
        "weight": 8.0,
        "condition": {
          "canSeeSky": false,
          "biomes": [ "#cobblemon:is_abyss" ]
        }
      }
    ]
  }