{
	"format_version": "1.8.0",
	"animations": {
		"animation.moistery.air_idle": {
			"loop": true,
			"bones": {
				"body": {
					"rotation": ["-math.sin(q.anim_time*180*1-30)*3", "-math.sin(q.anim_time*180*1-30)*3", "-math.sin(q.anim_time*180*1-30)*3"],
					"position": ["-0.5+math.cos(q.anim_time*180*1.5)*0.4", "1+math.cos(q.anim_time*90*3.5)*0.4", "1+math.cos(q.anim_time*90*3.5)*0.4"]
				},
				"stalk1_left": {
					"rotation": ["2.5-math.sin(q.anim_time*90*2)*3", 0, "1+math.sin(q.anim_time*90*3.5)*2"]
				},
				"stalk2_left": {
					"rotation": ["-70-math.sin(q.anim_time*90*2-60)*3", 0, 0]
				},
				"eye_left": {
					"rotation": ["65-math.sin(q.anim_time*90*2-120)*3", 0, 0]
				},
				"top_shell": {
					"rotation": ["27.5-math.sin(q.anim_time*180*1+90)*3", 0, 0]
				},
				"torso": {
					"scale": "1+math.sin(q.anim_time*90*2.5-20)*0.01"
				},
				"arm_left": {
					"rotation": [0, "40+math.sin(q.anim_time*180*1)*3", 0],
					"position": [0.25, -0.75, -1.25]
				},
				"arm_right": {
					"rotation": [0, "-40-math.sin(q.anim_time*180*1)*3", 0],
					"position": [-0.25, -0.75, -1.25]
				},
				"undefined": {
					"rotation": ["-math.sin(q.anim_time*90*3.5-30)*3", 0, "math.sin(q.anim_time*90*3.5-30)*1"]
				},
				"stalk1_right": {
					"rotation": ["2.5-math.sin(q.anim_time*90*2)*3", 0, "-1-math.sin(q.anim_time*90*3.5)*2"]
				},
				"stalk2_right": {
					"rotation": ["-70-math.sin(q.anim_time*90*2-60)*3", 0, 0]
				},
				"eye_right": {
					"rotation": ["65-math.sin(q.anim_time*90*2-120)*3", 0, 0]
				}
			}
		},
		"animation.moistery.air_fly": {
			"loop": true,
			"bones": {
				"body": {
					"rotation": ["-math.sin(q.anim_time*180*2-30)*5", "-math.sin(q.anim_time*180*1-30)*4", "-math.sin(q.anim_time*180*1-30)*4"],
					"position": ["-0.5+math.cos(q.anim_time*180*1.5)*0.5", "1+math.cos(q.anim_time*90*4)*1", "1+math.cos(q.anim_time*90*3.5)*0.2"]
				},
				"stalk1_left": {
					"rotation": [0, 0, 0],
					"position": [0, -1.25, 5.5]
				},
				"stalk2_left": {
					"rotation": [0, 0, 0],
					"position": [0, 0, 0]
				},
				"eye_left": {
					"rotation": ["-math.sin(q.anim_time*90*2-120)*6", 0, 0]
				},
				"top_shell": {
					"rotation": ["37-math.sin(q.anim_time*180*1+90)*0.5", 0, 0]
				},
				"torso": {
					"scale": "1+math.sin(q.anim_time*90*2.5-20)*0.01"
				},
				"arm_left": {
					"rotation": [0, "57.5+math.sin(q.anim_time*180*1)*3", 0],
					"position": [1, -1.75, -5.75]
				},
				"arm_right": {
					"rotation": [0, "-57.5-math.sin(q.anim_time*180*1)*3", 0],
					"position": [-1, -1.75, -5.75]
				},
				"stalk1_left2": {
					"rotation": ["-math.sin(q.anim_time*90*3.5-30)*3", 0, "math.sin(q.anim_time*90*3.5-30)*1"]
				},
				"stalk2_left2": {
					"rotation": [0, 0, "math.sin(q.anim_time*90*3.5-30)*1"]
				},
				"eye_left2": {
					"rotation": ["-math.sin(q.anim_time*90*3.5-30)*3", 0, "math.sin(q.anim_time*90*3.5-30)*1"]
				},
				"stalk1_right": {
					"rotation": [0, 0, 0],
					"position": [0, -1.25, 5.5]
				},
				"stalk2_right": {
					"rotation": [0, 0, 0],
					"position": [0, 0, 0]
				},
				"eye_right": {
					"rotation": ["-math.sin(q.anim_time*90*2-120)*6", 0, 0]
				}
			}
		},
		"animation.moistery.ground_idle": {
			"loop": true,
			"bones": {
				"stalk1_left": {
					"rotation": ["2.5-math.sin(q.anim_time*90*1)*3", 0, "1+math.sin(q.anim_time*90*2.5)*2"]
				},
				"stalk2_left": {
					"rotation": ["-70-math.sin(q.anim_time*90*1-60)*3", 0, 0]
				},
				"eye_left": {
					"rotation": ["65-math.sin(q.anim_time*90*1-120)*3", 0, 0]
				},
				"top_shell": {
					"rotation": ["20-math.sin(q.anim_time*90*1+90)*4", 0, 0]
				},
				"torso": {
					"scale": "1+math.sin(q.anim_time*90*2.5-20)*0.01"
				},
				"arm_left": {
					"rotation": [0, "40+math.sin(q.anim_time*180*1)*6", 0],
					"position": [0.25, -0.75, -1.25]
				},
				"arm_right": {
					"rotation": [0, "-40-math.sin(q.anim_time*180*1)*6", 0],
					"position": [-0.25, -0.75, -1.25]
				},
				"stalk1_left2": {
					"rotation": ["-math.sin(q.anim_time*90*3.5-30)*3", 0, "math.sin(q.anim_time*90*3.5-30)*1"]
				},
				"stalk2_left2": {
					"rotation": [0, 0, "math.sin(q.anim_time*90*3.5-30)*1"]
				},
				"eye_left2": {
					"rotation": ["-math.sin(q.anim_time*90*3.5-30)*3", 0, "math.sin(q.anim_time*90*3.5-30)*1"]
				},
				"stalk1_right": {
					"rotation": ["2.5-math.sin(q.anim_time*90*1)*3", 0, "-1-math.sin(q.anim_time*90*2.5)*2"]
				},
				"stalk2_right": {
					"rotation": ["-70-math.sin(q.anim_time*90*1-60)*3", 0, 0]
				},
				"eye_right": {
					"rotation": ["65-math.sin(q.anim_time*90*1-120)*3", 0, 0]
				}
			}
		},
		"animation.moistery.sleep": {
			"loop": true,
			"bones": {
				"top_shell": {
					"rotation": ["46+math.sin(q.anim_time*90*0.75)*1 ", 0, 0]
				},
				"stalk1_right": {
					"scale": [1, 1, 0]
				},
				"stalk1_left": {
					"scale": [1, 1, 0]
				}
			}
		},
		"animation.moistery.faint": {
			"animation_length": 10.3333,
			"bones": {
				"body": {
					"rotation": {
						"0.0833": [0, 0, 0],
						"0.5417": [0, -330, 0],
						"0.7083": [0, -427.08, 0],
						"1.125": [0, -575, 0],
						"1.2917": [0, -607.5, 0],
						"1.4167": [0, -612.5, 0]
					},
					"position": {
						"0.0833": [0, 0, 0],
						"0.25": [9.16, 0, 1.81],
						"0.2917": [16.32, 0, 2.29],
						"0.3333": [21.47, 0, 8.77],
						"0.375": [25.63, 0, 18.25],
						"0.4167": [27.04, 0, 23.31],
						"0.4583": [23.11, 0, 27.71],
						"0.5": [19.18, 0, 31.11],
						"0.5417": [15.25, 0, 30.5]
					}
				},
				"stalk1_left": {
					"rotation": {
						"0.0": {
							"post": [-10, 0, 0],
							"lerp_mode": "catmullrom"
						},
						"0.2083": {
							"post": [-22.5, 0, 0],
							"lerp_mode": "catmullrom"
						},
						"0.5": {
							"post": [0, 0, 0],
							"lerp_mode": "catmullrom"
						}
					},
					"scale": {
						"0.0": [1, 1, 1],
						"1.4167": [1, 1, 0]
					}
				},
				"stalk2_left": {
					"rotation": {
						"0.0": {
							"post": [-27.5, 0, 0],
							"lerp_mode": "catmullrom"
						},
						"0.2083": {
							"post": [-52.5, 0, 0],
							"lerp_mode": "catmullrom"
						},
						"0.5": {
							"post": [0, 0, 0],
							"lerp_mode": "catmullrom"
						}
					}
				},
				"eye_left": {
					"rotation": {
						"0.0": {
							"post": [37.5, 0, 0],
							"lerp_mode": "catmullrom"
						},
						"0.2083": {
							"post": [90, 0, 0],
							"lerp_mode": "catmullrom"
						},
						"0.5": {
							"post": [0, 0, 0],
							"lerp_mode": "catmullrom"
						}
					},
					"scale": {
						"0.0": [1, 1, 1],
						"0.0833": {
							"pre": [1, 1, 1],
							"post": [0.5, 0.5, 0.5]
						},
						"0.3333": {
							"pre": [0.5, 0.5, 0.5],
							"post": [1, 1, 1]
						}
					}
				},
				"top_shell": {
					"rotation": {
						"0.0": {
							"post": [0, 0, 0],
							"lerp_mode": "catmullrom"
						},
						"0.2083": {
							"post": [-10, 0, 0],
							"lerp_mode": "catmullrom"
						},
						"0.5": {
							"post": [0, 0, 0],
							"lerp_mode": "catmullrom"
						},
						"1.4167": {
							"post": [47.5, 0, 0],
							"lerp_mode": "catmullrom"
						}
					}
				},
				"stalk1_right": {
					"rotation": {
						"0.0": {
							"post": [-10, 0, 0],
							"lerp_mode": "catmullrom"
						},
						"0.2083": {
							"post": [-22.5, 0, 0],
							"lerp_mode": "catmullrom"
						},
						"0.5": {
							"post": [0, 0, 0],
							"lerp_mode": "catmullrom"
						}
					},
					"scale": {
						"0.0": [1, 1, 1],
						"1.4167": [1, 1, 0]
					}
				},
				"stalk2_right": {
					"rotation": {
						"0.0": {
							"post": [-27.5, 0, 0],
							"lerp_mode": "catmullrom"
						},
						"0.2083": {
							"post": [-52.5, 0, 0],
							"lerp_mode": "catmullrom"
						},
						"0.5": {
							"post": [0, 0, 0],
							"lerp_mode": "catmullrom"
						}
					}
				},
				"eye_right": {
					"rotation": {
						"0.0": {
							"post": [37.5, 0, 0],
							"lerp_mode": "catmullrom"
						},
						"0.2083": {
							"post": [90, 0, 0],
							"lerp_mode": "catmullrom"
						},
						"0.5": {
							"post": [0, 0, 0],
							"lerp_mode": "catmullrom"
						}
					},
					"scale": {
						"0.0": [1, 1, 1],
						"0.0833": {
							"pre": [1, 1, 1],
							"post": [0.5, 0.5, 0.5]
						},
						"0.3333": {
							"pre": [0.5, 0.5, 0.5],
							"post": [1, 1, 1]
						}
					}
				},
				"moistery": {
					"rotation": {
						"0.0": {
							"post": [0, 0, 0],
							"lerp_mode": "catmullrom"
						},
						"0.2083": {
							"post": [-50, 0, 0],
							"lerp_mode": "catmullrom"
						},
						"0.375": {
							"post": [0, 0, 0],
							"lerp_mode": "catmullrom"
						},
						"0.5": {
							"post": [17.5, 0, 0],
							"lerp_mode": "catmullrom"
						},
						"0.7083": {
							"post": [0, 0, 0],
							"lerp_mode": "catmullrom"
						},
						"0.875": {
							"post": [0, 0, 0],
							"lerp_mode": "catmullrom"
						}
					},
					"position": {
						"0.0": {
							"post": [0, 0, 0],
							"lerp_mode": "catmullrom"
						},
						"0.2083": {
							"post": [0, 6.5, 0],
							"lerp_mode": "catmullrom"
						},
						"0.375": {
							"post": [0, 0, 0],
							"lerp_mode": "catmullrom"
						},
						"0.5": {
							"post": [0, 2.75, 0],
							"lerp_mode": "catmullrom"
						},
						"0.7083": {
							"post": [0, 0, 0],
							"lerp_mode": "catmullrom"
						},
						"0.875": {
							"post": [0, 0, 0],
							"lerp_mode": "catmullrom"
						}
					}
				},
				"eyelid_right": {
					"scale": {
						"0.0": [1, 1, 1],
						"0.0833": {
							"pre": [1, 1, 1],
							"post": [2.7, 2.7, 2.7]
						},
						"0.3333": {
							"pre": [2.7, 2.7, 2.7],
							"post": [1, 1, 1]
						}
					}
				},
				"eyelid_left": {
					"scale": {
						"0.0": [1, 1, 1],
						"0.0833": {
							"pre": [1, 1, 1],
							"post": [2.7, 2.7, 2.7]
						},
						"0.3333": {
							"pre": [2.7, 2.7, 2.7],
							"post": [1, 1, 1]
						}
					}
				}
			}
		},
		"animation.moistery.cry": {
			"animation_length": 1.5,
			"bones": {
				"stalk2_right": {
					"rotation": {
						"0.0": {
							"post": [0, 0, 0],
							"lerp_mode": "catmullrom"
						},
						"0.4583": {
							"post": [-5, 0, 0],
							"lerp_mode": "catmullrom"
						},
						"0.5417": {
							"post": [-12.5, 0, 0],
							"lerp_mode": "catmullrom"
						},
						"0.625": {
							"post": [-5, 0, 0],
							"lerp_mode": "catmullrom"
						},
						"0.7083": {
							"post": [-12.5, 0, 0],
							"lerp_mode": "catmullrom"
						},
						"0.7917": {
							"post": [-5, 0, 0],
							"lerp_mode": "catmullrom"
						},
						"0.875": {
							"post": [-12.5, 0, 0],
							"lerp_mode": "catmullrom"
						},
						"0.9583": {
							"post": [-5, 0, 0],
							"lerp_mode": "catmullrom"
						},
						"1.0833": {
							"post": [-12.5, 0, 0],
							"lerp_mode": "catmullrom"
						},
						"1.25": {
							"post": [0, 0, 0],
							"lerp_mode": "catmullrom"
						}
					}
				},
				"stalk2_left": {
					"rotation": {
						"0.0": {
							"post": [0, 0, 0],
							"lerp_mode": "catmullrom"
						},
						"0.4583": {
							"post": [-5, 0, 0],
							"lerp_mode": "catmullrom"
						},
						"0.5417": {
							"post": [-12.5, 0, 0],
							"lerp_mode": "catmullrom"
						},
						"0.625": {
							"post": [-5, 0, 0],
							"lerp_mode": "catmullrom"
						},
						"0.7083": {
							"post": [-12.5, 0, 0],
							"lerp_mode": "catmullrom"
						},
						"0.7917": {
							"post": [-5, 0, 0],
							"lerp_mode": "catmullrom"
						},
						"0.875": {
							"post": [-12.5, 0, 0],
							"lerp_mode": "catmullrom"
						},
						"0.9583": {
							"post": [-5, 0, 0],
							"lerp_mode": "catmullrom"
						},
						"1.0833": {
							"post": [-12.5, 0, 0],
							"lerp_mode": "catmullrom"
						},
						"1.25": {
							"post": [0, 0, 0],
							"lerp_mode": "catmullrom"
						}
					}
				},
				"moistery": {
					"rotation": {
						"0.0": {
							"post": [0, 0, 0],
							"lerp_mode": "catmullrom"
						},
						"0.4583": {
							"post": [0, 0, 0],
							"lerp_mode": "catmullrom"
						},
						"0.6667": {
							"post": [-50, 0, 0],
							"lerp_mode": "catmullrom"
						},
						"0.875": {
							"post": [0, 0, 0],
							"lerp_mode": "catmullrom"
						},
						"1.0833": {
							"post": [17.5, 0, 0],
							"lerp_mode": "catmullrom"
						},
						"1.25": {
							"post": [0, 0, 0],
							"lerp_mode": "catmullrom"
						},
						"1.5": {
							"post": [0, 0, 0],
							"lerp_mode": "catmullrom"
						}
					},
					"position": {
						"0.0": {
							"post": [0, 0, 0],
							"lerp_mode": "catmullrom"
						},
						"0.4583": {
							"post": [0, 0, 0],
							"lerp_mode": "catmullrom"
						},
						"0.6667": {
							"post": [0, 6.5, 0],
							"lerp_mode": "catmullrom"
						},
						"0.875": {
							"post": [0, 0, 0],
							"lerp_mode": "catmullrom"
						},
						"1.0833": {
							"post": [0, 2.75, 0],
							"lerp_mode": "catmullrom"
						},
						"1.25": {
							"post": [0, 0, 0],
							"lerp_mode": "catmullrom"
						},
						"1.5": {
							"post": [0, 0, 0],
							"lerp_mode": "catmullrom"
						}
					}
				},
				"stalk1_right": {
					"rotation": {
						"0.0": {
							"post": [0, 0, 0],
							"lerp_mode": "catmullrom"
						},
						"0.4583": {
							"post": [-5, 0, 0],
							"lerp_mode": "catmullrom"
						},
						"0.5417": {
							"post": [-12.5, 0, 0],
							"lerp_mode": "catmullrom"
						},
						"0.625": {
							"post": [-5, 0, 0],
							"lerp_mode": "catmullrom"
						},
						"0.7083": {
							"post": [-12.5, 0, 0],
							"lerp_mode": "catmullrom"
						},
						"0.7917": {
							"post": [-5, 0, 0],
							"lerp_mode": "catmullrom"
						},
						"0.875": {
							"post": [-12.5, 0, 0],
							"lerp_mode": "catmullrom"
						},
						"0.9583": {
							"post": [-5, 0, 0],
							"lerp_mode": "catmullrom"
						},
						"1.0833": {
							"post": [-12.5, 0, 0],
							"lerp_mode": "catmullrom"
						},
						"1.25": {
							"post": [0, 0, 0],
							"lerp_mode": "catmullrom"
						}
					}
				},
				"stalk1_left": {
					"rotation": {
						"0.0": {
							"post": [0, 0, 0],
							"lerp_mode": "catmullrom"
						},
						"0.4583": {
							"post": [-5, 0, 0],
							"lerp_mode": "catmullrom"
						},
						"0.5417": {
							"post": [-12.5, 0, 0],
							"lerp_mode": "catmullrom"
						},
						"0.625": {
							"post": [-5, 0, 0],
							"lerp_mode": "catmullrom"
						},
						"0.7083": {
							"post": [-12.5, 0, 0],
							"lerp_mode": "catmullrom"
						},
						"0.7917": {
							"post": [-5, 0, 0],
							"lerp_mode": "catmullrom"
						},
						"0.875": {
							"post": [-12.5, 0, 0],
							"lerp_mode": "catmullrom"
						},
						"0.9583": {
							"post": [-5, 0, 0],
							"lerp_mode": "catmullrom"
						},
						"1.0833": {
							"post": [-12.5, 0, 0],
							"lerp_mode": "catmullrom"
						},
						"1.25": {
							"post": [0, 0, 0],
							"lerp_mode": "catmullrom"
						}
					}
				}
			},
			"sound_effects": {
				"0.4583": {
					"effect": "pokemon.moistery.cry"
				}
			}
		},
		"animation.moistery.recoil": {
			"animation_length": 0.875,
			"bones": {
				"stalk2_right": {
					"rotation": {
						"0.0": {
							"post": [0, 0, 0],
							"lerp_mode": "catmullrom"
						},
						"0.1875": {
							"post": [-17.5, 0, 0],
							"lerp_mode": "catmullrom"
						},
						"0.5": {
							"post": [27.5, 0, 0],
							"lerp_mode": "catmullrom"
						},
						"0.75": {
							"post": [0, 0, 0],
							"lerp_mode": "catmullrom"
						}
					}
				},
				"stalk2_left": {
					"rotation": {
						"0.0": {
							"post": [0, 0, 0],
							"lerp_mode": "catmullrom"
						},
						"0.1875": {
							"post": [-17.5, 0, 0],
							"lerp_mode": "catmullrom"
						},
						"0.5": {
							"post": [27.5, 0, 0],
							"lerp_mode": "catmullrom"
						},
						"0.75": {
							"post": [0, 0, 0],
							"lerp_mode": "catmullrom"
						}
					}
				},
				"moistery": {
					"rotation": {
						"0.0": {
							"post": [0, 0, 0],
							"lerp_mode": "catmullrom"
						},
						"0.1875": {
							"post": [-50, 0, 0],
							"lerp_mode": "catmullrom"
						},
						"0.375": {
							"post": [0, 0, 0],
							"lerp_mode": "catmullrom"
						},
						"0.5": {
							"post": [17.5, 0, 0],
							"lerp_mode": "catmullrom"
						},
						"0.6875": {
							"post": [0, 0, 0],
							"lerp_mode": "catmullrom"
						},
						"0.875": {
							"post": [0, 0, 0],
							"lerp_mode": "catmullrom"
						}
					},
					"position": {
						"0.0": {
							"post": [0, 0, 0],
							"lerp_mode": "catmullrom"
						},
						"0.1875": {
							"post": [0, 6.5, 0],
							"lerp_mode": "catmullrom"
						},
						"0.375": {
							"post": [0, 0, 0],
							"lerp_mode": "catmullrom"
						},
						"0.5": {
							"post": [0, 2.75, 0],
							"lerp_mode": "catmullrom"
						},
						"0.6875": {
							"post": [0, 0, 0],
							"lerp_mode": "catmullrom"
						},
						"0.875": {
							"post": [0, 0, 0],
							"lerp_mode": "catmullrom"
						}
					}
				},
				"eye_right": {
					"scale": {
						"0.0": [1, 1, 1],
						"0.0625": {"pre": [1, 1, 1], "post": [0.5, 0.5, 0.5]},
						"0.3125": {"pre": [0.5, 0.5, 0.5], "post": [1, 1, 1]}
					}
				},
				"eye_left": {
					"scale": {
						"0.0": [1, 1, 1],
						"0.0625": {"pre": [1, 1, 1], "post": [0.5, 0.5, 0.5]},
						"0.3125": {"pre": [0.5, 0.5, 0.5], "post": [1, 1, 1]}
					}
				},
				"top_shell": {
					"rotation": {
						"0.0": {
							"post": [0, 0, 0],
							"lerp_mode": "catmullrom"
						},
						"0.1875": {
							"post": [-55, 0, 0],
							"lerp_mode": "catmullrom"
						},
						"0.4375": {
							"post": [10, 0, 0],
							"lerp_mode": "catmullrom"
						},
						"0.75": {
							"post": [0, 0, 0],
							"lerp_mode": "catmullrom"
						}
					}
				},
				"stalk1_right": {
					"rotation": {
						"0.0": {
							"post": [0, 0, 0],
							"lerp_mode": "catmullrom"
						},
						"0.1875": {
							"post": [-22.5, 0, 0],
							"lerp_mode": "catmullrom"
						},
						"0.5": {
							"post": [5, 0, 0],
							"lerp_mode": "catmullrom"
						},
						"0.75": {
							"post": [0, 0, 0],
							"lerp_mode": "catmullrom"
						}
					}
				},
				"stalk1_left": {
					"rotation": {
						"0.0": {
							"post": [0, 0, 0],
							"lerp_mode": "catmullrom"
						},
						"0.1875": {
							"post": [-22.5, 0, 0],
							"lerp_mode": "catmullrom"
						},
						"0.5": {
							"post": [5, 0, 0],
							"lerp_mode": "catmullrom"
						},
						"0.75": {
							"post": [0, 0, 0],
							"lerp_mode": "catmullrom"
						}
					}
				},
				"eyelid_right": {
					"scale": {
						"0.0": [1, 1, 1],
						"0.0625": {"pre": [1, 1, 1], "post": [2.7, 2.7, 2.7]},
						"0.3125": {"pre": [2.7, 2.7, 2.7], "post": [1, 1, 1]}
					}
				},
				"eyelid_left": {
					"scale": {
						"0.0": [1, 1, 1],
						"0.0625": {"pre": [1, 1, 1], "post": [2.7, 2.7, 2.7]},
						"0.3125": {"pre": [2.7, 2.7, 2.7], "post": [1, 1, 1]}
					}
				}
			}
		},
		"animation.moistery.blink1": {
			"animation_length": 0.4167,
			"bones": {
				"eye_left": {
					"scale": {
						"0.0": [1, 1, 1],
						"0.0833": {
							"pre": [1, 1, 1],
							"post": [0.5, 0.5, 0.5]
						},
						"0.4167": {
							"pre": [0.5, 0.5, 0.5],
							"post": [1, 1, 1]
						}
					}
				},
				"eyelid_left": {
					"scale": {
						"0.0": [1, 1, 1],
						"0.0833": {
							"pre": [1, 1, 1],
							"post": [2.7, 2.7, 2.7]
						},
						"0.4167": {
							"pre": [2.7, 2.7, 2.7],
							"post": [1, 1, 1]
						}
					}
				}
			}
		},
		"animation.moistery.blink2": {
			"animation_length": 0.4167,
			"bones": {
				"eye_right": {
					"scale": {
						"0.0": [1, 1, 1],
						"0.0833": {
							"pre": [1, 1, 1],
							"post": [0.5, 0.5, 0.5]
						},
						"0.4167": {
							"pre": [0.5, 0.5, 0.5],
							"post": [1, 1, 1]
						}
					}
				},
				"eyelid_right": {
					"scale": {
						"0.0": [1, 1, 1],
						"0.0833": {
							"pre": [1, 1, 1],
							"post": [2.7, 2.7, 2.7]
						},
						"0.4167": {
							"pre": [2.7, 2.7, 2.7],
							"post": [1, 1, 1]
						}
					}
				}
			}
		}
	}
}