{
	"format_version": "1.12.0",
	"minecraft:geometry": [
		{
			"description": {
				"identifier": "geometry.centiskorch",
				"texture_width": 128,
				"texture_height": 128,
				"visible_bounds_width": 8,
				"visible_bounds_height": 4.5,
				"visible_bounds_offset": [0, 1.75, 0]
			},
			"bones": [
				{
					"name": "comparapede",
					"pivot": [0, 0, 0]
				},
				{
					"name": "body",
					"parent": "comparapede",
					"pivot": [0, 0, 0]
				},
				{
					"name": "head",
					"parent": "body",
					"pivot": [0, 3.5, -38],
					"cubes": [
						{"origin": [-6, 2, -48], "size": [12, 3, 10], "uv": [0, 0]}
					]
				},
				{
					"name": "eyes",
					"parent": "head",
					"pivot": [0, 4, -48]
				},
				{
					"name": "eye_right",
					"parent": "eyes",
					"pivot": [-3.75, 3.75, -48],
					"rotation": [0, 0, 5],
					"cubes": [
						{"origin": [-5.75, 2.75, -48], "size": [4, 2, 0], "inflate": 0.01, "uv": [48, 24], "mirror": true}
					]
				},
				{
					"name": "eye_left",
					"parent": "eyes",
					"pivot": [3.75, 3.75, -48],
					"rotation": [0, 0, -5],
					"cubes": [
						{"origin": [1.75, 2.75, -48], "size": [4, 2, 0], "inflate": 0.01, "uv": [48, 24]}
					]
				},
				{
					"name": "eyelids",
					"parent": "eyes",
					"pivot": [0, 3.5, -47.3]
				},
				{
					"name": "eyelid_right",
					"parent": "eyelids",
					"pivot": [-3.5, 3.75, -47.4],
					"rotation": [0, 0, 5],
					"cubes": [
						{"origin": [-5.5, 2.75, -47.9], "size": [4, 2, 1], "inflate": 0.02, "uv": [66, 24], "mirror": true}
					]
				},
				{
					"name": "eyelid_left",
					"parent": "eyelids",
					"pivot": [3.5, 3.75, -47.4],
					"rotation": [0, 0, -5],
					"cubes": [
						{"origin": [1.5, 2.75, -47.9], "size": [4, 2, 1], "inflate": 0.02, "uv": [66, 24]}
					]
				},
				{
					"name": "mandible_right",
					"parent": "head",
					"pivot": [-6, 3.25, -44.5],
					"rotation": [5, 5, 0],
					"cubes": [
						{"origin": [-10, 3.25, -52.5], "size": [5, 0, 9], "uv": [57, 10]}
					]
				},
				{
					"name": "mandible_left",
					"parent": "head",
					"pivot": [6, 3.25, -44.5],
					"rotation": [5, -5, 0],
					"cubes": [
						{"origin": [5, 3.25, -52.5], "size": [5, 0, 9], "uv": [38, 10]}
					]
				},
				{
					"name": "antenna_left",
					"parent": "head",
					"pivot": [-5, 4.5, -44],
					"cubes": [
						{"origin": [6.1, 4.5, -45], "size": [0, 9, 2], "uv": [79, 8]}
					]
				},
				{
					"name": "antenna_right",
					"parent": "head",
					"pivot": [-5, 4.5, -44],
					"cubes": [
						{"origin": [-6, 4.5, -45], "size": [0, 9, 2], "uv": [79, 8]}
					]
				},
				{
					"name": "torso",
					"parent": "body",
					"pivot": [0, 3.5, -38],
					"cubes": [
						{"origin": [-6, 2, -38], "size": [12, 3, 8], "inflate": 0.01, "uv": [2, 57]}
					]
				},
				{
					"name": "leg_front_right",
					"parent": "torso",
					"pivot": [-6, 3.5, -34],
					"rotation": [0, 0, -5],
					"cubes": [
						{"origin": [-9, 2.5, -35], "size": [3, 2, 2], "inflate": 0.01, "uv": [47, 19]}
					]
				},
				{
					"name": "leg_front_right2",
					"parent": "leg_front_right",
					"pivot": [-9, 4.5, -34],
					"rotation": [0, 0, -45],
					"cubes": [
						{"origin": [-13, 2.5, -35], "size": [4, 2, 2], "uv": [77, 19]}
					]
				},
				{
					"name": "leg_front_left",
					"parent": "torso",
					"pivot": [6, 3.5, -34],
					"rotation": [0, 0, 5],
					"cubes": [
						{"origin": [6, 2.5, -35], "size": [3, 2, 2], "inflate": 0.01, "uv": [56, 17]}
					]
				},
				{
					"name": "leg_front_left2",
					"parent": "leg_front_left",
					"pivot": [9, 4.5, -34],
					"rotation": [0, 0, 45],
					"cubes": [
						{"origin": [9, 2.5, -35], "size": [4, 2, 2], "uv": [65, 19]}
					]
				},
				{
					"name": "tail",
					"parent": "torso",
					"pivot": [0, 3.5, -30],
					"cubes": [
						{"origin": [-6, 2, -30], "size": [12, 3, 8], "uv": [2, 112]}
					]
				},
				{
					"name": "leg_right",
					"parent": "tail",
					"pivot": [-6, 3.5, -26],
					"rotation": [0, 0, -5],
					"cubes": [
						{"origin": [-9, 2.5, -27], "size": [3, 2, 2], "inflate": 0.01, "uv": [47, 19]}
					]
				},
				{
					"name": "leg_right_joint1",
					"parent": "leg_right",
					"pivot": [-9, 4.5, -26],
					"rotation": [0, 0, -45],
					"cubes": [
						{"origin": [-13, 2.5, -27], "size": [4, 2, 2], "uv": [77, 19]}
					]
				},
				{
					"name": "leg_left",
					"parent": "tail",
					"pivot": [6, 3.5, -26],
					"rotation": [0, 0, 5],
					"cubes": [
						{"origin": [6, 2.5, -27], "size": [3, 2, 2], "inflate": 0.01, "uv": [56, 17]}
					]
				},
				{
					"name": "leg_left_joint1",
					"parent": "leg_left",
					"pivot": [9, 4.5, -26],
					"rotation": [0, 0, 45],
					"cubes": [
						{"origin": [9, 2.5, -27], "size": [4, 2, 2], "uv": [65, 19]}
					]
				},
				{
					"name": "tail2",
					"parent": "tail",
					"pivot": [0, 3.5, -22],
					"cubes": [
						{"origin": [-6, 2, -22], "size": [12, 3, 8], "inflate": 0.01, "uv": [2, 46]}
					]
				},
				{
					"name": "leg_right2",
					"parent": "tail2",
					"pivot": [-6, 3.5, -18],
					"rotation": [0, 0, -5],
					"cubes": [
						{"origin": [-9, 2.5, -19], "size": [3, 2, 2], "inflate": 0.01, "uv": [47, 19]}
					]
				},
				{
					"name": "leg_right_joint2",
					"parent": "leg_right2",
					"pivot": [-9, 4.5, -18],
					"rotation": [0, 0, -45],
					"cubes": [
						{"origin": [-13, 2.5, -19], "size": [4, 2, 2], "uv": [77, 19]}
					]
				},
				{
					"name": "leg_left2",
					"parent": "tail2",
					"pivot": [6, 3.5, -18],
					"rotation": [0, 0, 5],
					"cubes": [
						{"origin": [6, 2.5, -19], "size": [3, 2, 2], "inflate": 0.01, "uv": [56, 17]}
					]
				},
				{
					"name": "leg_left_joint2",
					"parent": "leg_left2",
					"pivot": [9, 4.5, -18],
					"rotation": [0, 0, 45],
					"cubes": [
						{"origin": [9, 2.5, -19], "size": [4, 2, 2], "uv": [65, 19]}
					]
				},
				{
					"name": "tail3",
					"parent": "tail2",
					"pivot": [0, 3.5, -14],
					"cubes": [
						{"origin": [-6, 2, -14], "size": [12, 3, 8], "uv": [2, 101]}
					]
				},
				{
					"name": "leg_right3",
					"parent": "tail3",
					"pivot": [-6, 3.5, -10],
					"rotation": [0, 0, -5],
					"cubes": [
						{"origin": [-9, 2.5, -11], "size": [3, 2, 2], "inflate": 0.01, "uv": [47, 19]}
					]
				},
				{
					"name": "leg_right_joint3",
					"parent": "leg_right3",
					"pivot": [-9, 4.5, -10],
					"rotation": [0, 0, -45],
					"cubes": [
						{"origin": [-13, 2.5, -11], "size": [4, 2, 2], "uv": [77, 19]}
					]
				},
				{
					"name": "leg_left3",
					"parent": "tail3",
					"pivot": [6, 3.5, -10],
					"rotation": [0, 0, 5],
					"cubes": [
						{"origin": [6, 2.5, -11], "size": [3, 2, 2], "inflate": 0.01, "uv": [56, 17]}
					]
				},
				{
					"name": "leg_left_joint3",
					"parent": "leg_left3",
					"pivot": [9, 4.5, -10],
					"rotation": [0, 0, 45],
					"cubes": [
						{"origin": [9, 2.5, -11], "size": [4, 2, 2], "uv": [65, 19]}
					]
				},
				{
					"name": "tail4",
					"parent": "tail3",
					"pivot": [0, 3.5, -6],
					"cubes": [
						{"origin": [-6, 2, -6], "size": [12, 3, 8], "inflate": 0.01, "uv": [2, 68]}
					]
				},
				{
					"name": "leg_right4",
					"parent": "tail4",
					"pivot": [-6, 3.5, -2],
					"rotation": [0, 0, -5],
					"cubes": [
						{"origin": [-9, 2.5, -3], "size": [3, 2, 2], "inflate": 0.01, "uv": [47, 19]}
					]
				},
				{
					"name": "leg_right_joint4",
					"parent": "leg_right4",
					"pivot": [-9, 4.5, -2],
					"rotation": [0, 0, -45],
					"cubes": [
						{"origin": [-13, 2.5, -3], "size": [4, 2, 2], "uv": [77, 19]}
					]
				},
				{
					"name": "leg_left4",
					"parent": "tail4",
					"pivot": [6, 3.5, -2],
					"rotation": [0, 0, 5],
					"cubes": [
						{"origin": [6, 2.5, -3], "size": [3, 2, 2], "inflate": 0.01, "uv": [56, 17]}
					]
				},
				{
					"name": "leg_left_joint4",
					"parent": "leg_left4",
					"pivot": [9, 4.5, -2],
					"rotation": [0, 0, 45],
					"cubes": [
						{"origin": [9, 2.5, -3], "size": [4, 2, 2], "uv": [65, 19]}
					]
				},
				{
					"name": "tail5",
					"parent": "tail4",
					"pivot": [0, 3.5, 2],
					"cubes": [
						{"origin": [-6, 2, 2], "size": [12, 3, 8], "uv": [2, 35]}
					]
				},
				{
					"name": "leg_right5",
					"parent": "tail5",
					"pivot": [-6, 3.5, 6],
					"rotation": [0, 0, -5],
					"cubes": [
						{"origin": [-9, 2.5, 5], "size": [3, 2, 2], "inflate": 0.01, "uv": [47, 19]}
					]
				},
				{
					"name": "leg_right_joint5",
					"parent": "leg_right5",
					"pivot": [-9, 4.5, 6],
					"rotation": [0, 0, -45],
					"cubes": [
						{"origin": [-13, 2.5, 5], "size": [4, 2, 2], "uv": [77, 19]}
					]
				},
				{
					"name": "leg_left5",
					"parent": "tail5",
					"pivot": [6, 3.5, 6],
					"rotation": [0, 0, 5],
					"cubes": [
						{"origin": [6, 2.5, 5], "size": [3, 2, 2], "inflate": 0.01, "uv": [56, 17]}
					]
				},
				{
					"name": "leg_left_joint5",
					"parent": "leg_left5",
					"pivot": [9, 4.5, 6],
					"rotation": [0, 0, 45],
					"cubes": [
						{"origin": [9, 2.5, 5], "size": [4, 2, 2], "uv": [65, 19]}
					]
				},
				{
					"name": "tail6",
					"parent": "tail5",
					"pivot": [0, 3.5, 10],
					"cubes": [
						{"origin": [-6, 2, 10], "size": [12, 3, 8], "inflate": 0.01, "uv": [2, 90]}
					]
				},
				{
					"name": "leg_right6",
					"parent": "tail6",
					"pivot": [-6, 3.5, 14],
					"rotation": [0, 0, -5],
					"cubes": [
						{"origin": [-9, 2.5, 13], "size": [3, 2, 2], "inflate": 0.01, "uv": [47, 19]}
					]
				},
				{
					"name": "leg_right_joint6",
					"parent": "leg_right6",
					"pivot": [-9, 4.5, 14],
					"rotation": [0, 0, -45],
					"cubes": [
						{"origin": [-13, 2.5, 13], "size": [4, 2, 2], "uv": [77, 19]}
					]
				},
				{
					"name": "leg_left6",
					"parent": "tail6",
					"pivot": [6, 3.5, 14],
					"rotation": [0, 0, 5],
					"cubes": [
						{"origin": [6, 2.5, 13], "size": [3, 2, 2], "inflate": 0.01, "uv": [56, 17]}
					]
				},
				{
					"name": "leg_left_joint6",
					"parent": "leg_left6",
					"pivot": [9, 4.5, 14],
					"rotation": [0, 0, 45],
					"cubes": [
						{"origin": [9, 2.5, 13], "size": [4, 2, 2], "uv": [65, 19]}
					]
				},
				{
					"name": "tail7",
					"parent": "tail6",
					"pivot": [0, 3.5, 18],
					"cubes": [
						{"origin": [-6, 2, 18], "size": [12, 3, 8], "uv": [2, 79]}
					]
				},
				{
					"name": "leg_right7",
					"parent": "tail7",
					"pivot": [-6, 3.5, 22],
					"rotation": [0, 0, -5],
					"cubes": [
						{"origin": [-9, 2.5, 21], "size": [3, 2, 2], "inflate": 0.01, "uv": [47, 19]}
					]
				},
				{
					"name": "leg_right_joint7",
					"parent": "leg_right7",
					"pivot": [-9, 4.5, 22],
					"rotation": [0, 0, -45],
					"cubes": [
						{"origin": [-13, 2.5, 21], "size": [4, 2, 2], "uv": [77, 19]}
					]
				},
				{
					"name": "leg_left7",
					"parent": "tail7",
					"pivot": [6, 3.5, 22],
					"rotation": [0, 0, 5],
					"cubes": [
						{"origin": [6, 2.5, 21], "size": [3, 2, 2], "inflate": 0.01, "uv": [56, 17]}
					]
				},
				{
					"name": "leg_left_joint7",
					"parent": "leg_left7",
					"pivot": [9, 4.5, 22],
					"rotation": [0, 0, 45],
					"cubes": [
						{"origin": [9, 2.5, 21], "size": [4, 2, 2], "uv": [65, 19]}
					]
				},
				{
					"name": "tail8",
					"parent": "tail7",
					"pivot": [0, 3.5, 26],
					"cubes": [
						{"origin": [-6, 2, 26], "size": [12, 3, 8], "inflate": 0.01, "uv": [2, 24]}
					]
				},
				{
					"name": "leg_right8",
					"parent": "tail8",
					"pivot": [-6, 3.5, 30],
					"rotation": [0, 0, -5],
					"cubes": [
						{"origin": [-9, 2.5, 29], "size": [3, 2, 2], "inflate": 0.01, "uv": [47, 19]}
					]
				},
				{
					"name": "leg_right_joint8",
					"parent": "leg_right8",
					"pivot": [-9, 4.5, 30],
					"rotation": [0, 0, -45],
					"cubes": [
						{"origin": [-13, 2.5, 29], "size": [4, 2, 2], "uv": [77, 19]}
					]
				},
				{
					"name": "leg_left8",
					"parent": "tail8",
					"pivot": [6, 3.5, 30],
					"rotation": [0, 0, 5],
					"cubes": [
						{"origin": [6, 2.5, 29], "size": [3, 2, 2], "inflate": 0.01, "uv": [56, 17]}
					]
				},
				{
					"name": "leg_left_joint8",
					"parent": "leg_left8",
					"pivot": [9, 4.5, 30],
					"rotation": [0, 0, 45],
					"cubes": [
						{"origin": [9, 2.5, 29], "size": [4, 2, 2], "uv": [65, 19]}
					]
				},
				{
					"name": "tail9",
					"parent": "tail8",
					"pivot": [0, 3.5, 34],
					"cubes": [
						{"origin": [-6, 2, 34], "size": [12, 3, 8], "uv": [2, 13]}
					]
				},
				{
					"name": "leg_right9",
					"parent": "tail9",
					"pivot": [-6, 3.5, 38],
					"rotation": [0, 0, -5],
					"cubes": [
						{"origin": [-9, 2.5, 37], "size": [3, 2, 2], "inflate": 0.01, "uv": [47, 19]}
					]
				},
				{
					"name": "leg_right_joint9",
					"parent": "leg_right9",
					"pivot": [-9, 4.5, 38],
					"rotation": [0, 0, -45],
					"cubes": [
						{"origin": [-13, 2.5, 37], "size": [4, 2, 2], "uv": [77, 19]}
					]
				},
				{
					"name": "leg_left9",
					"parent": "tail9",
					"pivot": [6, 3.5, 38],
					"rotation": [0, 0, 5],
					"cubes": [
						{"origin": [6, 2.5, 37], "size": [3, 2, 2], "inflate": 0.01, "uv": [56, 17]}
					]
				},
				{
					"name": "leg_left_joint9",
					"parent": "leg_left9",
					"pivot": [9, 4.5, 38],
					"rotation": [0, 0, 45],
					"cubes": [
						{"origin": [9, 2.5, 37], "size": [4, 2, 2], "uv": [65, 19]}
					]
				},
				{
					"name": "tail10",
					"parent": "tail9",
					"pivot": [0, 3.5, 42],
					"cubes": [
						{"origin": [-6, 2, 42], "size": [12, 3, 7], "inflate": 0.01, "uv": [45, 0]}
					]
				},
				{
					"name": "tail_end",
					"parent": "tail10",
					"pivot": [0, 3, 49],
					"cubes": [
						{"origin": [-3.5, 3, 49], "size": [7, 0, 5], "uv": [48, 27]}
					]
				}
			]
		}
	]
}