{
	"format_version": "1.12.0",
	"minecraft:geometry": [
		{
			"description": {
				"identifier": "geometry.unknown",
				"texture_width": 64,
				"texture_height": 64,
				"visible_bounds_width": 3,
				"visible_bounds_height": 2.5,
				"visible_bounds_offset": [0, 0.75, 0]
			},
			"bones": [
				{
					"name": "popora",
					"pivot": [0, 0, 0]
				},
				{
					"name": "body",
					"parent": "popora",
					"pivot": [0, 1, 0]
				},
				{
					"name": "fl_leg01",
					"parent": "body",
					"pivot": [2.75, 4.25, -2.25],
					"rotation": [-17.5, -45, 0],
					"cubes": [
						{"origin": [3.07107, 4.25, -5.71447], "size": [7, 1, 1], "pivot": [4.57107, 4.75, -3.96447], "rotation": [0, 90, 0], "uv": [16, 0]}
					]
				},
				{
					"name": "fl_leg02",
					"parent": "fl_leg01",
					"pivot": [3.25, 4.75, -9.5],
					"rotation": [85, 0, 0],
					"cubes": [
						{"origin": [10.07107, 4.25, -5.71447], "size": [7, 1, 1], "pivot": [4.57107, 4.75, -3.96447], "rotation": [0, 90, 0], "uv": [16, 2]}
					]
				},
				{
					"name": "fl_foot",
					"parent": "fl_leg02",
					"pivot": [2.94465, 4.75, -16.07673],
					"rotation": [-70, 0, 0],
					"cubes": [
						{"origin": [4.57538, 3.75, -18.9588], "size": [1, 1, 2], "pivot": [3.07538, 4.25, -19.4588], "rotation": [0, -30, 0], "uv": [22, 4]},
						{"origin": [1.99058, 3.75, -17.94309], "size": [1, 1, 2], "pivot": [2.24058, 4.25, -16.94309], "rotation": [0, 40, 0], "uv": [16, 4]}
					]
				},
				{
					"name": "bl_leg01",
					"parent": "body",
					"pivot": [3.25, 5, 3.75],
					"rotation": [17.5, 45, 0],
					"cubes": [
						{"origin": [3.07107, 4.5, 5.96447], "size": [7, 1, 1], "pivot": [4.57107, 5, 5.21447], "rotation": [0, -90, 0], "uv": [32, 0]}
					]
				},
				{
					"name": "bl_leg02",
					"parent": "bl_leg01",
					"pivot": [3.32107, 5, 10.71447],
					"rotation": [-85, 0, 0],
					"cubes": [
						{"origin": [10.07107, 4.5, 5.96447], "size": [7, 1, 1], "pivot": [4.57107, 5, 5.21447], "rotation": [0, -90, 0], "uv": [32, 2]}
					]
				},
				{
					"name": "bl_foot",
					"parent": "bl_leg02",
					"pivot": [3.24476, 5, 17.38178],
					"rotation": [70, 0, 0],
					"cubes": [
						{"origin": [4.57538, 4, 18.2088], "size": [1, 1, 2], "pivot": [3.07538, 4.5, 20.7088], "rotation": [0, 30, 0], "uv": [38, 4]},
						{"origin": [1.99058, 4, 17.19309], "size": [1, 1, 2], "pivot": [2.24058, 4.5, 18.19309], "rotation": [0, -40, 0], "uv": [32, 4]}
					]
				},
				{
					"name": "fr_leg_01",
					"parent": "body",
					"pivot": [-3.25, 5, -2.5],
					"rotation": [-17.5, 45, 0],
					"cubes": [
						{"origin": [-10.01777, 4.5, -5.11091], "size": [7, 1, 1], "pivot": [-4.26777, 5, -3.61091], "rotation": [0, -90, 0], "uv": [0, 0]}
					]
				},
				{
					"name": "fr_leg_02",
					"parent": "fr_leg_01",
					"pivot": [-3.25, 5, -9.25],
					"rotation": [85, 0, 0],
					"cubes": [
						{"origin": [-10.26777, 4.5, -9.86091], "size": [7, 1, 1], "pivot": [-3.26777, 5, -9.36091], "rotation": [0, -90, 0], "uv": [0, 2]}
					]
				},
				{
					"name": "fr_foot",
					"parent": "fr_leg_02",
					"pivot": [-2.94465, 5, -16.07673],
					"rotation": [-70, 0, 0],
					"cubes": [
						{"origin": [-5.57538, 4, -18.9588], "size": [1, 1, 2], "pivot": [-3.07538, 4.5, -19.4588], "rotation": [0, 30, 0], "uv": [6, 4], "mirror": true},
						{"origin": [-2.99058, 4, -17.94309], "size": [1, 1, 2], "pivot": [-2.24058, 4.5, -16.94309], "rotation": [0, -40, 0], "uv": [0, 4], "mirror": true}
					]
				},
				{
					"name": "br_leg_01",
					"parent": "body",
					"pivot": [-3.25, 5, 3.5],
					"rotation": [17.5, -45, 0],
					"cubes": [
						{"origin": [-10.01777, 4.5, 5.36091], "size": [7, 1, 1], "pivot": [-4.26777, 5, 4.86091], "rotation": [0, 90, 0], "uv": [48, 0]}
					]
				},
				{
					"name": "br_leg_02",
					"parent": "br_leg_01",
					"pivot": [-3.3, 5, 10.65],
					"rotation": [-85, 0, 0],
					"cubes": [
						{"origin": [-17.01777, 4.5, 5.36091], "size": [7, 1, 1], "pivot": [-4.26777, 5, 4.86091], "rotation": [0, 90, 0], "uv": [48, 2]}
					]
				},
				{
					"name": "br_foot",
					"parent": "br_leg_02",
					"pivot": [-2.94465, 5, 17.32673],
					"rotation": [70, 0, 0],
					"cubes": [
						{"origin": [-5.57538, 4, 18.2088], "size": [1, 1, 2], "pivot": [-3.07538, 4.5, 20.7088], "rotation": [0, -30, 0], "uv": [54, 4], "mirror": true},
						{"origin": [-2.99058, 4, 17.19309], "size": [1, 1, 2], "pivot": [-2.24058, 4.5, 18.19309], "rotation": [0, 40, 0], "uv": [48, 4], "mirror": true}
					]
				},
				{
					"name": "head",
					"parent": "body",
					"pivot": [0, 5.25, 0],
					"cubes": [
						{"origin": [-3.5, 3.5, -2.75], "size": [7, 3, 7], "uv": [2, 51]}
					]
				},
				{
					"name": "base",
					"parent": "head",
					"pivot": [0, 3.16667, 0.75],
					"cubes": [
						{"origin": [-4, 2, -3.25], "size": [8, 2, 8], "uv": [32, 43]},
						{"origin": [-3.5, 1, -2.75], "size": [7, 1, 7], "uv": [34, 35]},
						{"origin": [-1.5, 0, -0.75], "size": [3, 1, 3], "uv": [42, 31]}
					]
				},
				{
					"name": "top",
					"parent": "head",
					"pivot": [0, 8, 0.75],
					"cubes": [
						{"origin": [-2.5, 12.75, -1.75], "size": [5, 5, 5], "uv": [44, 54]},
						{"origin": [-2, 19.5, -1.25], "size": [4, 2, 4], "uv": [8, 15]},
						{"origin": [-3, 8.5, -2.25], "size": [6, 1, 6], "uv": [4, 34]},
						{"origin": [-1.5, 9.5, -0.75], "size": [3, 2, 3], "uv": [10, 29]},
						{"origin": [-1, 11, -0.25], "size": [2, 2, 2], "uv": [12, 25]},
						{"origin": [-1, 17.5, -0.25], "size": [2, 2, 2], "uv": [12, 21]},
						{"origin": [-4, 6.5, -3.25], "size": [8, 2, 8], "uv": [0, 41]}
					]
				},
				{
					"name": "eye",
					"parent": "top",
					"pivot": [0.5, 0, 0],
					"cubes": [
						{"origin": [-2, 13.25, -2.5], "size": [4, 4, 1], "uv": [54, 23]},
						{"origin": [-1.25, 15.5, -3.03], "size": [1, 1, 0], "uv": [60, 29]}
					]
				},
				{
					"name": "iris",
					"parent": "eye",
					"pivot": [0, 15.25, -2.765],
					"cubes": [
						{"origin": [-1, 14.25, -3.02], "size": [2, 2, 0], "uv": [54, 28]},
						{"origin": [-1.5, 13.75, -3.01], "size": [3, 3, 1], "uv": [55, 30]}
					]
				},
				{
					"name": "eyelid",
					"parent": "top",
					"pivot": [0, 15.25, 0],
					"cubes": [
						{"origin": [-2, 13.25, -1], "size": [4, 4, 2], "inflate": 0.1, "uv": [25, 24]}
					]
				},
				{
					"name": "cap",
					"parent": "top",
					"pivot": [0, 21.5, 0.75],
					"cubes": [
						{"origin": [-1, 20.5, -0.25], "size": [2, 2, 2], "uv": [12, 11]}
					]
				},
				{
					"name": "lower_eyes",
					"parent": "head",
					"pivot": [0, 5.25, -2.75]
				},
				{
					"name": "r_eye",
					"parent": "lower_eyes",
					"pivot": [-1.75, 5.25, -2.8],
					"cubes": [
						{"origin": [-2.25, 4.75, -2.8], "size": [1, 1, 0], "uv": [28, 46]}
					]
				},
				{
					"name": "l_eye",
					"parent": "lower_eyes",
					"pivot": [1.75, 5.25, -2.8],
					"cubes": [
						{"origin": [1.25, 4.75, -2.8], "size": [1, 1, 0], "uv": [34, 46]}
					]
				}
			]
		}
	]
}