{
	"format_version": "1.12.0",
	"minecraft:geometry": [
		{
			"description": {
				"identifier": "geometry.feistling",
				"texture_width": 128,
				"texture_height": 128,
				"visible_bounds_width": 3,
				"visible_bounds_height": 2.5,
				"visible_bounds_offset": [0, 0.75, 0]
			},
			"bones": [
				{
					"name": "feistling",
					"pivot": [0, 0, 0]
				},
				{
					"name": "body",
					"parent": "feistling",
					"pivot": [0, 7, -1]
				},
				{
					"name": "torso",
					"parent": "body",
					"pivot": [0, 4, -1.5],
					"cubes": [
						{"origin": [-2, 4, -4], "size": [4, 4, 5], "pivot": [0.5, 6, -1.5], "rotation": [15, 0, 0], "uv": [0, 9]},
						{"origin": [-1.5, 7.34362, -5.06653], "size": [1, 0, 2], "pivot": [-1, 7.34362, -4.36653], "rotation": [16.80857, 26.48829, 7.6734], "uv": [27, 46]},
						{"origin": [0.5, 7.34362, -5.06653], "size": [1, 0, 2], "pivot": [1, 7.34362, -4.36653], "rotation": [16.80857, -26.48829, -7.6734], "uv": [46, 27]}
					]
				},
				{
					"name": "tuft_left",
					"parent": "torso",
					"pivot": [0.94903, 7.95214, -1.94193],
					"cubes": [
						{"origin": [0.14903, 8.05214, -2.34193], "size": [2, 0, 3], "pivot": [0.94903, 7.95214, -1.94193], "rotation": [31.77896, 38.3808, 12.25294], "uv": [34, 11]}
					]
				},
				{
					"name": "tuft_right",
					"parent": "torso",
					"pivot": [-0.94903, 7.95214, -1.94193],
					"cubes": [
						{"origin": [-2.14903, 8.05214, -2.34193], "size": [2, 0, 3], "pivot": [-0.94903, 7.95214, -1.94193], "rotation": [31.77896, -38.3808, -12.25294], "uv": [34, 23]}
					]
				},
				{
					"name": "wing_closed_left",
					"parent": "torso",
					"pivot": [2.5, 5.41782, -1.63093],
					"rotation": [0, 10, 0],
					"cubes": [
						{"origin": [1, 4.95304, -2.90303], "size": [2, 3, 3], "inflate": 0.01, "pivot": [2.5, 6.41782, 0.36907], "rotation": [22.56397, -7.43547, -0.98448], "uv": [13, 30]}
					]
				},
				{
					"name": "wingtufts_left",
					"parent": "wing_closed_left",
					"pivot": [2.67365, 5.71782, -0.61574],
					"cubes": [
						{"origin": [2.5, 6.2504, -0.78294], "size": [0, 2, 3], "pivot": [2.5, 6.41782, 0.36907], "rotation": [52.56397, -7.43547, -0.98448], "uv": [29, 40]},
						{"origin": [2.5, 4.96018, -0.01695], "size": [0, 1, 2], "pivot": [2.5, 6.41782, 0.36907], "rotation": [2.56397, -7.43547, -0.98448], "uv": [50, 43]}
					]
				},
				{
					"name": "wing_closed_right",
					"parent": "torso",
					"pivot": [-2.5, 5.41782, -1.63093],
					"rotation": [0, -10, 0],
					"cubes": [
						{"origin": [-3, 4.95304, -2.90303], "size": [2, 3, 3], "inflate": 0.01, "pivot": [-2.5, 6.41782, 0.36907], "rotation": [22.56397, 7.43547, 0.98448], "uv": [24, 30]}
					]
				},
				{
					"name": "wingtufts_right",
					"parent": "wing_closed_right",
					"pivot": [-2.67365, 5.71782, -0.61574],
					"cubes": [
						{"origin": [-2.5, 6.2504, -0.78294], "size": [0, 2, 3], "pivot": [-2.5, 6.41782, 0.36907], "rotation": [52.56397, 7.43547, 0.98448], "uv": [20, 42]},
						{"origin": [-2.5, 4.96018, -0.01695], "size": [0, 1, 2], "pivot": [-2.5, 6.41782, 0.36907], "rotation": [2.56397, 7.43547, 0.98448], "uv": [46, 50]}
					]
				},
				{
					"name": "wing_open_left",
					"parent": "torso",
					"pivot": [1.9, 6.55, -2.8],
					"cubes": [
						{"origin": [1.9, 6, -3.3], "size": [3, 1, 1], "uv": [27, 61], "mirror": true},
						{"origin": [2.46066, 6.5, -2.31802], "size": [2, 0, 4], "inflate": 0.01, "uv": [38, 69], "mirror": true}
					]
				},
				{
					"name": "wing_open_left_2",
					"parent": "wing_open_left",
					"pivot": [4.9, 6, -3],
					"cubes": [
						{"origin": [4.9, 6, -3.3], "size": [3, 1, 1], "inflate": 0.01, "pivot": [4.9, 6.5, -3.3], "rotation": [0, -30, 0], "uv": [26, 68], "mirror": true},
						{"origin": [5.06066, 6.5, -3.41802], "size": [3, 0, 4], "pivot": [6.56066, 6.5, -0.91802], "rotation": [0, 37.5, 0], "uv": [35, 74], "mirror": true}
					]
				},
				{
					"name": "wing_open_right",
					"parent": "torso",
					"pivot": [-1.9, 6.55, -2.8],
					"cubes": [
						{"origin": [-4.9, 6, -3.3], "size": [3, 1, 1], "uv": [27, 61]},
						{"origin": [-4.46066, 6.5, -2.31802], "size": [2, 0, 4], "inflate": 0.01, "uv": [38, 69]}
					]
				},
				{
					"name": "wing_open_right_2",
					"parent": "wing_open_right",
					"pivot": [-4.9, 6, -3],
					"cubes": [
						{"origin": [-7.9, 6, -3.3], "size": [3, 1, 1], "inflate": 0.01, "pivot": [-4.9, 6.5, -3.3], "rotation": [0, 30, 0], "uv": [26, 68]},
						{"origin": [-8.06066, 6.5, -3.41802], "size": [3, 0, 4], "pivot": [-6.56066, 6.5, -0.91802], "rotation": [0, -37.5, 0], "uv": [35, 74]}
					]
				},
				{
					"name": "butt",
					"parent": "torso",
					"pivot": [0, 6.19075, 0.88576],
					"cubes": [
						{"origin": [-1.5, 5.08883, -0.04867], "size": [3, 3, 2], "pivot": [0, 6.88883, 1.75133], "rotation": [5, 0, 0], "uv": [32, 17]},
						{"origin": [-1, 6.29075, 0.88576], "size": [2, 2, 2], "pivot": [0.5, 7.69075, 2.88576], "rotation": [22.5, 0, 0], "uv": [11, 37]}
					]
				},
				{
					"name": "neck",
					"parent": "torso",
					"pivot": [0, 7.2, -2],
					"cubes": [
						{"origin": [-1, 7.1, -3], "size": [2, 3, 2], "uv": [34, 5]}
					]
				},
				{
					"name": "head",
					"parent": "neck",
					"pivot": [0, 9.5, -2],
					"cubes": [
						{"origin": [-2, 9.8, -4.7], "size": [4, 3, 5], "inflate": 0.01, "uv": [0, 19]},
						{"origin": [-2.5, 11.34862, -5.48478], "size": [5, 4, 5], "pivot": [-1.5, 12.14862, -2.48478], "rotation": [7, 0, 0], "uv": [0, 0]},
						{"origin": [-1.5, 11.34862, -7.48478], "size": [3, 3, 3], "inflate": 0.01, "pivot": [0, 12.84862, -5.48478], "rotation": [35.5, 0, 0], "uv": [20, 10]},
						{"origin": [-1, 10.53159, -9.71419], "size": [2, 2, 3], "pivot": [0, 12.33159, -7.61419], "rotation": [60, 0, 0], "uv": [0, 34]},
						{"origin": [-2, 12.56917, -1.25259], "size": [4, 3, 2], "inflate": 0.02, "uv": [0, 28]},
						{"origin": [-2.5, 12.74862, -4.08478], "size": [5, 2, 2], "inflate": 0.01, "pivot": [-1.5, 12.14862, -2.48478], "rotation": [7, 0, 0], "uv": [19, 25]},
						{"origin": [-1, 11.03159, -9.01419], "size": [2, 1, 1], "inflate": 0.01, "pivot": [0, 12.33159, -7.61419], "rotation": [60, 0, 0], "uv": [19, 48]},
						{"origin": [-1.5, 10.6, -5.8], "size": [3, 2, 2], "uv": [34, 0]}
					]
				},
				{
					"name": "socketleft",
					"parent": "head",
					"pivot": [1.75969, 12.07907, -2.12913],
					"rotation": [17.47418, 2.5534, 0.12022],
					"cubes": [
						{"origin": [0.75969, 10.57907, -4.12913], "size": [2, 3, 4], "uv": [19, 17]}
					]
				},
				{
					"name": "eyelid_left",
					"parent": "socketleft",
					"pivot": [2.05969, 12.07907, -2.12913]
				},
				{
					"name": "eyeleft",
					"parent": "socketleft",
					"pivot": [2.75969, 12.47907, -2.12913],
					"cubes": [
						{"origin": [2.75969, 10.97907, -3.62913], "size": [0, 2, 3], "inflate": 0.01, "uv": [0, 43]},
						{"origin": [2.75969, 12.47907, -3.62913], "size": [0, 1, 3], "inflate": 0.04, "uv": [44, 35]}
					]
				},
				{
					"name": "pupilleft",
					"parent": "eyeleft",
					"pivot": [2.75969, 12.37907, -2.12913],
					"cubes": [
						{"origin": [2.75969, 11.37907, -3.12913], "size": [0, 2, 2], "inflate": 0.02, "uv": [36, 50]},
						{"origin": [2.75969, 11.87907, -2.62913], "size": [0, 1, 1], "inflate": 0.03, "pivot": [2.75969, 12.37907, -2.12913], "rotation": [50, 0, 0], "uv": [7, 43]}
					]
				},
				{
					"name": "socketright",
					"parent": "head",
					"pivot": [-1.75969, 12.07907, -2.12913],
					"rotation": [17.47418, -2.5534, -0.12022],
					"cubes": [
						{"origin": [-2.75969, 10.57907, -4.12913], "size": [2, 3, 4], "uv": [19, 17], "mirror": true}
					]
				},
				{
					"name": "eyeright",
					"parent": "socketright",
					"pivot": [-2.75969, 12.47907, -2.12913],
					"cubes": [
						{"origin": [-2.75969, 10.97907, -3.62913], "size": [0, 2, 3], "inflate": 0.01, "uv": [0, 43], "mirror": true},
						{"origin": [-2.75969, 12.47907, -3.62913], "size": [0, 1, 3], "inflate": 0.04, "uv": [44, 35], "mirror": true}
					]
				},
				{
					"name": "pupilright",
					"parent": "eyeright",
					"pivot": [-2.75969, 12.37907, -2.12913],
					"cubes": [
						{"origin": [-2.75969, 11.37907, -3.12913], "size": [0, 2, 2], "inflate": 0.02, "uv": [36, 50], "mirror": true},
						{"origin": [-2.75969, 11.87907, -2.62913], "size": [0, 1, 1], "inflate": 0.03, "pivot": [-2.75969, 12.37907, -2.12913], "rotation": [50, 0, 0], "uv": [7, 43], "mirror": true}
					]
				},
				{
					"name": "backfeather",
					"parent": "head",
					"pivot": [0, 15.56908, 0.25246],
					"rotation": [7.5, 0, 0],
					"cubes": [
						{"origin": [-1.82101, 15.35659, 0.12908], "size": [2, 0, 2], "pivot": [0, 14.97375, 0.62908], "rotation": [-18.25612, -8.31087, -23.66235], "uv": [45, 40], "mirror": true},
						{"origin": [-0.17899, 15.35659, 0.12908], "size": [2, 0, 2], "pivot": [0, 14.97375, 0.62908], "rotation": [-18.25612, 8.31087, 23.66235], "uv": [45, 40]}
					]
				},
				{
					"name": "backfeather2",
					"parent": "backfeather",
					"pivot": [0, 14.96908, 1.87746],
					"cubes": [
						{"origin": [-1.97888, 14.91337, 1.72742], "size": [2, 0, 3], "pivot": [0, 14.86908, 1.75246], "rotation": [18.25612, 8.31087, -23.66235], "uv": [35, 27]},
						{"origin": [-0.02112, 14.91337, 1.72742], "size": [2, 0, 3], "pivot": [0, 14.86908, 1.75246], "rotation": [18.25612, -8.31087, 23.66235], "uv": [35, 27], "mirror": true}
					]
				},
				{
					"name": "rightfeatherlower",
					"parent": "head",
					"pivot": [-1.91577, 13.7016, 1.38187],
					"rotation": [-65.97606, -13.8844, 18.27041],
					"cubes": [
						{"origin": [-1.91577, 11.7016, 0.48187], "size": [0, 2, 3], "uv": [36, 44], "mirror": true}
					]
				},
				{
					"name": "rightfeatherlower2",
					"parent": "rightfeatherlower",
					"pivot": [-1.91577, 11.7016, 3.48187],
					"cubes": [
						{"origin": [-1.91577, 11.7016, 3.48187], "size": [0, 2, 2], "inflate": 0.01, "uv": [26, 49], "mirror": true}
					]
				},
				{
					"name": "leftfeatherlower",
					"parent": "head",
					"pivot": [1.91577, 13.7016, 1.38187],
					"rotation": [-65.97606, 13.8844, -18.27041],
					"cubes": [
						{"origin": [1.91577, 11.7016, 0.48187], "size": [0, 2, 3], "uv": [36, 44]}
					]
				},
				{
					"name": "leftfeatherlower2",
					"parent": "leftfeatherlower",
					"pivot": [1.91577, 11.7016, 3.48187],
					"cubes": [
						{"origin": [1.91577, 11.7016, 3.48187], "size": [0, 2, 2], "inflate": 0.01, "uv": [26, 49]}
					]
				},
				{
					"name": "leftfeatherupper",
					"parent": "head",
					"pivot": [1.41624, 14.71585, 0.863],
					"rotation": [-18.45935, 8.03387, -16.12053],
					"cubes": [
						{"origin": [1.41624, 12.71585, -0.037], "size": [0, 2, 3], "uv": [43, 15]}
					]
				},
				{
					"name": "leftfeatherupper2",
					"parent": "leftfeatherupper",
					"pivot": [1.41624, 12.71585, 2.963],
					"cubes": [
						{"origin": [1.41624, 12.71585, 2.963], "size": [0, 2, 2], "inflate": 0.01, "uv": [0, 49]}
					]
				},
				{
					"name": "rightfeatherupper",
					"parent": "head",
					"pivot": [-1.41624, 14.71585, 0.863],
					"rotation": [-18.45935, -8.03387, 16.12053],
					"cubes": [
						{"origin": [-1.41624, 12.71585, -0.037], "size": [0, 2, 3], "uv": [43, 15], "mirror": true}
					]
				},
				{
					"name": "rightfeatherupper2",
					"parent": "rightfeatherupper",
					"pivot": [-1.41624, 12.71585, 2.963],
					"cubes": [
						{"origin": [-1.41624, 12.71585, 2.963], "size": [0, 2, 2], "inflate": 0.01, "uv": [0, 49], "mirror": true}
					]
				},
				{
					"name": "leg_left",
					"parent": "body",
					"pivot": [1.3, 4, -1.9],
					"rotation": [0, -7.5, 0],
					"cubes": [
						{"origin": [0.3, 2.6, -2.4], "size": [2, 2, 2], "pivot": [2, 3.1, -2], "rotation": [25, 0, 0], "uv": [35, 35]}
					]
				},
				{
					"name": "leg_left2",
					"parent": "leg_left",
					"pivot": [1.3, 3.1, -0.3],
					"cubes": [
						{"origin": [0.8, 0.80672, -0.66752], "size": [1, 3, 1], "pivot": [1.3, 3.80672, -1.66752], "rotation": [-10, 0, 0], "uv": [14, 46]}
					]
				},
				{
					"name": "foot_left",
					"parent": "leg_left2",
					"pivot": [1.3, 1, -1.1],
					"cubes": [
						{"origin": [0.3, 0, -2.7], "size": [2, 1, 2], "uv": [36, 40]}
					]
				},
				{
					"name": "toes_left",
					"parent": "foot_left",
					"pivot": [1.3, 1, -2.5],
					"cubes": [
						{"origin": [0.8, 0, -3.7], "size": [1, 1, 1], "inflate": 0.01, "pivot": [1.3, 1, -3.2], "rotation": [0, 45, 0], "uv": [29, 37]},
						{"origin": [-0.5, 0, -3], "size": [1, 1, 1], "inflate": 0.01, "uv": [5, 51]},
						{"origin": [2.1, 0, -3], "size": [1, 1, 1], "inflate": 0.01, "uv": [50, 47]}
					]
				},
				{
					"name": "leg_right",
					"parent": "body",
					"pivot": [-1.3, 4, -1.9],
					"rotation": [0, 7.5, 0],
					"cubes": [
						{"origin": [-2.3, 2.6, -2.4], "size": [2, 2, 2], "pivot": [-2, 3.1, -2], "rotation": [25, 0, 0], "uv": [20, 37]}
					]
				},
				{
					"name": "leg_right2",
					"parent": "leg_right",
					"pivot": [-1.3, 3.1, -0.3],
					"cubes": [
						{"origin": [-1.8, 0.80672, -0.66752], "size": [1, 3, 1], "pivot": [-1.3, 3.80672, -1.66752], "rotation": [-10, 0, 0], "uv": [46, 30]}
					]
				},
				{
					"name": "foot_right",
					"parent": "leg_right2",
					"pivot": [-1.3, 1, -1.1],
					"cubes": [
						{"origin": [-2.3, 0, -2.7], "size": [2, 1, 2], "uv": [11, 42]}
					]
				},
				{
					"name": "toes_right",
					"parent": "foot_right",
					"pivot": [-1.3, 1, -2.5],
					"cubes": [
						{"origin": [-1.8, 0, -3.7], "size": [1, 1, 1], "inflate": 0.01, "pivot": [-1.3, 1, -3.2], "rotation": [0, -45, 0], "uv": [10, 51]},
						{"origin": [-3.1, 0, -3], "size": [1, 1, 1], "inflate": 0.01, "uv": [20, 51]},
						{"origin": [-0.5, 0, -3], "size": [1, 1, 1], "inflate": 0.01, "uv": [5, 51], "mirror": true}
					]
				}
			]
		}
	]
}